2026-02-17 20:53:51 |INFO  |=== Arbitrum Connectivity Test ===
2026-02-17 20:53:51 |INFO  |Connecting to RPC: https://arb1.arbitrum.io/rpc
2026-02-17 20:53:51 |INFO  |Fetching reserves for Pool: 0x905dfcd5649217c42684f23958568e533c711aa3
2026-02-17 20:53:52 |INFO  |✅ Connection Verified (Latency: 1.214287083s)
2026-02-17 20:53:52 |INFO  |Pool Reserves: V2(UniswapV2Pair { address: Address(0x905dfcd5649217c42684f23958568e533c711aa3), token0: Token { address: Address(0x82af49447d8a07e3bd95bd0d56f35241523fbab1), decimals: 18, symbol: "WETH" }, token1: Token { address: Address(0xff970a61a04b1ca14834a43f5de4533ebddb5cc8), decimals: 6, symbol: "USDC" }, reserve0: 148270393469902938519, reserve1: 296026601191, fee_bps: 30 })
2026-02-17 20:53:52 |INFO  |If you see non-zero reserves above, your L2 connection works.
2026-02-17 21:47:19 |INFO  |=== Configuring Bot for Arbitrum Mainnet (Dry Run) ===
2026-02-17 21:47:19 |INFO  |Metrics server starting on http://localhost:3030/metrics
2026-02-17 21:47:19 |INFO  |Initializing ArbBot...
2026-02-17 21:47:19 |WARN  |PRODUCTION MODE ENABLED - REAL MONEY TRADING
2026-02-17 21:47:19 |INFO  |BINANCE_API_KEY
2026-02-17 21:47:19 |INFO  |BINANCE_SECRET
2026-02-17 21:47:22 |ERROR |EXCHANGE API ERROR [401 Unauthorized]: {"code":-2015,"msg":"Invalid API-key, IP, or permissions for action."}
2026-02-17 21:47:22 |ERROR |Bot initialization failed: Serialization error: Exchange Error: 401 Unauthorized, Body: {"code":-2015,"msg":"Invalid API-key, IP, or permissions for action."}
2026-02-17 21:53:51 |INFO  |=== Configuring Bot for Arbitrum Mainnet (Dry Run) ===
2026-02-17 21:53:51 |INFO  |Metrics server starting on http://localhost:3030/metrics
2026-02-17 21:53:51 |INFO  |Initializing ArbBot...
2026-02-17 21:53:51 |WARN  |PRODUCTION MODE ENABLED - REAL MONEY TRADING
2026-02-17 21:53:51 |INFO  |BINANCE_API_KEY
2026-02-17 21:53:51 |INFO  |BINANCE_SECRET
2026-02-17 21:53:58 |INFO  |Bot initialized in DRY RUN mode.
2026-02-17 21:53:58 |INFO  |DRY RUN MODE ENABLED - No trades will be executed
2026-02-17 21:53:58 |INFO  |Bot starting...
2026-02-17 21:53:58 |ERROR |Failed to send Telegram alert: error sending request for url (http://localhost:3000/sendMessage): error trying to connect: tcp connect error: Connection refused (os error 61)
2026-02-17 21:54:10 |ERROR |Failed to poll Telegram updates: error sending request for url (http://localhost:3000/getUpdates?limit=5&offset=-1): error trying to connect: tcp connect error: Connection refused (os error 61)
2026-02-17 21:54:56 |INFO  |=== Configuring Bot for Arbitrum Mainnet (Dry Run) ===
2026-02-17 21:54:56 |INFO  |Metrics server starting on http://localhost:3030/metrics
2026-02-17 21:54:56 |INFO  |Initializing ArbBot...
2026-02-17 21:54:56 |WARN  |PRODUCTION MODE ENABLED - REAL MONEY TRADING
2026-02-17 21:54:56 |INFO  |BINANCE_API_KEY
2026-02-17 21:54:56 |INFO  |BINANCE_SECRET
2026-02-17 21:55:21 |INFO  |Bot initialized in DRY RUN mode.
2026-02-17 21:55:21 |INFO  |DRY RUN MODE ENABLED - No trades will be executed
2026-02-17 21:55:21 |INFO  |Bot starting...
2026-02-17 21:55:57 |ERROR |ERROR | ctx=KILL_SWITCH_TRIGGERED | msg=Remote Stop Command Received
2026-02-17 21:55:57 |WARN  |CRITICAL: Auto kill switch triggered: Remote Stop Command Received
2026-02-17 21:56:28 |INFO  |=== Configuring Bot for Arbitrum Mainnet (Dry Run) ===
2026-02-17 21:56:28 |INFO  |Metrics server starting on http://localhost:3030/metrics
2026-02-17 21:56:28 |INFO  |Initializing ArbBot...
2026-02-17 21:56:28 |WARN  |PRODUCTION MODE ENABLED - REAL MONEY TRADING
2026-02-17 21:56:28 |INFO  |BINANCE_API_KEY
2026-02-17 21:56:28 |INFO  |BINANCE_SECRET
2026-02-17 21:56:31 |INFO  |Bot initialized in DRY RUN mode.
2026-02-17 21:56:31 |INFO  |DRY RUN MODE ENABLED - No trades will be executed
2026-02-17 21:56:31 |INFO  |Bot starting...
2026-02-17 21:56:44 |ERROR |ERROR | ctx=KILL_SWITCH_TRIGGERED | msg=Remote Stop Command Received
2026-02-17 21:56:44 |WARN  |CRITICAL: Auto kill switch triggered: Remote Stop Command Received
2026-02-17 21:56:54 |INFO  |=== Configuring Bot for Arbitrum Mainnet (Dry Run) ===
2026-02-17 21:56:54 |INFO  |Metrics server starting on http://localhost:3030/metrics
2026-02-17 21:56:54 |INFO  |Initializing ArbBot...
2026-02-17 21:56:54 |WARN  |PRODUCTION MODE ENABLED - REAL MONEY TRADING
2026-02-17 21:56:54 |INFO  |BINANCE_API_KEY
2026-02-17 21:56:54 |INFO  |BINANCE_SECRET
2026-02-17 21:56:58 |INFO  |Bot initialized in DRY RUN mode.
2026-02-17 21:56:58 |INFO  |DRY RUN MODE ENABLED - No trades will be executed
2026-02-17 21:56:58 |INFO  |Bot starting...
2026-02-17 21:57:08 |ERROR |ERROR | ctx=KILL_SWITCH_TRIGGERED | msg=Remote Stop Command Received
2026-02-17 21:57:08 |WARN  |CRITICAL: Auto kill switch triggered: Remote Stop Command Received
2026-02-17 21:57:55 |INFO  |=== Configuring Bot for Arbitrum Mainnet (Dry Run) ===
2026-02-17 21:57:55 |INFO  |Metrics server starting on http://localhost:3030/metrics
2026-02-17 21:57:55 |INFO  |Initializing ArbBot...
2026-02-17 21:57:55 |WARN  |PRODUCTION MODE ENABLED - REAL MONEY TRADING
2026-02-17 21:57:55 |INFO  |BINANCE_API_KEY
2026-02-17 21:57:55 |INFO  |BINANCE_SECRET
2026-02-17 21:57:58 |INFO  |Bot initialized in DRY RUN mode.
2026-02-17 21:57:58 |INFO  |DRY RUN MODE ENABLED - No trades will be executed
2026-02-17 21:57:58 |INFO  |Bot starting...
2026-02-17 21:58:09 |ERROR |ERROR | ctx=KILL_SWITCH_TRIGGERED | msg=Remote Stop Command Received
2026-02-17 21:58:09 |WARN  |CRITICAL: Auto kill switch triggered: Remote Stop Command Received
2026-02-17 21:59:16 |INFO  |=== Configuring Bot for Arbitrum Mainnet (Dry Run) ===
2026-02-17 21:59:16 |INFO  |Metrics server starting on http://localhost:3030/metrics
2026-02-17 21:59:16 |INFO  |Initializing ArbBot...
2026-02-17 21:59:16 |WARN  |PRODUCTION MODE ENABLED - REAL MONEY TRADING
2026-02-17 21:59:16 |INFO  |BINANCE_API_KEY
2026-02-17 21:59:16 |INFO  |BINANCE_SECRET
2026-02-17 21:59:20 |INFO  |Bot initialized in DRY RUN mode.
2026-02-17 21:59:20 |INFO  |DRY RUN MODE ENABLED - No trades will be executed
2026-02-17 21:59:20 |INFO  |Bot starting...
2026-02-17 21:59:33 |ERROR |ERROR | ctx=KILL_SWITCH_TRIGGERED | msg=Remote Stop Command Received
2026-02-17 21:59:33 |WARN  |CRITICAL: Auto kill switch triggered: Remote Stop Command Received
2026-02-17 22:00:00 |INFO  |=== Configuring Bot for Arbitrum Mainnet (Dry Run) ===
2026-02-17 22:00:00 |INFO  |Metrics server starting on http://localhost:3030/metrics
2026-02-17 22:00:00 |INFO  |Initializing ArbBot...
2026-02-17 22:00:00 |WARN  |PRODUCTION MODE ENABLED - REAL MONEY TRADING
2026-02-17 22:00:00 |INFO  |BINANCE_API_KEY
2026-02-17 22:00:00 |INFO  |BINANCE_SECRET
2026-02-17 22:00:04 |INFO  |Bot initialized in DRY RUN mode.
2026-02-17 22:00:04 |INFO  |DRY RUN MODE ENABLED - No trades will be executed
2026-02-17 22:00:04 |INFO  |Bot starting...
2026-02-17 22:00:16 |ERROR |ERROR | ctx=KILL_SWITCH_TRIGGERED | msg=Remote Stop Command Received
2026-02-17 22:00:16 |WARN  |CRITICAL: Auto kill switch triggered: Remote Stop Command Received
2026-02-17 22:00:42 |INFO  |=== Configuring Bot for Arbitrum Mainnet (Dry Run) ===
2026-02-17 22:00:42 |INFO  |Metrics server starting on http://localhost:3030/metrics
2026-02-17 22:00:42 |INFO  |Initializing ArbBot...
2026-02-17 22:00:42 |WARN  |PRODUCTION MODE ENABLED - REAL MONEY TRADING
2026-02-17 22:00:42 |INFO  |BINANCE_API_KEY
2026-02-17 22:00:42 |INFO  |BINANCE_SECRET
2026-02-17 22:00:46 |INFO  |Bot initialized in DRY RUN mode.
2026-02-17 22:00:46 |INFO  |DRY RUN MODE ENABLED - No trades will be executed
2026-02-17 22:00:46 |INFO  |Bot starting...
2026-02-17 22:00:56 |ERROR |ERROR | ctx=KILL_SWITCH_TRIGGERED | msg=Remote Stop Command Received
2026-02-17 22:00:56 |WARN  |CRITICAL: Auto kill switch triggered: Remote Stop Command Received
2026-02-17 22:21:03 |INFO  |=== Configuring Bot for Arbitrum Mainnet (Dry Run) ===
2026-02-17 22:21:03 |INFO  |Metrics server starting on http://localhost:3030/metrics
2026-02-17 22:21:03 |INFO  |Initializing ArbBot...
2026-02-17 22:21:03 |WARN  |PRODUCTION MODE ENABLED - REAL MONEY TRADING
2026-02-17 22:21:03 |INFO  |BINANCE_API_KEY
2026-02-17 22:21:03 |INFO  |BINANCE_SECRET
2026-02-17 22:21:06 |INFO  |Bot initialized in DRY RUN mode.
2026-02-17 22:21:06 |INFO  |DRY RUN MODE ENABLED - No trades will be executed
2026-02-17 22:21:06 |INFO  |Bot starting...
2026-02-17 22:21:17 |ERROR |Failed to poll Telegram updates: error sending request for url (http://localhost:3000/getUpdates?limit=5&offset=-1): error trying to connect: tcp connect error: Connection refused (os error 61)
2026-02-17 22:21:30 |ERROR |Failed to poll Telegram updates: error sending request for url (http://localhost:3000/getUpdates?limit=5&offset=-1): error trying to connect: tcp connect error: Connection refused (os error 61)
2026-02-17 22:21:44 |INFO  |=== Configuring Bot for Arbitrum Mainnet (Dry Run) ===
2026-02-17 22:21:44 |INFO  |Metrics server starting on http://localhost:3030/metrics
2026-02-17 22:21:44 |INFO  |Initializing ArbBot...
2026-02-17 22:21:44 |WARN  |PRODUCTION MODE ENABLED - REAL MONEY TRADING
2026-02-17 22:21:44 |INFO  |BINANCE_API_KEY
2026-02-17 22:21:44 |INFO  |BINANCE_SECRET
2026-02-17 22:21:49 |INFO  |Bot initialized in DRY RUN mode.
2026-02-17 22:21:49 |INFO  |DRY RUN MODE ENABLED - No trades will be executed
2026-02-17 22:21:49 |INFO  |Bot starting...
2026-02-17 22:22:50 |INFO  |HEALTH | uptime=62s | last_trade=Nones | cb_open=false | pnl=$0.00 | limit_reached=false
2026-02-17 22:23:50 |INFO  |HEALTH | uptime=122s | last_trade=Nones | cb_open=false | pnl=$0.00 | limit_reached=false
2026-02-17 22:04:51 |INFO  |HEALTH | uptime=184s | last_trade=Nones | cb_open=false | pnl=$0.00 | limit_reached=false
2026-02-17 22:05:27 |INFO  |=== Configuring Bot for Arbitrum Mainnet (Dry Run) ===
2026-02-17 22:05:27 |INFO  |Metrics server starting on http://localhost:3030/metrics
2026-02-17 22:05:27 |INFO  |Initializing ArbBot...
2026-02-17 22:05:27 |WARN  |PRODUCTION MODE ENABLED - REAL MONEY TRADING
2026-02-17 22:05:27 |INFO  |BINANCE_API_KEY
2026-02-17 22:05:27 |INFO  |BINANCE_SECRET
2026-02-17 22:05:31 |INFO  |Bot initialized in DRY RUN mode.
2026-02-17 22:05:31 |INFO  |DRY RUN MODE ENABLED - No trades will be executed
2026-02-17 22:05:31 |INFO  |Bot starting...
2026-02-17 22:06:59 |INFO  |=== Configuring Bot for Arbitrum Mainnet (Dry Run) ===
2026-02-17 22:06:59 |INFO  |Metrics server starting on http://localhost:3030/metrics
2026-02-17 22:06:59 |INFO  |Initializing ArbBot...
2026-02-17 22:06:59 |WARN  |PRODUCTION MODE ENABLED - REAL MONEY TRADING
2026-02-17 22:06:59 |INFO  |BINANCE_API_KEY
2026-02-17 22:06:59 |INFO  |BINANCE_SECRET
2026-02-17 22:07:03 |INFO  |Bot initialized in DRY RUN mode.
2026-02-17 22:07:03 |INFO  |DRY RUN MODE ENABLED - No trades will be executed
2026-02-17 22:07:03 |INFO  |Bot starting...
2026-02-17 22:07:44 |INFO  |=== Configuring Bot for Arbitrum Mainnet (Dry Run) ===
2026-02-17 22:07:44 |INFO  |Metrics server starting on http://localhost:3030/metrics
2026-02-17 22:07:44 |INFO  |Initializing ArbBot...
2026-02-17 22:07:44 |WARN  |PRODUCTION MODE ENABLED - REAL MONEY TRADING
2026-02-17 22:07:44 |INFO  |BINANCE_API_KEY
2026-02-17 22:07:44 |INFO  |BINANCE_SECRET
2026-02-17 22:07:49 |INFO  |Bot initialized in DRY RUN mode.
2026-02-17 22:07:49 |INFO  |DRY RUN MODE ENABLED - No trades will be executed
2026-02-17 22:07:49 |INFO  |Bot starting...
2026-02-17 22:07:51 |WARN  |RISK BLOCKED: WETH/USDC | Trade $99.70 exceeds max $5.00
2026-02-17 22:07:53 |WARN  |RISK BLOCKED: WETH/USDC | Trade $99.70 exceeds max $5.00
2026-02-17 22:07:56 |WARN  |RISK BLOCKED: WETH/USDC | Trade $99.70 exceeds max $5.00
2026-02-17 22:15:48 |INFO  |=== Configuring Bot for Arbitrum Mainnet (Dry Run) ===
2026-02-17 22:15:48 |INFO  |Metrics server starting on http://localhost:3030/metrics
2026-02-17 22:15:48 |INFO  |Initializing ArbBot...
2026-02-17 22:15:48 |WARN  |PRODUCTION MODE ENABLED - REAL MONEY TRADING
2026-02-17 22:15:48 |INFO  |BINANCE_API_KEY
2026-02-17 22:15:48 |INFO  |BINANCE_SECRET
2026-02-17 22:15:51 |INFO  |Bot initialized in DRY RUN mode.
2026-02-17 22:15:51 |INFO  |DRY RUN MODE ENABLED - No trades will be executed
2026-02-17 22:15:51 |INFO  |Bot starting...
2026-02-17 22:17:05 |INFO  |=== Configuring Bot for Arbitrum Mainnet (Dry Run) ===
2026-02-17 22:17:05 |INFO  |Metrics server starting on http://localhost:3030/metrics
2026-02-17 22:17:05 |INFO  |Initializing ArbBot...
2026-02-17 22:17:05 |WARN  |PRODUCTION MODE ENABLED - REAL MONEY TRADING
2026-02-17 22:17:05 |INFO  |BINANCE_API_KEY
2026-02-17 22:17:05 |INFO  |BINANCE_SECRET
2026-02-17 22:17:08 |INFO  |Bot initialized in DRY RUN mode.
2026-02-17 22:17:08 |INFO  |DRY RUN MODE ENABLED - No trades will be executed
2026-02-17 22:17:08 |INFO  |Bot starting...
2026-02-17 22:18:24 |INFO  |=== Configuring Bot for Arbitrum Mainnet (Dry Run) ===
2026-02-17 22:18:24 |INFO  |Metrics server starting on http://localhost:3030/metrics
2026-02-17 22:18:24 |INFO  |Initializing ArbBot...
2026-02-17 22:18:24 |WARN  |PRODUCTION MODE ENABLED - REAL MONEY TRADING
2026-02-17 22:18:24 |INFO  |BINANCE_API_KEY
2026-02-17 22:18:24 |INFO  |BINANCE_SECRET
2026-02-17 22:18:27 |INFO  |Bot initialized in DRY RUN mode.
2026-02-17 22:18:27 |INFO  |DRY RUN MODE ENABLED - No trades will be executed
2026-02-17 22:18:27 |INFO  |Bot starting...
2026-02-17 22:23:26 |INFO  |=== Configuring Bot for Arbitrum Mainnet (Dry Run) ===
2026-02-17 22:23:26 |INFO  |Metrics server starting on http://localhost:3030/metrics
2026-02-17 22:23:26 |INFO  |Initializing ArbBot...
2026-02-17 22:23:26 |WARN  |PRODUCTION MODE ENABLED - REAL MONEY TRADING
2026-02-17 22:23:26 |INFO  |BINANCE_API_KEY
2026-02-17 22:23:26 |INFO  |BINANCE_SECRET
2026-02-17 22:23:32 |INFO  |Bot initialized in DRY RUN mode.
2026-02-17 22:23:32 |INFO  |DRY RUN MODE ENABLED - No trades will be executed
2026-02-17 22:23:32 |INFO  |Bot starting...
2026-02-17 22:24:33 |INFO  |HEALTH | uptime=62s | last_trade=Nones | cb_open=false | pnl=$0.00 | limit_reached=false
2026-02-17 22:25:31 |INFO  |=== Configuring Bot for Arbitrum Mainnet (Dry Run) ===
2026-02-17 22:25:31 |INFO  |Metrics server starting on http://localhost:3030/metrics
2026-02-17 22:25:31 |INFO  |Initializing ArbBot...
2026-02-17 22:25:31 |WARN  |PRODUCTION MODE ENABLED - REAL MONEY TRADING
2026-02-17 22:25:31 |INFO  |BINANCE_API_KEY
2026-02-17 22:25:31 |INFO  |BINANCE_SECRET
2026-02-17 22:25:35 |INFO  |Bot initialized in DRY RUN mode.
2026-02-17 22:25:35 |INFO  |DRY RUN MODE ENABLED - No trades will be executed
2026-02-17 22:25:35 |INFO  |Bot starting...
2026-02-17 22:26:31 |INFO  |=== Configuring Bot for Arbitrum Mainnet (Dry Run) ===
2026-02-17 22:26:31 |INFO  |Metrics server starting on http://localhost:3030/metrics
2026-02-17 22:26:31 |INFO  |Initializing ArbBot...
2026-02-17 22:26:31 |WARN  |PRODUCTION MODE ENABLED - REAL MONEY TRADING
2026-02-17 22:26:31 |INFO  |BINANCE_API_KEY
2026-02-17 22:26:31 |INFO  |BINANCE_SECRET
2026-02-17 22:26:35 |INFO  |Bot initialized in DRY RUN mode.
2026-02-17 22:26:35 |INFO  |DRY RUN MODE ENABLED - No trades will be executed
2026-02-17 22:26:35 |INFO  |Bot starting...
2026-02-17 22:26:35 |INFO  |...Telegram Message Sent!
2026-02-17 22:26:59 |INFO  |=== Configuring Bot for Arbitrum Mainnet (Dry Run) ===
2026-02-17 22:26:59 |INFO  |Metrics server starting on http://localhost:3030/metrics
2026-02-17 22:26:59 |INFO  |Initializing ArbBot...
2026-02-17 22:26:59 |WARN  |PRODUCTION MODE ENABLED - REAL MONEY TRADING
2026-02-17 22:26:59 |INFO  |BINANCE_API_KEY
2026-02-17 22:26:59 |INFO  |BINANCE_SECRET
2026-02-17 22:27:04 |INFO  |Bot initialized in DRY RUN mode.
2026-02-17 22:27:04 |INFO  |DRY RUN MODE ENABLED - No trades will be executed
2026-02-17 22:27:04 |INFO  |Bot starting...
2026-02-17 22:27:04 |INFO  |here1
2026-02-17 22:27:07 |INFO  |here1
2026-02-17 22:27:34 |INFO  |=== Configuring Bot for Arbitrum Mainnet (Dry Run) ===
2026-02-17 22:27:34 |INFO  |Metrics server starting on http://localhost:3030/metrics
2026-02-17 22:27:34 |INFO  |Initializing ArbBot...
2026-02-17 22:27:34 |WARN  |PRODUCTION MODE ENABLED - REAL MONEY TRADING
2026-02-17 22:27:34 |INFO  |BINANCE_API_KEY
2026-02-17 22:27:34 |INFO  |BINANCE_SECRET
2026-02-17 22:27:37 |INFO  |Bot initialized in DRY RUN mode.
2026-02-17 22:27:37 |INFO  |DRY RUN MODE ENABLED - No trades will be executed
2026-02-17 22:27:37 |INFO  |Bot starting...
2026-02-17 22:27:38 |INFO  |here1
2026-02-17 22:27:40 |INFO  |here1
2026-02-17 22:27:43 |INFO  |here1
2026-02-17 22:27:45 |INFO  |here1
2026-02-17 22:27:47 |INFO  |here1
2026-02-17 22:27:50 |INFO  |here1
2026-02-17 22:27:52 |INFO  |here1
2026-02-17 22:28:02 |INFO  |=== Configuring Bot for Arbitrum Mainnet (Dry Run) ===
2026-02-17 22:28:02 |INFO  |Metrics server starting on http://localhost:3030/metrics
2026-02-17 22:28:02 |INFO  |Initializing ArbBot...
2026-02-17 22:28:02 |WARN  |PRODUCTION MODE ENABLED - REAL MONEY TRADING
2026-02-17 22:28:02 |INFO  |BINANCE_API_KEY
2026-02-17 22:28:02 |INFO  |BINANCE_SECRET
2026-02-17 22:28:06 |INFO  |Bot initialized in DRY RUN mode.
2026-02-17 22:28:06 |INFO  |DRY RUN MODE ENABLED - No trades will be executed
2026-02-17 22:28:06 |INFO  |Bot starting...
2026-02-17 22:28:09 |INFO  |here1
2026-02-17 22:28:33 |INFO  |=== Configuring Bot for Arbitrum Mainnet (Dry Run) ===
2026-02-17 22:28:33 |INFO  |Metrics server starting on http://localhost:3030/metrics
2026-02-17 22:28:33 |INFO  |Initializing ArbBot...
2026-02-17 22:28:33 |WARN  |PRODUCTION MODE ENABLED - REAL MONEY TRADING
2026-02-17 22:28:33 |INFO  |BINANCE_API_KEY
2026-02-17 22:28:33 |INFO  |BINANCE_SECRET
2026-02-17 22:28:37 |INFO  |Bot initialized in DRY RUN mode.
2026-02-17 22:28:37 |INFO  |DRY RUN MODE ENABLED - No trades will be executed
2026-02-17 22:28:37 |INFO  |Bot starting...
2026-02-17 22:28:38 |INFO  |Tick: No signals generated (spreads too tight or API error)
2026-02-17 22:28:41 |INFO  |Tick: No signals generated (spreads too tight or API error)
2026-02-17 22:30:10 |INFO  |=== Configuring Bot for Arbitrum Mainnet (Dry Run) ===
2026-02-17 22:30:10 |INFO  |Metrics server starting on http://localhost:3030/metrics
2026-02-17 22:30:10 |INFO  |Initializing ArbBot...
2026-02-17 22:30:10 |WARN  |PRODUCTION MODE ENABLED - REAL MONEY TRADING
2026-02-17 22:30:10 |INFO  |BINANCE_API_KEY
2026-02-17 22:30:10 |INFO  |BINANCE_SECRET
2026-02-17 22:30:14 |INFO  |Bot initialized in DRY RUN mode.
2026-02-17 22:30:14 |INFO  |DRY RUN MODE ENABLED - No trades will be executed
2026-02-17 22:30:14 |INFO  |Bot starting...
2026-02-17 22:30:16 |INFO  |pair:WETH/USDC
2026-02-17 22:30:16 |INFO  |Tick: No signals generated (spreads too tight or API error)
2026-02-17 22:30:18 |INFO  |pair:WETH/USDC
2026-02-17 22:30:18 |INFO  |Tick: No signals generated (spreads too tight or API error)
2026-02-17 22:30:20 |INFO  |pair:WETH/USDC
2026-02-17 22:30:21 |INFO  |Tick: No signals generated (spreads too tight or API error)
2026-02-17 22:32:36 |INFO  |=== Configuring Bot for Arbitrum Mainnet (Dry Run) ===
2026-02-17 22:32:36 |INFO  |Metrics server starting on http://localhost:3030/metrics
2026-02-17 22:32:36 |INFO  |Initializing ArbBot...
2026-02-17 22:32:36 |WARN  |PRODUCTION MODE ENABLED - REAL MONEY TRADING
2026-02-17 22:32:36 |INFO  |BINANCE_API_KEY
2026-02-17 22:32:36 |INFO  |BINANCE_SECRET
2026-02-17 22:32:40 |INFO  |Bot initialized in DRY RUN mode.
2026-02-17 22:32:40 |INFO  |DRY RUN MODE ENABLED - No trades will be executed
2026-02-17 22:32:40 |INFO  |Bot starting...
2026-02-17 22:32:41 |INFO  |pair:WETH/USDC
2026-02-17 22:32:41 |INFO  |Generatiing signal for WETH/USDC...
2026-02-17 22:32:42 |INFO  |WETH/USDC Prices | CEX: 1991.86 | DEX: 2001.153970828244
2026-02-17 22:32:42 |INFO  |📊 WETH/USDC Spreads | BuyCex->SellDex: -13.80 bps | BuyDex->SellCex: -46.49 bps | Min Required: 10.00
2026-02-17 22:32:42 |INFO  |❌ WETH/USDC ignored: Spread too low.
2026-02-17 22:32:42 |INFO  |Tick: No signals generated (spreads too tight or API error)
2026-02-17 22:32:44 |INFO  |pair:WETH/USDC
2026-02-17 22:32:44 |INFO  |Generatiing signal for WETH/USDC...
2026-02-17 22:32:44 |INFO  |WETH/USDC Prices | CEX: 1991.86 | DEX: 2001.153970828244
2026-02-17 22:32:44 |INFO  |📊 WETH/USDC Spreads | BuyCex->SellDex: -13.80 bps | BuyDex->SellCex: -46.49 bps | Min Required: 10.00
2026-02-17 22:32:44 |INFO  |❌ WETH/USDC ignored: Spread too low.
2026-02-17 22:32:44 |INFO  |Tick: No signals generated (spreads too tight or API error)
2026-02-17 22:36:13 |INFO  |=== Configuring Bot for Arbitrum Mainnet (Dry Run) ===
2026-02-17 22:36:13 |INFO  |Metrics server starting on http://localhost:3030/metrics
2026-02-17 22:36:13 |INFO  |Initializing ArbBot...
2026-02-17 22:36:13 |WARN  |PRODUCTION MODE ENABLED - REAL MONEY TRADING
2026-02-17 22:36:13 |INFO  |BINANCE_API_KEY
2026-02-17 22:36:13 |INFO  |BINANCE_SECRET
2026-02-17 22:36:17 |INFO  |Bot initialized in DRY RUN mode.
2026-02-17 22:36:17 |INFO  |DRY RUN MODE ENABLED - No trades will be executed
2026-02-17 22:36:17 |INFO  |Bot starting...
2026-02-17 22:36:18 |INFO  |pair:WETH/USDC
2026-02-17 22:36:18 |INFO  |Generatiing signal for WETH/USDC...
2026-02-17 22:36:19 |INFO  |WETH/USDC Prices | CEX: 1994.09 | DEX: 2001.1540008977959
2026-02-17 22:36:19 |INFO  |📊 WETH/USDC Spreads | BuyCex->SellDex: -24.97 bps | BuyDex->SellCex: -35.35 bps | Min Required: 10.00
2026-02-17 22:36:19 |INFO  |❌ WETH/USDC ignored: Spread too low.
2026-02-17 22:36:19 |INFO  |Tick: No signals generated (spreads too tight or API error)
2026-02-17 22:36:20 |INFO  |pair:WETH/USDC
2026-02-17 22:36:20 |INFO  |Generatiing signal for WETH/USDC...
2026-02-17 22:36:21 |INFO  |WETH/USDC Prices | CEX: 1994.09 | DEX: 2001.1540008977959
2026-02-17 22:36:21 |INFO  |📊 WETH/USDC Spreads | BuyCex->SellDex: -24.97 bps | BuyDex->SellCex: -35.35 bps | Min Required: 10.00
2026-02-17 22:36:21 |INFO  |❌ WETH/USDC ignored: Spread too low.
2026-02-17 22:36:21 |INFO  |Tick: No signals generated (spreads too tight or API error)
2026-02-17 22:36:23 |INFO  |pair:WETH/USDC
2026-02-17 22:36:23 |INFO  |Generatiing signal for WETH/USDC...
2026-02-17 22:36:23 |INFO  |WETH/USDC Prices | CEX: 1994.09 | DEX: 2001.1540008977959
2026-02-17 22:36:23 |INFO  |📊 WETH/USDC Spreads | BuyCex->SellDex: -24.97 bps | BuyDex->SellCex: -35.35 bps | Min Required: 10.00
2026-02-17 22:36:23 |INFO  |❌ WETH/USDC ignored: Spread too low.
2026-02-17 22:36:23 |INFO  |Tick: No signals generated (spreads too tight or API error)
2026-02-17 22:36:26 |INFO  |pair:WETH/USDC
2026-02-17 22:36:26 |INFO  |Generatiing signal for WETH/USDC...
2026-02-17 22:36:26 |INFO  |WETH/USDC Prices | CEX: 1994.21 | DEX: 2001.1539998190676
2026-02-17 22:36:26 |INFO  |📊 WETH/USDC Spreads | BuyCex->SellDex: -24.57 bps | BuyDex->SellCex: -35.75 bps | Min Required: 10.00
2026-02-17 22:36:26 |INFO  |❌ WETH/USDC ignored: Spread too low.
2026-02-17 22:36:26 |INFO  |Tick: No signals generated (spreads too tight or API error)
2026-02-17 22:36:28 |INFO  |pair:WETH/USDC
2026-02-17 22:36:28 |INFO  |Generatiing signal for WETH/USDC...
2026-02-17 22:36:28 |INFO  |WETH/USDC Prices | CEX: 1994.21 | DEX: 2001.1539998190676
2026-02-17 22:36:28 |INFO  |📊 WETH/USDC Spreads | BuyCex->SellDex: -24.57 bps | BuyDex->SellCex: -35.75 bps | Min Required: 10.00
2026-02-17 22:36:28 |INFO  |❌ WETH/USDC ignored: Spread too low.
2026-02-17 22:36:28 |INFO  |Tick: No signals generated (spreads too tight or API error)
2026-02-17 22:36:30 |INFO  |pair:WETH/USDC
2026-02-17 22:36:30 |INFO  |Generatiing signal for WETH/USDC...
2026-02-17 22:36:30 |INFO  |WETH/USDC Prices | CEX: 1994.21 | DEX: 2001.1539998190676
2026-02-17 22:36:30 |INFO  |📊 WETH/USDC Spreads | BuyCex->SellDex: -24.57 bps | BuyDex->SellCex: -35.75 bps | Min Required: 10.00
2026-02-17 22:36:30 |INFO  |❌ WETH/USDC ignored: Spread too low.
2026-02-17 22:36:30 |INFO  |Tick: No signals generated (spreads too tight or API error)
2026-02-17 22:36:32 |INFO  |pair:WETH/USDC
2026-02-17 22:36:32 |INFO  |Generatiing signal for WETH/USDC...
2026-02-17 22:36:33 |INFO  |WETH/USDC Prices | CEX: 1994.21 | DEX: 2001.1539998190676
2026-02-17 22:36:33 |INFO  |📊 WETH/USDC Spreads | BuyCex->SellDex: -24.57 bps | BuyDex->SellCex: -35.75 bps | Min Required: 10.00
2026-02-17 22:36:33 |INFO  |❌ WETH/USDC ignored: Spread too low.
2026-02-17 22:36:33 |INFO  |Tick: No signals generated (spreads too tight or API error)
2026-02-17 22:36:35 |INFO  |pair:WETH/USDC
2026-02-17 22:36:35 |INFO  |Generatiing signal for WETH/USDC...
2026-02-17 22:36:35 |INFO  |WETH/USDC Prices | CEX: 1994.21 | DEX: 2001.1539998190676
2026-02-17 22:36:35 |INFO  |📊 WETH/USDC Spreads | BuyCex->SellDex: -24.57 bps | BuyDex->SellCex: -35.75 bps | Min Required: 10.00
2026-02-17 22:36:35 |INFO  |❌ WETH/USDC ignored: Spread too low.
2026-02-17 22:36:35 |INFO  |Tick: No signals generated (spreads too tight or API error)
2026-02-17 22:36:37 |INFO  |pair:WETH/USDC
2026-02-17 22:36:37 |INFO  |Generatiing signal for WETH/USDC...
2026-02-17 22:36:37 |INFO  |WETH/USDC Prices | CEX: 1994.24 | DEX: 2001.1540029204114
2026-02-17 22:36:37 |INFO  |📊 WETH/USDC Spreads | BuyCex->SellDex: -25.72 bps | BuyDex->SellCex: -34.60 bps | Min Required: 10.00
2026-02-17 22:36:37 |INFO  |❌ WETH/USDC ignored: Spread too low.
2026-02-17 22:36:37 |INFO  |Tick: No signals generated (spreads too tight or API error)
2026-02-17 22:36:40 |INFO  |pair:WETH/USDC
2026-02-17 22:36:40 |INFO  |Generatiing signal for WETH/USDC...
2026-02-17 22:36:40 |INFO  |WETH/USDC Prices | CEX: 1994.12 | DEX: 2001.1540012955766
2026-02-17 22:36:40 |INFO  |📊 WETH/USDC Spreads | BuyCex->SellDex: -25.12 bps | BuyDex->SellCex: -35.20 bps | Min Required: 10.00
2026-02-17 22:36:40 |INFO  |❌ WETH/USDC ignored: Spread too low.
2026-02-17 22:36:40 |INFO  |Tick: No signals generated (spreads too tight or API error)
2026-02-17 22:36:42 |INFO  |pair:WETH/USDC
2026-02-17 22:36:42 |INFO  |Generatiing signal for WETH/USDC...
2026-02-17 22:36:43 |INFO  |WETH/USDC Prices | CEX: 1994.21 | DEX: 2001.1539998190676
2026-02-17 22:36:43 |INFO  |📊 WETH/USDC Spreads | BuyCex->SellDex: -24.57 bps | BuyDex->SellCex: -35.75 bps | Min Required: 10.00
2026-02-17 22:36:43 |INFO  |❌ WETH/USDC ignored: Spread too low.
2026-02-17 22:36:43 |INFO  |Tick: No signals generated (spreads too tight or API error)
2026-02-17 22:36:45 |INFO  |pair:WETH/USDC
2026-02-17 22:36:45 |INFO  |Generatiing signal for WETH/USDC...
2026-02-17 22:36:45 |INFO  |WETH/USDC Prices | CEX: 1994.21 | DEX: 2001.1539998190676
2026-02-17 22:36:45 |INFO  |📊 WETH/USDC Spreads | BuyCex->SellDex: -24.57 bps | BuyDex->SellCex: -35.75 bps | Min Required: 10.00
2026-02-17 22:36:45 |INFO  |❌ WETH/USDC ignored: Spread too low.
2026-02-17 22:36:45 |INFO  |Tick: No signals generated (spreads too tight or API error)
2026-02-17 22:36:47 |INFO  |pair:WETH/USDC
2026-02-17 22:36:47 |INFO  |Generatiing signal for WETH/USDC...
2026-02-17 22:36:48 |INFO  |WETH/USDC Prices | CEX: 1994.21 | DEX: 2001.1539998190676
2026-02-17 22:36:48 |INFO  |📊 WETH/USDC Spreads | BuyCex->SellDex: -24.57 bps | BuyDex->SellCex: -35.75 bps | Min Required: 10.00
2026-02-17 22:36:48 |INFO  |❌ WETH/USDC ignored: Spread too low.
2026-02-17 22:36:48 |INFO  |Tick: No signals generated (spreads too tight or API error)
2026-02-17 22:36:49 |INFO  |pair:WETH/USDC
2026-02-17 22:36:49 |INFO  |Generatiing signal for WETH/USDC...
2026-02-17 22:36:50 |INFO  |WETH/USDC Prices | CEX: 1994.21 | DEX: 2001.1539998190676
2026-02-17 22:36:50 |INFO  |📊 WETH/USDC Spreads | BuyCex->SellDex: -24.57 bps | BuyDex->SellCex: -35.75 bps | Min Required: 10.00
2026-02-17 22:36:50 |INFO  |❌ WETH/USDC ignored: Spread too low.
2026-02-17 22:36:50 |INFO  |Tick: No signals generated (spreads too tight or API error)
2026-02-17 22:36:52 |INFO  |pair:WETH/USDC
2026-02-17 22:36:52 |INFO  |Generatiing signal for WETH/USDC...
2026-02-17 22:36:53 |INFO  |WETH/USDC Prices | CEX: 1993.77 | DEX: 2001.1539965828827
2026-02-17 22:36:53 |INFO  |📊 WETH/USDC Spreads | BuyCex->SellDex: -23.37 bps | BuyDex->SellCex: -36.95 bps | Min Required: 10.00
2026-02-17 22:36:53 |INFO  |❌ WETH/USDC ignored: Spread too low.
2026-02-17 22:36:53 |INFO  |Tick: No signals generated (spreads too tight or API error)
2026-02-17 22:36:55 |INFO  |pair:WETH/USDC
2026-02-17 22:36:55 |INFO  |Generatiing signal for WETH/USDC...
2026-02-17 22:36:55 |INFO  |WETH/USDC Prices | CEX: 1993.77 | DEX: 2001.1539965828827
2026-02-17 22:36:55 |INFO  |📊 WETH/USDC Spreads | BuyCex->SellDex: -23.37 bps | BuyDex->SellCex: -36.95 bps | Min Required: 10.00
2026-02-17 22:36:55 |INFO  |❌ WETH/USDC ignored: Spread too low.
2026-02-17 22:36:55 |INFO  |Tick: No signals generated (spreads too tight or API error)
2026-02-17 22:36:57 |INFO  |pair:WETH/USDC
2026-02-17 22:36:57 |INFO  |Generatiing signal for WETH/USDC...
2026-02-17 22:36:57 |INFO  |WETH/USDC Prices | CEX: 1994.09 | DEX: 2001.1540008977959
2026-02-17 22:36:57 |INFO  |📊 WETH/USDC Spreads | BuyCex->SellDex: -24.97 bps | BuyDex->SellCex: -35.35 bps | Min Required: 10.00
2026-02-17 22:36:57 |INFO  |❌ WETH/USDC ignored: Spread too low.
2026-02-17 22:36:57 |INFO  |Tick: No signals generated (spreads too tight or API error)
2026-02-17 22:36:59 |INFO  |pair:WETH/USDC
2026-02-17 22:36:59 |INFO  |Generatiing signal for WETH/USDC...
2026-02-17 22:37:00 |INFO  |WETH/USDC Prices | CEX: 1994.16 | DEX: 2001.154001841683
2026-02-17 22:37:00 |INFO  |📊 WETH/USDC Spreads | BuyCex->SellDex: -25.32 bps | BuyDex->SellCex: -35.00 bps | Min Required: 10.00
2026-02-17 22:37:00 |INFO  |❌ WETH/USDC ignored: Spread too low.
2026-02-17 22:37:00 |INFO  |Tick: No signals generated (spreads too tight or API error)
2026-02-17 22:37:02 |INFO  |pair:WETH/USDC
2026-02-17 22:37:02 |INFO  |Generatiing signal for WETH/USDC...
2026-02-17 22:37:02 |INFO  |WETH/USDC Prices | CEX: 1994.16 | DEX: 2001.154001841683
2026-02-17 22:37:02 |INFO  |📊 WETH/USDC Spreads | BuyCex->SellDex: -25.32 bps | BuyDex->SellCex: -35.00 bps | Min Required: 10.00
2026-02-17 22:37:02 |INFO  |❌ WETH/USDC ignored: Spread too low.
2026-02-17 22:37:02 |INFO  |Tick: No signals generated (spreads too tight or API error)
2026-02-17 22:37:05 |INFO  |pair:WETH/USDC
2026-02-17 22:37:05 |INFO  |Generatiing signal for WETH/USDC...
2026-02-17 22:37:06 |INFO  |WETH/USDC Prices | CEX: 1994.24 | DEX: 2001.1540029204114
2026-02-17 22:37:06 |INFO  |📊 WETH/USDC Spreads | BuyCex->SellDex: -25.72 bps | BuyDex->SellCex: -34.60 bps | Min Required: 10.00
2026-02-17 22:37:06 |INFO  |❌ WETH/USDC ignored: Spread too low.
2026-02-17 22:37:06 |INFO  |Tick: No signals generated (spreads too tight or API error)
2026-02-17 22:37:08 |INFO  |pair:WETH/USDC
2026-02-17 22:37:08 |INFO  |Generatiing signal for WETH/USDC...
2026-02-17 22:37:09 |INFO  |WETH/USDC Prices | CEX: 1994.16 | DEX: 2001.154001841683
2026-02-17 22:37:09 |INFO  |📊 WETH/USDC Spreads | BuyCex->SellDex: -25.32 bps | BuyDex->SellCex: -35.00 bps | Min Required: 10.00
2026-02-17 22:37:09 |INFO  |❌ WETH/USDC ignored: Spread too low.
2026-02-17 22:37:09 |INFO  |Tick: No signals generated (spreads too tight or API error)
2026-02-17 22:37:12 |INFO  |pair:WETH/USDC
2026-02-17 22:37:12 |INFO  |Generatiing signal for WETH/USDC...
2026-02-17 22:37:12 |INFO  |WETH/USDC Prices | CEX: 1994.16 | DEX: 2001.154001841683
2026-02-17 22:37:12 |INFO  |📊 WETH/USDC Spreads | BuyCex->SellDex: -25.32 bps | BuyDex->SellCex: -35.00 bps | Min Required: 10.00
2026-02-17 22:37:12 |INFO  |❌ WETH/USDC ignored: Spread too low.
2026-02-17 22:37:12 |INFO  |Tick: No signals generated (spreads too tight or API error)
2026-02-17 22:37:14 |INFO  |pair:WETH/USDC
2026-02-17 22:37:14 |INFO  |Generatiing signal for WETH/USDC...
2026-02-17 22:37:15 |INFO  |WETH/USDC Prices | CEX: 1993.93 | DEX: 2001.1539987403391
2026-02-17 22:37:15 |INFO  |📊 WETH/USDC Spreads | BuyCex->SellDex: -24.17 bps | BuyDex->SellCex: -36.15 bps | Min Required: 10.00
2026-02-17 22:37:15 |INFO  |❌ WETH/USDC ignored: Spread too low.
2026-02-17 22:37:15 |INFO  |Tick: No signals generated (spreads too tight or API error)
2026-02-17 22:37:17 |INFO  |pair:WETH/USDC
2026-02-17 22:37:17 |INFO  |Generatiing signal for WETH/USDC...
2026-02-17 22:37:18 |INFO  |WETH/USDC Prices | CEX: 1994.24 | DEX: 2001.1540029204114
2026-02-17 22:37:18 |INFO  |📊 WETH/USDC Spreads | BuyCex->SellDex: -25.72 bps | BuyDex->SellCex: -34.60 bps | Min Required: 10.00
2026-02-17 22:37:18 |INFO  |❌ WETH/USDC ignored: Spread too low.
2026-02-17 22:37:18 |INFO  |Tick: No signals generated (spreads too tight or API error)
2026-02-17 22:37:19 |INFO  |HEALTH | uptime=62s | last_trade=Nones | cb_open=false | pnl=$0.00 | limit_reached=false
2026-02-17 22:37:20 |INFO  |pair:WETH/USDC
2026-02-17 22:37:20 |INFO  |Generatiing signal for WETH/USDC...
2026-02-17 22:37:20 |INFO  |WETH/USDC Prices | CEX: 1994.13 | DEX: 2001.1540014371606
2026-02-17 22:37:20 |INFO  |📊 WETH/USDC Spreads | BuyCex->SellDex: -25.17 bps | BuyDex->SellCex: -35.15 bps | Min Required: 10.00
2026-02-17 22:37:20 |INFO  |❌ WETH/USDC ignored: Spread too low.
2026-02-17 22:37:20 |INFO  |Tick: No signals generated (spreads too tight or API error)
2026-02-17 22:37:22 |INFO  |pair:WETH/USDC
2026-02-17 22:37:22 |INFO  |Generatiing signal for WETH/USDC...
2026-02-17 22:37:23 |INFO  |WETH/USDC Prices | CEX: 1993.93 | DEX: 2001.1539987403391
2026-02-17 22:37:23 |INFO  |📊 WETH/USDC Spreads | BuyCex->SellDex: -24.17 bps | BuyDex->SellCex: -36.15 bps | Min Required: 10.00
2026-02-17 22:37:23 |INFO  |❌ WETH/USDC ignored: Spread too low.
2026-02-17 22:37:23 |INFO  |Tick: No signals generated (spreads too tight or API error)
2026-02-17 22:37:25 |INFO  |pair:WETH/USDC
2026-02-17 22:37:25 |INFO  |Generatiing signal for WETH/USDC...
2026-02-17 22:37:25 |INFO  |WETH/USDC Prices | CEX: 1993.45 | DEX: 2001.1539922679697
2026-02-17 22:37:25 |INFO  |📊 WETH/USDC Spreads | BuyCex->SellDex: -21.76 bps | BuyDex->SellCex: -38.55 bps | Min Required: 10.00
2026-02-17 22:37:25 |INFO  |❌ WETH/USDC ignored: Spread too low.
2026-02-17 22:37:25 |INFO  |Tick: No signals generated (spreads too tight or API error)
2026-02-17 22:37:27 |INFO  |pair:WETH/USDC
2026-02-17 22:37:27 |INFO  |Generatiing signal for WETH/USDC...
2026-02-17 22:37:28 |INFO  |WETH/USDC Prices | CEX: 1993.45 | DEX: 2001.1539922679697
2026-02-17 22:37:28 |INFO  |📊 WETH/USDC Spreads | BuyCex->SellDex: -21.76 bps | BuyDex->SellCex: -38.55 bps | Min Required: 10.00
2026-02-17 22:37:28 |INFO  |❌ WETH/USDC ignored: Spread too low.
2026-02-17 22:37:28 |INFO  |Tick: No signals generated (spreads too tight or API error)
2026-02-17 22:37:30 |INFO  |pair:WETH/USDC
2026-02-17 22:37:30 |INFO  |Generatiing signal for WETH/USDC...
2026-02-17 22:37:31 |INFO  |WETH/USDC Prices | CEX: 1993.45 | DEX: 2001.1539922679697
2026-02-17 22:37:31 |INFO  |📊 WETH/USDC Spreads | BuyCex->SellDex: -21.76 bps | BuyDex->SellCex: -38.55 bps | Min Required: 10.00
2026-02-17 22:37:31 |INFO  |❌ WETH/USDC ignored: Spread too low.
2026-02-17 22:37:31 |INFO  |Tick: No signals generated (spreads too tight or API error)
2026-02-17 22:37:33 |INFO  |pair:WETH/USDC
2026-02-17 22:37:33 |INFO  |Generatiing signal for WETH/USDC...
2026-02-17 22:37:33 |INFO  |WETH/USDC Prices | CEX: 1993.05 | DEX: 2001.1539868743278
2026-02-17 22:37:33 |INFO  |📊 WETH/USDC Spreads | BuyCex->SellDex: -19.76 bps | BuyDex->SellCex: -40.55 bps | Min Required: 10.00
2026-02-17 22:37:33 |INFO  |❌ WETH/USDC ignored: Spread too low.
2026-02-17 22:37:33 |INFO  |Tick: No signals generated (spreads too tight or API error)
2026-02-17 22:37:35 |INFO  |pair:WETH/USDC
2026-02-17 22:37:35 |INFO  |Generatiing signal for WETH/USDC...
2026-02-17 22:37:36 |INFO  |WETH/USDC Prices | CEX: 1993.05 | DEX: 2001.1539868743278
2026-02-17 22:37:36 |INFO  |📊 WETH/USDC Spreads | BuyCex->SellDex: -19.76 bps | BuyDex->SellCex: -40.55 bps | Min Required: 10.00
2026-02-17 22:37:36 |INFO  |❌ WETH/USDC ignored: Spread too low.
2026-02-17 22:37:36 |INFO  |Tick: No signals generated (spreads too tight or API error)
2026-02-17 22:37:38 |INFO  |pair:WETH/USDC
2026-02-17 22:37:38 |INFO  |Generatiing signal for WETH/USDC...
2026-02-17 22:37:38 |INFO  |WETH/USDC Prices | CEX: 1993.05 | DEX: 2001.1539868743278
2026-02-17 22:37:38 |INFO  |📊 WETH/USDC Spreads | BuyCex->SellDex: -19.76 bps | BuyDex->SellCex: -40.55 bps | Min Required: 10.00
2026-02-17 22:37:38 |INFO  |❌ WETH/USDC ignored: Spread too low.
2026-02-17 22:37:38 |INFO  |Tick: No signals generated (spreads too tight or API error)
2026-02-17 22:37:40 |INFO  |pair:WETH/USDC
2026-02-17 22:37:40 |INFO  |Generatiing signal for WETH/USDC...
2026-02-17 22:37:40 |INFO  |WETH/USDC Prices | CEX: 1993.05 | DEX: 2001.1539868743278
2026-02-17 22:37:40 |INFO  |📊 WETH/USDC Spreads | BuyCex->SellDex: -19.76 bps | BuyDex->SellCex: -40.55 bps | Min Required: 10.00
2026-02-17 22:37:40 |INFO  |❌ WETH/USDC ignored: Spread too low.
2026-02-17 22:37:40 |INFO  |Tick: No signals generated (spreads too tight or API error)
2026-02-17 22:37:42 |INFO  |pair:WETH/USDC
2026-02-17 22:37:42 |INFO  |Generatiing signal for WETH/USDC...
2026-02-17 22:37:43 |INFO  |WETH/USDC Prices | CEX: 1993.05 | DEX: 2001.1539868743278
2026-02-17 22:37:43 |INFO  |📊 WETH/USDC Spreads | BuyCex->SellDex: -19.76 bps | BuyDex->SellCex: -40.55 bps | Min Required: 10.00
2026-02-17 22:37:43 |INFO  |❌ WETH/USDC ignored: Spread too low.
2026-02-17 22:37:43 |INFO  |Tick: No signals generated (spreads too tight or API error)
2026-02-17 22:37:45 |INFO  |pair:WETH/USDC
2026-02-17 22:37:45 |INFO  |Generatiing signal for WETH/USDC...
2026-02-17 22:37:45 |INFO  |WETH/USDC Prices | CEX: 1993.05 | DEX: 2001.1539868743278
2026-02-17 22:37:45 |INFO  |📊 WETH/USDC Spreads | BuyCex->SellDex: -19.76 bps | BuyDex->SellCex: -40.55 bps | Min Required: 10.00
2026-02-17 22:37:45 |INFO  |❌ WETH/USDC ignored: Spread too low.
2026-02-17 22:37:45 |INFO  |Tick: No signals generated (spreads too tight or API error)
2026-02-17 22:37:47 |INFO  |pair:WETH/USDC
2026-02-17 22:37:47 |INFO  |Generatiing signal for WETH/USDC...
2026-02-17 22:37:48 |INFO  |WETH/USDC Prices | CEX: 1993.05 | DEX: 2001.1539868743278
2026-02-17 22:37:48 |INFO  |📊 WETH/USDC Spreads | BuyCex->SellDex: -19.76 bps | BuyDex->SellCex: -40.55 bps | Min Required: 10.00
2026-02-17 22:37:48 |INFO  |❌ WETH/USDC ignored: Spread too low.
2026-02-17 22:37:48 |INFO  |Tick: No signals generated (spreads too tight or API error)
2026-02-17 22:37:50 |INFO  |pair:WETH/USDC
2026-02-17 22:37:50 |INFO  |Generatiing signal for WETH/USDC...
2026-02-17 22:37:50 |INFO  |WETH/USDC Prices | CEX: 1993.05 | DEX: 2001.1539868743278
2026-02-17 22:37:50 |INFO  |📊 WETH/USDC Spreads | BuyCex->SellDex: -19.76 bps | BuyDex->SellCex: -40.55 bps | Min Required: 10.00
2026-02-17 22:37:50 |INFO  |❌ WETH/USDC ignored: Spread too low.
2026-02-17 22:37:50 |INFO  |Tick: No signals generated (spreads too tight or API error)
2026-02-17 22:37:52 |INFO  |pair:WETH/USDC
2026-02-17 22:37:52 |INFO  |Generatiing signal for WETH/USDC...
2026-02-17 22:37:53 |INFO  |WETH/USDC Prices | CEX: 1993.05 | DEX: 2001.1539868743278
2026-02-17 22:37:53 |INFO  |📊 WETH/USDC Spreads | BuyCex->SellDex: -19.76 bps | BuyDex->SellCex: -40.55 bps | Min Required: 10.00
2026-02-17 22:37:53 |INFO  |❌ WETH/USDC ignored: Spread too low.
2026-02-17 22:37:53 |INFO  |Tick: No signals generated (spreads too tight or API error)
2026-02-17 22:37:55 |INFO  |pair:WETH/USDC
2026-02-17 22:37:55 |INFO  |Generatiing signal for WETH/USDC...
2026-02-17 22:37:55 |INFO  |WETH/USDC Prices | CEX: 1993.05 | DEX: 2001.1539868743278
2026-02-17 22:37:55 |INFO  |📊 WETH/USDC Spreads | BuyCex->SellDex: -19.76 bps | BuyDex->SellCex: -40.55 bps | Min Required: 10.00
2026-02-17 22:37:55 |INFO  |❌ WETH/USDC ignored: Spread too low.
2026-02-17 22:37:55 |INFO  |Tick: No signals generated (spreads too tight or API error)
2026-02-17 22:37:57 |INFO  |pair:WETH/USDC
2026-02-17 22:37:57 |INFO  |Generatiing signal for WETH/USDC...
2026-02-17 22:37:58 |INFO  |WETH/USDC Prices | CEX: 1993.05 | DEX: 2001.1539868743278
2026-02-17 22:37:58 |INFO  |📊 WETH/USDC Spreads | BuyCex->SellDex: -19.76 bps | BuyDex->SellCex: -40.55 bps | Min Required: 10.00
2026-02-17 22:37:58 |INFO  |❌ WETH/USDC ignored: Spread too low.
2026-02-17 22:37:58 |INFO  |Tick: No signals generated (spreads too tight or API error)
2026-02-17 22:38:00 |INFO  |pair:WETH/USDC
2026-02-17 22:38:00 |INFO  |Generatiing signal for WETH/USDC...
2026-02-17 22:38:00 |INFO  |WETH/USDC Prices | CEX: 1993.28 | DEX: 2001.1539899756722
2026-02-17 22:38:00 |INFO  |📊 WETH/USDC Spreads | BuyCex->SellDex: -20.91 bps | BuyDex->SellCex: -39.40 bps | Min Required: 10.00
2026-02-17 22:38:00 |INFO  |❌ WETH/USDC ignored: Spread too low.
2026-02-17 22:38:00 |INFO  |Tick: No signals generated (spreads too tight or API error)
2026-02-17 22:38:02 |INFO  |pair:WETH/USDC
2026-02-17 22:38:02 |INFO  |Generatiing signal for WETH/USDC...
2026-02-17 22:38:03 |INFO  |WETH/USDC Prices | CEX: 1993.28 | DEX: 2001.1539899756722
2026-02-17 22:38:03 |INFO  |📊 WETH/USDC Spreads | BuyCex->SellDex: -20.91 bps | BuyDex->SellCex: -39.40 bps | Min Required: 10.00
2026-02-17 22:38:03 |INFO  |❌ WETH/USDC ignored: Spread too low.
2026-02-17 22:38:03 |INFO  |Tick: No signals generated (spreads too tight or API error)
2026-02-17 22:38:05 |INFO  |pair:WETH/USDC
2026-02-17 22:38:05 |INFO  |Generatiing signal for WETH/USDC...
2026-02-17 22:38:05 |INFO  |WETH/USDC Prices | CEX: 1993.28 | DEX: 2001.1539899756722
2026-02-17 22:38:05 |INFO  |📊 WETH/USDC Spreads | BuyCex->SellDex: -20.91 bps | BuyDex->SellCex: -39.40 bps | Min Required: 10.00
2026-02-17 22:38:05 |INFO  |❌ WETH/USDC ignored: Spread too low.
2026-02-17 22:38:05 |INFO  |Tick: No signals generated (spreads too tight or API error)
2026-02-17 22:38:07 |INFO  |pair:WETH/USDC
2026-02-17 22:38:07 |INFO  |Generatiing signal for WETH/USDC...
2026-02-17 22:38:08 |INFO  |WETH/USDC Prices | CEX: 1993.28 | DEX: 2001.1539899756722
2026-02-17 22:38:08 |INFO  |📊 WETH/USDC Spreads | BuyCex->SellDex: -20.91 bps | BuyDex->SellCex: -39.40 bps | Min Required: 10.00
2026-02-17 22:38:08 |INFO  |❌ WETH/USDC ignored: Spread too low.
2026-02-17 22:38:08 |INFO  |Tick: No signals generated (spreads too tight or API error)
2026-02-17 22:38:10 |INFO  |pair:WETH/USDC
2026-02-17 22:38:10 |INFO  |Generatiing signal for WETH/USDC...
2026-02-17 22:38:10 |INFO  |WETH/USDC Prices | CEX: 1993.52 | DEX: 2001.1539932118571
2026-02-17 22:38:10 |INFO  |📊 WETH/USDC Spreads | BuyCex->SellDex: -22.11 bps | BuyDex->SellCex: -38.20 bps | Min Required: 10.00
2026-02-17 22:38:10 |INFO  |❌ WETH/USDC ignored: Spread too low.
2026-02-17 22:38:10 |INFO  |Tick: No signals generated (spreads too tight or API error)
2026-02-17 22:38:12 |INFO  |pair:WETH/USDC
2026-02-17 22:38:12 |INFO  |Generatiing signal for WETH/USDC...
2026-02-17 22:38:12 |INFO  |WETH/USDC Prices | CEX: 1993.52 | DEX: 2001.1539932118571
2026-02-17 22:38:12 |INFO  |📊 WETH/USDC Spreads | BuyCex->SellDex: -22.11 bps | BuyDex->SellCex: -38.20 bps | Min Required: 10.00
2026-02-17 22:38:12 |INFO  |❌ WETH/USDC ignored: Spread too low.
2026-02-17 22:38:12 |INFO  |Tick: No signals generated (spreads too tight or API error)
2026-02-17 22:38:15 |INFO  |pair:WETH/USDC
2026-02-17 22:38:15 |INFO  |Generatiing signal for WETH/USDC...
2026-02-17 22:38:15 |INFO  |WETH/USDC Prices | CEX: 1993.52 | DEX: 2001.1539932118571
2026-02-17 22:38:15 |INFO  |📊 WETH/USDC Spreads | BuyCex->SellDex: -22.11 bps | BuyDex->SellCex: -38.20 bps | Min Required: 10.00
2026-02-17 22:38:15 |INFO  |❌ WETH/USDC ignored: Spread too low.
2026-02-17 22:38:15 |INFO  |Tick: No signals generated (spreads too tight or API error)
2026-02-17 22:38:17 |INFO  |pair:WETH/USDC
2026-02-17 22:38:17 |INFO  |Generatiing signal for WETH/USDC...
2026-02-17 22:38:18 |INFO  |WETH/USDC Prices | CEX: 1993.52 | DEX: 2001.1539932118571
2026-02-17 22:38:18 |INFO  |📊 WETH/USDC Spreads | BuyCex->SellDex: -22.11 bps | BuyDex->SellCex: -38.20 bps | Min Required: 10.00
2026-02-17 22:38:18 |INFO  |❌ WETH/USDC ignored: Spread too low.
2026-02-17 22:38:18 |INFO  |Tick: No signals generated (spreads too tight or API error)
2026-02-17 22:38:19 |INFO  |HEALTH | uptime=123s | last_trade=Nones | cb_open=false | pnl=$0.00 | limit_reached=false
2026-02-17 22:38:20 |INFO  |pair:WETH/USDC
2026-02-17 22:38:20 |INFO  |Generatiing signal for WETH/USDC...
2026-02-17 22:38:21 |INFO  |WETH/USDC Prices | CEX: 1993.29 | DEX: 2001.1539901105127
2026-02-17 22:38:21 |INFO  |📊 WETH/USDC Spreads | BuyCex->SellDex: -20.96 bps | BuyDex->SellCex: -39.35 bps | Min Required: 10.00
2026-02-17 22:38:21 |INFO  |❌ WETH/USDC ignored: Spread too low.
2026-02-17 22:38:21 |INFO  |Tick: No signals generated (spreads too tight or API error)
2026-02-17 22:38:23 |INFO  |pair:WETH/USDC
2026-02-17 22:38:23 |INFO  |Generatiing signal for WETH/USDC...
2026-02-17 22:38:23 |INFO  |WETH/USDC Prices | CEX: 1993.29 | DEX: 2001.1539901105127
2026-02-17 22:38:23 |INFO  |📊 WETH/USDC Spreads | BuyCex->SellDex: -20.96 bps | BuyDex->SellCex: -39.35 bps | Min Required: 10.00
2026-02-17 22:38:23 |INFO  |❌ WETH/USDC ignored: Spread too low.
2026-02-17 22:38:23 |INFO  |Tick: No signals generated (spreads too tight or API error)
2026-02-17 22:38:25 |INFO  |pair:WETH/USDC
2026-02-17 22:38:25 |INFO  |Generatiing signal for WETH/USDC...
2026-02-17 22:38:26 |INFO  |WETH/USDC Prices | CEX: 1993.29 | DEX: 2001.1539901105127
2026-02-17 22:38:26 |INFO  |📊 WETH/USDC Spreads | BuyCex->SellDex: -20.96 bps | BuyDex->SellCex: -39.35 bps | Min Required: 10.00
2026-02-17 22:38:26 |INFO  |❌ WETH/USDC ignored: Spread too low.
2026-02-17 22:38:26 |INFO  |Tick: No signals generated (spreads too tight or API error)
2026-02-17 22:38:28 |INFO  |pair:WETH/USDC
2026-02-17 22:38:28 |INFO  |Generatiing signal for WETH/USDC...
2026-02-17 22:38:28 |INFO  |WETH/USDC Prices | CEX: 1993.29 | DEX: 2001.1539901105127
2026-02-17 22:38:28 |INFO  |📊 WETH/USDC Spreads | BuyCex->SellDex: -20.96 bps | BuyDex->SellCex: -39.35 bps | Min Required: 10.00
2026-02-17 22:38:28 |INFO  |❌ WETH/USDC ignored: Spread too low.
2026-02-17 22:38:28 |INFO  |Tick: No signals generated (spreads too tight or API error)
2026-02-17 22:38:30 |INFO  |pair:WETH/USDC
2026-02-17 22:38:30 |INFO  |Generatiing signal for WETH/USDC...
2026-02-17 22:38:31 |INFO  |WETH/USDC Prices | CEX: 1993.29 | DEX: 2001.1539901105127
2026-02-17 22:38:31 |INFO  |📊 WETH/USDC Spreads | BuyCex->SellDex: -20.96 bps | BuyDex->SellCex: -39.35 bps | Min Required: 10.00
2026-02-17 22:38:31 |INFO  |❌ WETH/USDC ignored: Spread too low.
2026-02-17 22:38:31 |INFO  |Tick: No signals generated (spreads too tight or API error)
2026-02-17 22:38:32 |INFO  |pair:WETH/USDC
2026-02-17 22:38:32 |INFO  |Generatiing signal for WETH/USDC...
2026-02-17 22:38:33 |INFO  |WETH/USDC Prices | CEX: 1993.29 | DEX: 2001.1539901105127
2026-02-17 22:38:33 |INFO  |📊 WETH/USDC Spreads | BuyCex->SellDex: -20.96 bps | BuyDex->SellCex: -39.35 bps | Min Required: 10.00
2026-02-17 22:38:33 |INFO  |❌ WETH/USDC ignored: Spread too low.
2026-02-17 22:38:33 |INFO  |Tick: No signals generated (spreads too tight or API error)
2026-02-17 22:38:35 |INFO  |pair:WETH/USDC
2026-02-17 22:38:35 |INFO  |Generatiing signal for WETH/USDC...
2026-02-17 22:38:35 |INFO  |WETH/USDC Prices | CEX: 1993.29 | DEX: 2001.1539901105127
2026-02-17 22:38:35 |INFO  |📊 WETH/USDC Spreads | BuyCex->SellDex: -20.96 bps | BuyDex->SellCex: -39.35 bps | Min Required: 10.00
2026-02-17 22:38:35 |INFO  |❌ WETH/USDC ignored: Spread too low.
2026-02-17 22:38:35 |INFO  |Tick: No signals generated (spreads too tight or API error)
2026-02-17 22:38:37 |INFO  |pair:WETH/USDC
2026-02-17 22:38:37 |INFO  |Generatiing signal for WETH/USDC...
2026-02-17 22:38:37 |INFO  |WETH/USDC Prices | CEX: 1993.52 | DEX: 2001.1539932118571
2026-02-17 22:38:37 |INFO  |📊 WETH/USDC Spreads | BuyCex->SellDex: -22.11 bps | BuyDex->SellCex: -38.20 bps | Min Required: 10.00
2026-02-17 22:38:37 |INFO  |❌ WETH/USDC ignored: Spread too low.
2026-02-17 22:38:37 |INFO  |Tick: No signals generated (spreads too tight or API error)
2026-02-17 22:38:39 |INFO  |pair:WETH/USDC
2026-02-17 22:38:39 |INFO  |Generatiing signal for WETH/USDC...
2026-02-17 22:38:40 |INFO  |WETH/USDC Prices | CEX: 1993.76 | DEX: 2001.1539964480414
2026-02-17 22:38:40 |INFO  |📊 WETH/USDC Spreads | BuyCex->SellDex: -23.32 bps | BuyDex->SellCex: -37.00 bps | Min Required: 10.00
2026-02-17 22:38:40 |INFO  |❌ WETH/USDC ignored: Spread too low.
2026-02-17 22:38:40 |INFO  |Tick: No signals generated (spreads too tight or API error)
2026-02-17 22:38:42 |INFO  |pair:WETH/USDC
2026-02-17 22:38:42 |INFO  |Generatiing signal for WETH/USDC...
2026-02-17 22:38:42 |INFO  |WETH/USDC Prices | CEX: 1993.76 | DEX: 2001.1539964480414
2026-02-17 22:38:42 |INFO  |📊 WETH/USDC Spreads | BuyCex->SellDex: -23.32 bps | BuyDex->SellCex: -37.00 bps | Min Required: 10.00
2026-02-17 22:38:42 |INFO  |❌ WETH/USDC ignored: Spread too low.
2026-02-17 22:38:42 |INFO  |Tick: No signals generated (spreads too tight or API error)
2026-02-17 22:38:44 |INFO  |pair:WETH/USDC
2026-02-17 22:38:44 |INFO  |Generatiing signal for WETH/USDC...
2026-02-17 22:38:44 |INFO  |WETH/USDC Prices | CEX: 1993.76 | DEX: 2001.1539964480414
2026-02-17 22:38:44 |INFO  |📊 WETH/USDC Spreads | BuyCex->SellDex: -23.32 bps | BuyDex->SellCex: -37.00 bps | Min Required: 10.00
2026-02-17 22:38:44 |INFO  |❌ WETH/USDC ignored: Spread too low.
2026-02-17 22:38:44 |INFO  |Tick: No signals generated (spreads too tight or API error)
2026-02-17 22:38:46 |INFO  |pair:WETH/USDC
2026-02-17 22:38:46 |INFO  |Generatiing signal for WETH/USDC...
2026-02-17 22:38:47 |INFO  |WETH/USDC Prices | CEX: 1993.76 | DEX: 2001.1539964480414
2026-02-17 22:38:47 |INFO  |📊 WETH/USDC Spreads | BuyCex->SellDex: -23.32 bps | BuyDex->SellCex: -37.00 bps | Min Required: 10.00
2026-02-17 22:38:47 |INFO  |❌ WETH/USDC ignored: Spread too low.
2026-02-17 22:38:47 |INFO  |Tick: No signals generated (spreads too tight or API error)
2026-02-17 22:38:49 |INFO  |pair:WETH/USDC
2026-02-17 22:38:49 |INFO  |Generatiing signal for WETH/USDC...
2026-02-17 22:38:49 |INFO  |WETH/USDC Prices | CEX: 1994.08 | DEX: 2001.1540007562128
2026-02-17 22:38:49 |INFO  |📊 WETH/USDC Spreads | BuyCex->SellDex: -24.92 bps | BuyDex->SellCex: -35.40 bps | Min Required: 10.00
2026-02-17 22:38:49 |INFO  |❌ WETH/USDC ignored: Spread too low.
2026-02-17 22:38:49 |INFO  |Tick: No signals generated (spreads too tight or API error)
2026-02-17 22:38:51 |INFO  |pair:WETH/USDC
2026-02-17 22:38:51 |INFO  |Generatiing signal for WETH/USDC...
2026-02-17 22:38:52 |INFO  |WETH/USDC Prices | CEX: 1994.12 | DEX: 2001.1540012955766
2026-02-17 22:38:52 |INFO  |📊 WETH/USDC Spreads | BuyCex->SellDex: -25.12 bps | BuyDex->SellCex: -35.20 bps | Min Required: 10.00
2026-02-17 22:38:52 |INFO  |❌ WETH/USDC ignored: Spread too low.
2026-02-17 22:38:52 |INFO  |Tick: No signals generated (spreads too tight or API error)
2026-02-17 22:38:53 |INFO  |pair:WETH/USDC
2026-02-17 22:38:53 |INFO  |Generatiing signal for WETH/USDC...
2026-02-17 22:38:54 |INFO  |WETH/USDC Prices | CEX: 1994.16 | DEX: 2001.154001841683
2026-02-17 22:38:54 |INFO  |📊 WETH/USDC Spreads | BuyCex->SellDex: -25.32 bps | BuyDex->SellCex: -35.00 bps | Min Required: 10.00
2026-02-17 22:38:54 |INFO  |❌ WETH/USDC ignored: Spread too low.
2026-02-17 22:38:54 |INFO  |Tick: No signals generated (spreads too tight or API error)
2026-02-17 22:38:56 |INFO  |pair:WETH/USDC
2026-02-17 22:38:56 |INFO  |Generatiing signal for WETH/USDC...
2026-02-17 22:38:56 |INFO  |WETH/USDC Prices | CEX: 1994.16 | DEX: 2001.154001841683
2026-02-17 22:38:56 |INFO  |📊 WETH/USDC Spreads | BuyCex->SellDex: -25.32 bps | BuyDex->SellCex: -35.00 bps | Min Required: 10.00
2026-02-17 22:38:56 |INFO  |❌ WETH/USDC ignored: Spread too low.
2026-02-17 22:38:56 |INFO  |Tick: No signals generated (spreads too tight or API error)
2026-02-17 22:38:58 |INFO  |pair:WETH/USDC
2026-02-17 22:38:58 |INFO  |Generatiing signal for WETH/USDC...
2026-02-17 22:38:59 |INFO  |WETH/USDC Prices | CEX: 1994.08 | DEX: 2001.1540007562128
2026-02-17 22:38:59 |INFO  |📊 WETH/USDC Spreads | BuyCex->SellDex: -24.92 bps | BuyDex->SellCex: -35.40 bps | Min Required: 10.00
2026-02-17 22:38:59 |INFO  |❌ WETH/USDC ignored: Spread too low.
2026-02-17 22:38:59 |INFO  |Tick: No signals generated (spreads too tight or API error)
2026-02-17 22:39:00 |INFO  |pair:WETH/USDC
2026-02-17 22:39:00 |INFO  |Generatiing signal for WETH/USDC...
2026-02-17 22:39:21 |INFO  |WETH/USDC Prices | CEX: 1994.08 | DEX: 2001.1540007562128
2026-02-17 22:39:21 |INFO  |📊 WETH/USDC Spreads | BuyCex->SellDex: -24.92 bps | BuyDex->SellCex: -35.40 bps | Min Required: 10.00
2026-02-17 22:39:21 |INFO  |❌ WETH/USDC ignored: Spread too low.
2026-02-17 22:39:21 |INFO  |Tick: No signals generated (spreads too tight or API error)
2026-02-17 22:39:03 |INFO  |pair:WETH/USDC
2026-02-17 22:39:03 |INFO  |Generatiing signal for WETH/USDC...
2026-02-17 22:39:04 |INFO  |WETH/USDC Prices | CEX: 1994.08 | DEX: 2001.1540007562128
2026-02-17 22:39:04 |INFO  |📊 WETH/USDC Spreads | BuyCex->SellDex: -24.92 bps | BuyDex->SellCex: -35.40 bps | Min Required: 10.00
2026-02-17 22:39:04 |INFO  |❌ WETH/USDC ignored: Spread too low.
2026-02-17 22:39:04 |INFO  |Tick: No signals generated (spreads too tight or API error)
2026-02-17 22:39:06 |INFO  |pair:WETH/USDC
2026-02-17 22:39:06 |INFO  |Generatiing signal for WETH/USDC...
2026-02-17 22:39:06 |INFO  |WETH/USDC Prices | CEX: 1994.08 | DEX: 2001.1540007562128
2026-02-17 22:39:06 |INFO  |📊 WETH/USDC Spreads | BuyCex->SellDex: -24.92 bps | BuyDex->SellCex: -35.40 bps | Min Required: 10.00
2026-02-17 22:39:06 |INFO  |❌ WETH/USDC ignored: Spread too low.
2026-02-17 22:39:06 |INFO  |Tick: No signals generated (spreads too tight or API error)
2026-02-17 22:39:08 |INFO  |pair:WETH/USDC
2026-02-17 22:39:08 |INFO  |Generatiing signal for WETH/USDC...
2026-02-17 22:39:08 |INFO  |WETH/USDC Prices | CEX: 1994.16 | DEX: 2001.154001841683
2026-02-17 22:39:08 |INFO  |📊 WETH/USDC Spreads | BuyCex->SellDex: -25.32 bps | BuyDex->SellCex: -35.00 bps | Min Required: 10.00
2026-02-17 22:39:08 |INFO  |❌ WETH/USDC ignored: Spread too low.
2026-02-17 22:39:08 |INFO  |Tick: No signals generated (spreads too tight or API error)
2026-02-17 22:39:10 |INFO  |pair:WETH/USDC
2026-02-17 22:39:10 |INFO  |Generatiing signal for WETH/USDC...
2026-02-17 22:39:11 |INFO  |WETH/USDC Prices | CEX: 1994.22 | DEX: 2001.1540026507294
2026-02-17 22:39:11 |INFO  |📊 WETH/USDC Spreads | BuyCex->SellDex: -25.62 bps | BuyDex->SellCex: -34.70 bps | Min Required: 10.00
2026-02-17 22:39:11 |INFO  |❌ WETH/USDC ignored: Spread too low.
2026-02-17 22:39:11 |INFO  |Tick: No signals generated (spreads too tight or API error)
2026-02-17 22:39:13 |INFO  |pair:WETH/USDC
2026-02-17 22:39:13 |INFO  |Generatiing signal for WETH/USDC...
2026-02-17 22:39:13 |INFO  |WETH/USDC Prices | CEX: 1994.22 | DEX: 2001.1540026507294
2026-02-17 22:39:13 |INFO  |📊 WETH/USDC Spreads | BuyCex->SellDex: -25.62 bps | BuyDex->SellCex: -34.70 bps | Min Required: 10.00
2026-02-17 22:39:13 |INFO  |❌ WETH/USDC ignored: Spread too low.
2026-02-17 22:39:13 |INFO  |Tick: No signals generated (spreads too tight or API error)
2026-02-17 22:39:15 |INFO  |pair:WETH/USDC
2026-02-17 22:39:15 |INFO  |Generatiing signal for WETH/USDC...
2026-02-17 22:39:16 |INFO  |WETH/USDC Prices | CEX: 1994.22 | DEX: 2001.1540026507294
2026-02-17 22:39:16 |INFO  |📊 WETH/USDC Spreads | BuyCex->SellDex: -25.62 bps | BuyDex->SellCex: -34.70 bps | Min Required: 10.00
2026-02-17 22:39:16 |INFO  |❌ WETH/USDC ignored: Spread too low.
2026-02-17 22:39:16 |INFO  |Tick: No signals generated (spreads too tight or API error)
2026-02-17 22:39:18 |INFO  |pair:WETH/USDC
2026-02-17 22:39:18 |INFO  |Generatiing signal for WETH/USDC...
2026-02-17 22:39:18 |INFO  |WETH/USDC Prices | CEX: 1994.22 | DEX: 2001.1540026507294
2026-02-17 22:39:18 |INFO  |📊 WETH/USDC Spreads | BuyCex->SellDex: -25.62 bps | BuyDex->SellCex: -34.70 bps | Min Required: 10.00
2026-02-17 22:39:18 |INFO  |❌ WETH/USDC ignored: Spread too low.
2026-02-17 22:39:18 |INFO  |Tick: No signals generated (spreads too tight or API error)
2026-02-17 22:39:20 |INFO  |pair:WETH/USDC
2026-02-17 22:39:20 |INFO  |Generatiing signal for WETH/USDC...
2026-02-17 22:39:21 |INFO  |WETH/USDC Prices | CEX: 1994.22 | DEX: 2001.1540026507294
2026-02-17 22:39:21 |INFO  |📊 WETH/USDC Spreads | BuyCex->SellDex: -25.62 bps | BuyDex->SellCex: -34.70 bps | Min Required: 10.00
2026-02-17 22:39:21 |INFO  |❌ WETH/USDC ignored: Spread too low.
2026-02-17 22:39:21 |INFO  |Tick: No signals generated (spreads too tight or API error)
2026-02-17 22:39:22 |INFO  |HEALTH | uptime=185s | last_trade=Nones | cb_open=false | pnl=$0.00 | limit_reached=false
2026-02-17 22:39:23 |INFO  |pair:WETH/USDC
2026-02-17 22:39:23 |INFO  |Generatiing signal for WETH/USDC...
2026-02-17 22:39:23 |INFO  |WETH/USDC Prices | CEX: 1994.45 | DEX: 2001.1540057520733
2026-02-17 22:39:23 |INFO  |📊 WETH/USDC Spreads | BuyCex->SellDex: -26.77 bps | BuyDex->SellCex: -33.55 bps | Min Required: 10.00
2026-02-17 22:39:23 |INFO  |❌ WETH/USDC ignored: Spread too low.
2026-02-17 22:39:23 |INFO  |Tick: No signals generated (spreads too tight or API error)
2026-02-17 22:39:25 |INFO  |pair:WETH/USDC
2026-02-17 22:39:25 |INFO  |Generatiing signal for WETH/USDC...
2026-02-17 22:39:25 |INFO  |WETH/USDC Prices | CEX: 1995.04 | DEX: 2001.1540137076945
2026-02-17 22:39:25 |INFO  |📊 WETH/USDC Spreads | BuyCex->SellDex: -29.72 bps | BuyDex->SellCex: -30.60 bps | Min Required: 10.00
2026-02-17 22:39:25 |INFO  |❌ WETH/USDC ignored: Spread too low.
2026-02-17 22:39:25 |INFO  |Tick: No signals generated (spreads too tight or API error)
2026-02-17 22:39:27 |INFO  |pair:WETH/USDC
2026-02-17 22:39:27 |INFO  |Generatiing signal for WETH/USDC...
2026-02-17 22:39:27 |INFO  |WETH/USDC Prices | CEX: 1995.06 | DEX: 2001.1540139706349
2026-02-17 22:39:27 |INFO  |📊 WETH/USDC Spreads | BuyCex->SellDex: -29.82 bps | BuyDex->SellCex: -30.50 bps | Min Required: 10.00
2026-02-17 22:39:27 |INFO  |❌ WETH/USDC ignored: Spread too low.
2026-02-17 22:39:27 |INFO  |Tick: No signals generated (spreads too tight or API error)
2026-02-17 22:39:30 |INFO  |pair:WETH/USDC
2026-02-17 22:39:30 |INFO  |Generatiing signal for WETH/USDC...
2026-02-17 22:39:30 |INFO  |WETH/USDC Prices | CEX: 1995.17 | DEX: 2001.154015460628
2026-02-17 22:39:30 |INFO  |📊 WETH/USDC Spreads | BuyCex->SellDex: -30.37 bps | BuyDex->SellCex: -29.95 bps | Min Required: 10.00
2026-02-17 22:39:30 |INFO  |❌ WETH/USDC ignored: Spread too low.
2026-02-17 22:39:30 |INFO  |Tick: No signals generated (spreads too tight or API error)
2026-02-17 22:39:32 |INFO  |pair:WETH/USDC
2026-02-17 22:39:32 |INFO  |Generatiing signal for WETH/USDC...
2026-02-17 22:39:32 |INFO  |WETH/USDC Prices | CEX: 1995.17 | DEX: 2001.154015460628
2026-02-17 22:39:32 |INFO  |📊 WETH/USDC Spreads | BuyCex->SellDex: -30.37 bps | BuyDex->SellCex: -29.95 bps | Min Required: 10.00
2026-02-17 22:39:32 |INFO  |❌ WETH/USDC ignored: Spread too low.
2026-02-17 22:39:32 |INFO  |Tick: No signals generated (spreads too tight or API error)
2026-02-17 22:39:34 |INFO  |pair:WETH/USDC
2026-02-17 22:39:34 |INFO  |Generatiing signal for WETH/USDC...
2026-02-17 22:39:34 |INFO  |WETH/USDC Prices | CEX: 1994.96 | DEX: 2001.1540126289663
2026-02-17 22:39:34 |INFO  |📊 WETH/USDC Spreads | BuyCex->SellDex: -29.32 bps | BuyDex->SellCex: -31.00 bps | Min Required: 10.00
2026-02-17 22:39:34 |INFO  |❌ WETH/USDC ignored: Spread too low.
2026-02-17 22:39:34 |INFO  |Tick: No signals generated (spreads too tight or API error)
2026-02-17 22:39:36 |INFO  |pair:WETH/USDC
2026-02-17 22:39:36 |INFO  |Generatiing signal for WETH/USDC...
2026-02-17 22:39:37 |INFO  |WETH/USDC Prices | CEX: 1994.96 | DEX: 2001.1540126289663
2026-02-17 22:39:37 |INFO  |📊 WETH/USDC Spreads | BuyCex->SellDex: -29.32 bps | BuyDex->SellCex: -31.00 bps | Min Required: 10.00
2026-02-17 22:39:37 |INFO  |❌ WETH/USDC ignored: Spread too low.
2026-02-17 22:39:37 |INFO  |Tick: No signals generated (spreads too tight or API error)
2026-02-17 22:39:39 |INFO  |pair:WETH/USDC
2026-02-17 22:39:39 |INFO  |Generatiing signal for WETH/USDC...
2026-02-17 22:39:39 |INFO  |WETH/USDC Prices | CEX: 1994.96 | DEX: 2001.1540126289663
2026-02-17 22:39:39 |INFO  |📊 WETH/USDC Spreads | BuyCex->SellDex: -29.32 bps | BuyDex->SellCex: -31.00 bps | Min Required: 10.00
2026-02-17 22:39:39 |INFO  |❌ WETH/USDC ignored: Spread too low.
2026-02-17 22:39:39 |INFO  |Tick: No signals generated (spreads too tight or API error)
2026-02-17 22:39:41 |INFO  |pair:WETH/USDC
2026-02-17 22:39:41 |INFO  |Generatiing signal for WETH/USDC...
2026-02-17 22:39:42 |INFO  |WETH/USDC Prices | CEX: 1994.89 | DEX: 2001.1540116850783
2026-02-17 22:39:42 |INFO  |📊 WETH/USDC Spreads | BuyCex->SellDex: -28.97 bps | BuyDex->SellCex: -31.35 bps | Min Required: 10.00
2026-02-17 22:39:42 |INFO  |❌ WETH/USDC ignored: Spread too low.
2026-02-17 22:39:42 |INFO  |Tick: No signals generated (spreads too tight or API error)
2026-02-17 22:39:44 |INFO  |pair:WETH/USDC
2026-02-17 22:39:44 |INFO  |Generatiing signal for WETH/USDC...
2026-02-17 22:39:44 |INFO  |WETH/USDC Prices | CEX: 1994.89 | DEX: 2001.1540116850783
2026-02-17 22:39:44 |INFO  |📊 WETH/USDC Spreads | BuyCex->SellDex: -28.97 bps | BuyDex->SellCex: -31.35 bps | Min Required: 10.00
2026-02-17 22:39:44 |INFO  |❌ WETH/USDC ignored: Spread too low.
2026-02-17 22:39:44 |INFO  |Tick: No signals generated (spreads too tight or API error)
2026-02-17 22:39:46 |INFO  |pair:WETH/USDC
2026-02-17 22:39:46 |INFO  |Generatiing signal for WETH/USDC...
2026-02-17 22:39:47 |INFO  |WETH/USDC Prices | CEX: 1994.73 | DEX: 2001.1540095208807
2026-02-17 22:39:47 |INFO  |📊 WETH/USDC Spreads | BuyCex->SellDex: -28.17 bps | BuyDex->SellCex: -32.15 bps | Min Required: 10.00
2026-02-17 22:39:47 |INFO  |❌ WETH/USDC ignored: Spread too low.
2026-02-17 22:39:47 |INFO  |Tick: No signals generated (spreads too tight or API error)
2026-02-17 22:39:48 |INFO  |pair:WETH/USDC
2026-02-17 22:39:48 |INFO  |Generatiing signal for WETH/USDC...
2026-02-17 22:39:49 |INFO  |WETH/USDC Prices | CEX: 1994.73 | DEX: 2001.1540095208807
2026-02-17 22:39:49 |INFO  |📊 WETH/USDC Spreads | BuyCex->SellDex: -28.17 bps | BuyDex->SellCex: -32.15 bps | Min Required: 10.00
2026-02-17 22:39:49 |INFO  |❌ WETH/USDC ignored: Spread too low.
2026-02-17 22:39:49 |INFO  |Tick: No signals generated (spreads too tight or API error)
2026-02-17 22:39:51 |INFO  |pair:WETH/USDC
2026-02-17 22:39:51 |INFO  |Generatiing signal for WETH/USDC...
2026-02-17 22:39:51 |INFO  |WETH/USDC Prices | CEX: 1994.65 | DEX: 2001.154008448894
2026-02-17 22:39:51 |INFO  |📊 WETH/USDC Spreads | BuyCex->SellDex: -27.77 bps | BuyDex->SellCex: -32.55 bps | Min Required: 10.00
2026-02-17 22:39:51 |INFO  |❌ WETH/USDC ignored: Spread too low.
2026-02-17 22:39:51 |INFO  |Tick: No signals generated (spreads too tight or API error)
2026-02-17 22:39:53 |INFO  |pair:WETH/USDC
2026-02-17 22:39:53 |INFO  |Generatiing signal for WETH/USDC...
2026-02-17 22:39:53 |INFO  |WETH/USDC Prices | CEX: 1994.41 | DEX: 2001.1540052127084
2026-02-17 22:39:53 |INFO  |📊 WETH/USDC Spreads | BuyCex->SellDex: -26.57 bps | BuyDex->SellCex: -33.75 bps | Min Required: 10.00
2026-02-17 22:39:53 |INFO  |❌ WETH/USDC ignored: Spread too low.
2026-02-17 22:39:53 |INFO  |Tick: No signals generated (spreads too tight or API error)
2026-02-17 22:39:55 |INFO  |pair:WETH/USDC
2026-02-17 22:39:55 |INFO  |Generatiing signal for WETH/USDC...
2026-02-17 22:39:55 |INFO  |WETH/USDC Prices | CEX: 1994.41 | DEX: 2001.1540052127084
2026-02-17 22:39:55 |INFO  |📊 WETH/USDC Spreads | BuyCex->SellDex: -26.57 bps | BuyDex->SellCex: -33.75 bps | Min Required: 10.00
2026-02-17 22:39:55 |INFO  |❌ WETH/USDC ignored: Spread too low.
2026-02-17 22:39:55 |INFO  |Tick: No signals generated (spreads too tight or API error)
2026-02-17 22:39:57 |INFO  |pair:WETH/USDC
2026-02-17 22:39:57 |INFO  |Generatiing signal for WETH/USDC...
2026-02-17 22:39:58 |INFO  |WETH/USDC Prices | CEX: 1994.54 | DEX: 2001.1540069656428
2026-02-17 22:39:58 |INFO  |📊 WETH/USDC Spreads | BuyCex->SellDex: -27.22 bps | BuyDex->SellCex: -33.10 bps | Min Required: 10.00
2026-02-17 22:39:58 |INFO  |❌ WETH/USDC ignored: Spread too low.
2026-02-17 22:39:58 |INFO  |Tick: No signals generated (spreads too tight or API error)
2026-02-17 22:40:00 |INFO  |pair:WETH/USDC
2026-02-17 22:40:00 |INFO  |Generatiing signal for WETH/USDC...
2026-02-17 22:40:00 |INFO  |WETH/USDC Prices | CEX: 1994.54 | DEX: 2001.1540069656428
2026-02-17 22:40:00 |INFO  |📊 WETH/USDC Spreads | BuyCex->SellDex: -27.22 bps | BuyDex->SellCex: -33.10 bps | Min Required: 10.00
2026-02-17 22:40:00 |INFO  |❌ WETH/USDC ignored: Spread too low.
2026-02-17 22:40:00 |INFO  |Tick: No signals generated (spreads too tight or API error)
2026-02-17 22:40:02 |INFO  |pair:WETH/USDC
2026-02-17 22:40:02 |INFO  |Generatiing signal for WETH/USDC...
2026-02-17 22:40:02 |INFO  |WETH/USDC Prices | CEX: 1994.33 | DEX: 2001.1540041339806
2026-02-17 22:40:02 |INFO  |📊 WETH/USDC Spreads | BuyCex->SellDex: -26.17 bps | BuyDex->SellCex: -34.15 bps | Min Required: 10.00
2026-02-17 22:40:02 |INFO  |❌ WETH/USDC ignored: Spread too low.
2026-02-17 22:40:02 |INFO  |Tick: No signals generated (spreads too tight or API error)
2026-02-17 22:40:05 |INFO  |pair:WETH/USDC
2026-02-17 22:40:05 |INFO  |Generatiing signal for WETH/USDC...
2026-02-17 22:40:05 |INFO  |WETH/USDC Prices | CEX: 1994.72 | DEX: 2001.154009392781
2026-02-17 22:40:05 |INFO  |📊 WETH/USDC Spreads | BuyCex->SellDex: -28.12 bps | BuyDex->SellCex: -32.20 bps | Min Required: 10.00
2026-02-17 22:40:05 |INFO  |❌ WETH/USDC ignored: Spread too low.
2026-02-17 22:40:05 |INFO  |Tick: No signals generated (spreads too tight or API error)
2026-02-17 22:40:07 |INFO  |pair:WETH/USDC
2026-02-17 22:40:07 |INFO  |Generatiing signal for WETH/USDC...
2026-02-17 22:40:07 |INFO  |WETH/USDC Prices | CEX: 1994.72 | DEX: 2001.154009392781
2026-02-17 22:40:07 |INFO  |📊 WETH/USDC Spreads | BuyCex->SellDex: -28.12 bps | BuyDex->SellCex: -32.20 bps | Min Required: 10.00
2026-02-17 22:40:07 |INFO  |❌ WETH/USDC ignored: Spread too low.
2026-02-17 22:40:07 |INFO  |Tick: No signals generated (spreads too tight or API error)
2026-02-17 22:40:09 |INFO  |pair:WETH/USDC
2026-02-17 22:40:09 |INFO  |Generatiing signal for WETH/USDC...
2026-02-17 22:40:10 |INFO  |WETH/USDC Prices | CEX: 1994.72 | DEX: 2001.154009392781
2026-02-17 22:40:10 |INFO  |📊 WETH/USDC Spreads | BuyCex->SellDex: -28.12 bps | BuyDex->SellCex: -32.20 bps | Min Required: 10.00
2026-02-17 22:40:10 |INFO  |❌ WETH/USDC ignored: Spread too low.
2026-02-17 22:40:10 |INFO  |Tick: No signals generated (spreads too tight or API error)
2026-02-17 22:40:13 |INFO  |pair:WETH/USDC
2026-02-17 22:40:13 |INFO  |Generatiing signal for WETH/USDC...
2026-02-17 22:40:13 |INFO  |WETH/USDC Prices | CEX: 1994.74 | DEX: 2001.1540096624642
2026-02-17 22:40:13 |INFO  |📊 WETH/USDC Spreads | BuyCex->SellDex: -28.22 bps | BuyDex->SellCex: -32.10 bps | Min Required: 10.00
2026-02-17 22:40:13 |INFO  |❌ WETH/USDC ignored: Spread too low.
2026-02-17 22:40:13 |INFO  |Tick: No signals generated (spreads too tight or API error)
2026-02-17 22:40:16 |INFO  |pair:WETH/USDC
2026-02-17 22:40:16 |INFO  |Generatiing signal for WETH/USDC...
2026-02-17 22:40:16 |INFO  |WETH/USDC Prices | CEX: 1994.74 | DEX: 2001.1540096624642
2026-02-17 22:40:16 |INFO  |📊 WETH/USDC Spreads | BuyCex->SellDex: -28.22 bps | BuyDex->SellCex: -32.10 bps | Min Required: 10.00
2026-02-17 22:40:16 |INFO  |❌ WETH/USDC ignored: Spread too low.
2026-02-17 22:40:16 |INFO  |Tick: No signals generated (spreads too tight or API error)
2026-02-17 22:40:18 |INFO  |pair:WETH/USDC
2026-02-17 22:40:18 |INFO  |Generatiing signal for WETH/USDC...
2026-02-17 22:40:19 |INFO  |WETH/USDC Prices | CEX: 1994.74 | DEX: 2001.1540096624642
2026-02-17 22:40:19 |INFO  |📊 WETH/USDC Spreads | BuyCex->SellDex: -28.22 bps | BuyDex->SellCex: -32.10 bps | Min Required: 10.00
2026-02-17 22:40:19 |INFO  |❌ WETH/USDC ignored: Spread too low.
2026-02-17 22:40:19 |INFO  |Tick: No signals generated (spreads too tight or API error)
2026-02-17 22:40:21 |INFO  |pair:WETH/USDC
2026-02-17 22:40:21 |INFO  |Generatiing signal for WETH/USDC...
2026-02-17 22:40:21 |INFO  |WETH/USDC Prices | CEX: 1994.57 | DEX: 2001.1540073701658
2026-02-17 22:40:21 |INFO  |📊 WETH/USDC Spreads | BuyCex->SellDex: -27.37 bps | BuyDex->SellCex: -32.95 bps | Min Required: 10.00
2026-02-17 22:40:21 |INFO  |❌ WETH/USDC ignored: Spread too low.
2026-02-17 22:40:21 |INFO  |Tick: No signals generated (spreads too tight or API error)
2026-02-17 22:40:22 |INFO  |HEALTH | uptime=246s | last_trade=Nones | cb_open=false | pnl=$0.00 | limit_reached=false
2026-02-17 22:40:23 |INFO  |pair:WETH/USDC
2026-02-17 22:40:23 |INFO  |Generatiing signal for WETH/USDC...
2026-02-17 22:40:23 |INFO  |WETH/USDC Prices | CEX: 1994.57 | DEX: 2001.1540073701658
2026-02-17 22:40:23 |INFO  |📊 WETH/USDC Spreads | BuyCex->SellDex: -27.37 bps | BuyDex->SellCex: -32.95 bps | Min Required: 10.00
2026-02-17 22:40:23 |INFO  |❌ WETH/USDC ignored: Spread too low.
2026-02-17 22:40:23 |INFO  |Tick: No signals generated (spreads too tight or API error)
2026-02-17 22:40:26 |INFO  |pair:WETH/USDC
2026-02-17 22:40:26 |INFO  |Generatiing signal for WETH/USDC...
2026-02-17 22:40:26 |INFO  |WETH/USDC Prices | CEX: 1994.57 | DEX: 2001.1540073701658
2026-02-17 22:40:26 |INFO  |📊 WETH/USDC Spreads | BuyCex->SellDex: -27.37 bps | BuyDex->SellCex: -32.95 bps | Min Required: 10.00
2026-02-17 22:40:26 |INFO  |❌ WETH/USDC ignored: Spread too low.
2026-02-17 22:40:26 |INFO  |Tick: No signals generated (spreads too tight or API error)
2026-02-17 22:40:29 |INFO  |pair:WETH/USDC
2026-02-17 22:40:29 |INFO  |Generatiing signal for WETH/USDC...
2026-02-17 22:40:29 |INFO  |WETH/USDC Prices | CEX: 1993.77 | DEX: 2001.1539965828827
2026-02-17 22:40:29 |INFO  |📊 WETH/USDC Spreads | BuyCex->SellDex: -23.37 bps | BuyDex->SellCex: -36.95 bps | Min Required: 10.00
2026-02-17 22:40:29 |INFO  |❌ WETH/USDC ignored: Spread too low.
2026-02-17 22:40:29 |INFO  |Tick: No signals generated (spreads too tight or API error)
2026-02-17 22:40:31 |INFO  |pair:WETH/USDC
2026-02-17 22:40:31 |INFO  |Generatiing signal for WETH/USDC...
2026-02-17 22:40:31 |INFO  |WETH/USDC Prices | CEX: 1993.62 | DEX: 2001.1539945602672
2026-02-17 22:40:31 |INFO  |📊 WETH/USDC Spreads | BuyCex->SellDex: -22.61 bps | BuyDex->SellCex: -37.70 bps | Min Required: 10.00
2026-02-17 22:40:31 |INFO  |❌ WETH/USDC ignored: Spread too low.
2026-02-17 22:40:31 |INFO  |Tick: No signals generated (spreads too tight or API error)
2026-02-17 22:40:33 |INFO  |pair:WETH/USDC
2026-02-17 22:40:34 |INFO  |Generatiing signal for WETH/USDC...
2026-02-17 22:40:34 |INFO  |WETH/USDC Prices | CEX: 1993.53 | DEX: 2001.1539933466975
2026-02-17 22:40:34 |INFO  |📊 WETH/USDC Spreads | BuyCex->SellDex: -22.16 bps | BuyDex->SellCex: -38.15 bps | Min Required: 10.00
2026-02-17 22:40:34 |INFO  |❌ WETH/USDC ignored: Spread too low.
2026-02-17 22:40:34 |INFO  |Tick: No signals generated (spreads too tight or API error)
2026-02-17 22:40:36 |INFO  |pair:WETH/USDC
2026-02-17 22:40:36 |INFO  |Generatiing signal for WETH/USDC...
2026-02-17 22:40:37 |INFO  |WETH/USDC Prices | CEX: 1993.13 | DEX: 2001.1539879530555
2026-02-17 22:40:37 |INFO  |📊 WETH/USDC Spreads | BuyCex->SellDex: -20.16 bps | BuyDex->SellCex: -40.15 bps | Min Required: 10.00
2026-02-17 22:40:37 |INFO  |❌ WETH/USDC ignored: Spread too low.
2026-02-17 22:40:37 |INFO  |Tick: No signals generated (spreads too tight or API error)
2026-02-17 22:40:39 |INFO  |pair:WETH/USDC
2026-02-17 22:40:39 |INFO  |Generatiing signal for WETH/USDC...
2026-02-17 22:40:39 |INFO  |WETH/USDC Prices | CEX: 1993.13 | DEX: 2001.1539879530555
2026-02-17 22:40:39 |INFO  |📊 WETH/USDC Spreads | BuyCex->SellDex: -20.16 bps | BuyDex->SellCex: -40.15 bps | Min Required: 10.00
2026-02-17 22:40:39 |INFO  |❌ WETH/USDC ignored: Spread too low.
2026-02-17 22:40:39 |INFO  |Tick: No signals generated (spreads too tight or API error)
2026-02-17 22:40:41 |INFO  |pair:WETH/USDC
2026-02-17 22:40:41 |INFO  |Generatiing signal for WETH/USDC...
2026-02-17 22:40:42 |INFO  |WETH/USDC Prices | CEX: 1993.13 | DEX: 2001.1539879530555
2026-02-17 22:40:42 |INFO  |📊 WETH/USDC Spreads | BuyCex->SellDex: -20.16 bps | BuyDex->SellCex: -40.15 bps | Min Required: 10.00
2026-02-17 22:40:42 |INFO  |❌ WETH/USDC ignored: Spread too low.
2026-02-17 22:40:42 |INFO  |Tick: No signals generated (spreads too tight or API error)
2026-02-17 22:40:44 |INFO  |pair:WETH/USDC
2026-02-17 22:40:44 |INFO  |Generatiing signal for WETH/USDC...
2026-02-17 22:40:44 |INFO  |WETH/USDC Prices | CEX: 1993.13 | DEX: 2001.1539879530555
2026-02-17 22:40:44 |INFO  |📊 WETH/USDC Spreads | BuyCex->SellDex: -20.16 bps | BuyDex->SellCex: -40.15 bps | Min Required: 10.00
2026-02-17 22:40:44 |INFO  |❌ WETH/USDC ignored: Spread too low.
2026-02-17 22:40:44 |INFO  |Tick: No signals generated (spreads too tight or API error)
2026-02-17 22:40:46 |INFO  |pair:WETH/USDC
2026-02-17 22:40:46 |INFO  |Generatiing signal for WETH/USDC...
2026-02-17 22:40:46 |INFO  |WETH/USDC Prices | CEX: 1993.13 | DEX: 2001.1539879530555
2026-02-17 22:40:46 |INFO  |📊 WETH/USDC Spreads | BuyCex->SellDex: -20.16 bps | BuyDex->SellCex: -40.15 bps | Min Required: 10.00
2026-02-17 22:40:46 |INFO  |❌ WETH/USDC ignored: Spread too low.
2026-02-17 22:40:46 |INFO  |Tick: No signals generated (spreads too tight or API error)
2026-02-17 22:40:49 |INFO  |pair:WETH/USDC
2026-02-17 22:40:49 |INFO  |Generatiing signal for WETH/USDC...
2026-02-17 22:40:49 |INFO  |WETH/USDC Prices | CEX: 1993.13 | DEX: 2001.1539879530555
2026-02-17 22:40:49 |INFO  |📊 WETH/USDC Spreads | BuyCex->SellDex: -20.16 bps | BuyDex->SellCex: -40.15 bps | Min Required: 10.00
2026-02-17 22:40:49 |INFO  |❌ WETH/USDC ignored: Spread too low.
2026-02-17 22:40:49 |INFO  |Tick: No signals generated (spreads too tight or API error)
2026-02-17 22:40:51 |INFO  |pair:WETH/USDC
2026-02-17 22:40:51 |INFO  |Generatiing signal for WETH/USDC...
2026-02-17 22:40:51 |INFO  |WETH/USDC Prices | CEX: 1993.13 | DEX: 2001.1539879530555
2026-02-17 22:40:51 |INFO  |📊 WETH/USDC Spreads | BuyCex->SellDex: -20.16 bps | BuyDex->SellCex: -40.15 bps | Min Required: 10.00
2026-02-17 22:40:51 |INFO  |❌ WETH/USDC ignored: Spread too low.
2026-02-17 22:40:51 |INFO  |Tick: No signals generated (spreads too tight or API error)
2026-02-17 22:40:53 |INFO  |pair:WETH/USDC
2026-02-17 22:40:53 |INFO  |Generatiing signal for WETH/USDC...
2026-02-17 22:40:54 |INFO  |WETH/USDC Prices | CEX: 1993.13 | DEX: 2001.1539879530555
2026-02-17 22:40:54 |INFO  |📊 WETH/USDC Spreads | BuyCex->SellDex: -20.16 bps | BuyDex->SellCex: -40.15 bps | Min Required: 10.00
2026-02-17 22:40:54 |INFO  |❌ WETH/USDC ignored: Spread too low.
2026-02-17 22:40:54 |INFO  |Tick: No signals generated (spreads too tight or API error)
2026-02-17 22:40:56 |INFO  |pair:WETH/USDC
2026-02-17 22:40:56 |INFO  |Generatiing signal for WETH/USDC...
2026-02-17 22:40:56 |INFO  |WETH/USDC Prices | CEX: 1993.13 | DEX: 2001.1539879530555
2026-02-17 22:40:56 |INFO  |📊 WETH/USDC Spreads | BuyCex->SellDex: -20.16 bps | BuyDex->SellCex: -40.15 bps | Min Required: 10.00
2026-02-17 22:40:56 |INFO  |❌ WETH/USDC ignored: Spread too low.
2026-02-17 22:40:56 |INFO  |Tick: No signals generated (spreads too tight or API error)
2026-02-17 22:40:58 |INFO  |pair:WETH/USDC
2026-02-17 22:40:58 |INFO  |Generatiing signal for WETH/USDC...
2026-02-17 22:40:59 |INFO  |WETH/USDC Prices | CEX: 1993.52 | DEX: 2001.1539932118571
2026-02-17 22:40:59 |INFO  |📊 WETH/USDC Spreads | BuyCex->SellDex: -22.11 bps | BuyDex->SellCex: -38.20 bps | Min Required: 10.00
2026-02-17 22:40:59 |INFO  |❌ WETH/USDC ignored: Spread too low.
2026-02-17 22:40:59 |INFO  |Tick: No signals generated (spreads too tight or API error)
2026-02-17 22:41:00 |INFO  |pair:WETH/USDC
2026-02-17 22:41:00 |INFO  |Generatiing signal for WETH/USDC...
2026-02-17 22:41:21 |INFO  |WETH/USDC Prices | CEX: 1993.52 | DEX: 2001.1539932118571
2026-02-17 22:41:21 |INFO  |📊 WETH/USDC Spreads | BuyCex->SellDex: -22.11 bps | BuyDex->SellCex: -38.20 bps | Min Required: 10.00
2026-02-17 22:41:21 |INFO  |❌ WETH/USDC ignored: Spread too low.
2026-02-17 22:41:21 |INFO  |Tick: No signals generated (spreads too tight or API error)
2026-02-17 22:41:03 |INFO  |pair:WETH/USDC
2026-02-17 22:41:03 |INFO  |Generatiing signal for WETH/USDC...
2026-02-17 22:41:03 |INFO  |WETH/USDC Prices | CEX: 1993.52 | DEX: 2001.1539932118571
2026-02-17 22:41:03 |INFO  |📊 WETH/USDC Spreads | BuyCex->SellDex: -22.11 bps | BuyDex->SellCex: -38.20 bps | Min Required: 10.00
2026-02-17 22:41:03 |INFO  |❌ WETH/USDC ignored: Spread too low.
2026-02-17 22:41:03 |INFO  |Tick: No signals generated (spreads too tight or API error)
2026-02-17 22:41:05 |INFO  |pair:WETH/USDC
2026-02-17 22:41:05 |INFO  |Generatiing signal for WETH/USDC...
2026-02-17 22:41:06 |INFO  |WETH/USDC Prices | CEX: 1994.21 | DEX: 2001.1540025158888
2026-02-17 22:41:06 |INFO  |📊 WETH/USDC Spreads | BuyCex->SellDex: -25.57 bps | BuyDex->SellCex: -34.75 bps | Min Required: 10.00
2026-02-17 22:41:06 |INFO  |❌ WETH/USDC ignored: Spread too low.
2026-02-17 22:41:06 |INFO  |Tick: No signals generated (spreads too tight or API error)
2026-02-17 22:41:08 |INFO  |pair:WETH/USDC
2026-02-17 22:41:08 |INFO  |Generatiing signal for WETH/USDC...
2026-02-17 22:41:08 |INFO  |WETH/USDC Prices | CEX: 1994.21 | DEX: 2001.1540025158888
2026-02-17 22:41:08 |INFO  |📊 WETH/USDC Spreads | BuyCex->SellDex: -25.57 bps | BuyDex->SellCex: -34.75 bps | Min Required: 10.00
2026-02-17 22:41:08 |INFO  |❌ WETH/USDC ignored: Spread too low.
2026-02-17 22:41:08 |INFO  |Tick: No signals generated (spreads too tight or API error)
2026-02-17 22:41:10 |INFO  |pair:WETH/USDC
2026-02-17 22:41:10 |INFO  |Generatiing signal for WETH/USDC...
2026-02-17 22:41:10 |INFO  |WETH/USDC Prices | CEX: 1994.21 | DEX: 2001.1540025158888
2026-02-17 22:41:10 |INFO  |📊 WETH/USDC Spreads | BuyCex->SellDex: -25.57 bps | BuyDex->SellCex: -34.75 bps | Min Required: 10.00
2026-02-17 22:41:10 |INFO  |❌ WETH/USDC ignored: Spread too low.
2026-02-17 22:41:10 |INFO  |Tick: No signals generated (spreads too tight or API error)
2026-02-17 22:41:17 |INFO  |=== Configuring Bot for Arbitrum Mainnet (Dry Run) ===
2026-02-17 22:41:17 |INFO  |Metrics server starting on http://localhost:3030/metrics
2026-02-17 22:41:17 |INFO  |Initializing ArbBot...
2026-02-17 22:41:17 |WARN  |PRODUCTION MODE ENABLED - REAL MONEY TRADING
2026-02-17 22:41:17 |INFO  |BINANCE_API_KEY
2026-02-17 22:41:17 |INFO  |BINANCE_SECRET
2026-02-17 22:41:21 |INFO  |Bot initialized in DRY RUN mode.
2026-02-17 22:41:21 |INFO  |DRY RUN MODE ENABLED - No trades will be executed
2026-02-17 22:41:21 |INFO  |Bot starting...
2026-02-17 22:41:23 |INFO  |pair:WETH/USDC
2026-02-17 22:41:23 |INFO  |Generatiing signal for WETH/USDC...
2026-02-17 22:41:23 |INFO  |WETH/USDC Prices | CEX: 1994.31 | DEX: 7981.822871326291
2026-02-17 22:41:23 |INFO  |📊 WETH/USDC Spreads | BuyCex->SellDex: -26.07 bps | BuyDex->SellCex: -7501.45 bps | Min Required: 10.00
2026-02-17 22:41:23 |INFO  |❌ WETH/USDC ignored: Spread too low.
2026-02-17 22:41:23 |INFO  |Tick: No signals generated (spreads too tight or API error)
2026-02-17 22:41:26 |INFO  |pair:WETH/USDC
2026-02-17 22:41:26 |INFO  |Generatiing signal for WETH/USDC...
2026-02-17 22:41:26 |INFO  |WETH/USDC Prices | CEX: 1994.48 | DEX: 7982.503272858357
2026-02-17 22:41:26 |INFO  |📊 WETH/USDC Spreads | BuyCex->SellDex: -26.92 bps | BuyDex->SellCex: -7501.45 bps | Min Required: 10.00
2026-02-17 22:41:26 |INFO  |❌ WETH/USDC ignored: Spread too low.
2026-02-17 22:41:26 |INFO  |Tick: No signals generated (spreads too tight or API error)
2026-02-17 22:41:28 |INFO  |pair:WETH/USDC
2026-02-17 22:41:28 |INFO  |Generatiing signal for WETH/USDC...
2026-02-17 22:41:28 |INFO  |WETH/USDC Prices | CEX: 1994.48 | DEX: 7982.503272858357
2026-02-17 22:41:28 |INFO  |📊 WETH/USDC Spreads | BuyCex->SellDex: -26.92 bps | BuyDex->SellCex: -7501.45 bps | Min Required: 10.00
2026-02-17 22:41:28 |INFO  |❌ WETH/USDC ignored: Spread too low.
2026-02-17 22:41:28 |INFO  |Tick: No signals generated (spreads too tight or API error)
2026-02-17 22:41:30 |INFO  |pair:WETH/USDC
2026-02-17 22:41:30 |INFO  |Generatiing signal for WETH/USDC...
2026-02-17 22:41:31 |INFO  |WETH/USDC Prices | CEX: 1994.48 | DEX: 7982.503272858357
2026-02-17 22:41:31 |INFO  |📊 WETH/USDC Spreads | BuyCex->SellDex: -26.92 bps | BuyDex->SellCex: -7501.45 bps | Min Required: 10.00
2026-02-17 22:41:31 |INFO  |❌ WETH/USDC ignored: Spread too low.
2026-02-17 22:41:31 |INFO  |Tick: No signals generated (spreads too tight or API error)
2026-02-17 22:41:33 |INFO  |pair:WETH/USDC
2026-02-17 22:41:33 |INFO  |Generatiing signal for WETH/USDC...
2026-02-17 22:41:33 |INFO  |WETH/USDC Prices | CEX: 1994.48 | DEX: 7982.503272858357
2026-02-17 22:41:33 |INFO  |📊 WETH/USDC Spreads | BuyCex->SellDex: -26.92 bps | BuyDex->SellCex: -7501.45 bps | Min Required: 10.00
2026-02-17 22:41:33 |INFO  |❌ WETH/USDC ignored: Spread too low.
2026-02-17 22:41:33 |INFO  |Tick: No signals generated (spreads too tight or API error)
2026-02-17 22:41:35 |INFO  |pair:WETH/USDC
2026-02-17 22:41:35 |INFO  |Generatiing signal for WETH/USDC...
2026-02-17 22:41:35 |INFO  |WETH/USDC Prices | CEX: 1994.64 | DEX: 7983.143650747004
2026-02-17 22:41:35 |INFO  |📊 WETH/USDC Spreads | BuyCex->SellDex: -27.72 bps | BuyDex->SellCex: -7501.45 bps | Min Required: 10.00
2026-02-17 22:41:35 |INFO  |❌ WETH/USDC ignored: Spread too low.
2026-02-17 22:41:35 |INFO  |Tick: No signals generated (spreads too tight or API error)
2026-02-17 22:41:38 |INFO  |pair:WETH/USDC
2026-02-17 22:41:38 |INFO  |Generatiing signal for WETH/USDC...
2026-02-17 22:41:38 |INFO  |WETH/USDC Prices | CEX: 1994.88 | DEX: 7984.104217582562
2026-02-17 22:41:38 |INFO  |📊 WETH/USDC Spreads | BuyCex->SellDex: -28.92 bps | BuyDex->SellCex: -7501.45 bps | Min Required: 10.00
2026-02-17 22:41:38 |INFO  |❌ WETH/USDC ignored: Spread too low.
2026-02-17 22:41:38 |INFO  |Tick: No signals generated (spreads too tight or API error)
2026-02-17 22:41:40 |INFO  |pair:WETH/USDC
2026-02-17 22:41:40 |INFO  |Generatiing signal for WETH/USDC...
2026-02-17 22:41:40 |INFO  |WETH/USDC Prices | CEX: 1995.12 | DEX: 7985.064784394326
2026-02-17 22:41:40 |INFO  |📊 WETH/USDC Spreads | BuyCex->SellDex: -30.12 bps | BuyDex->SellCex: -7501.45 bps | Min Required: 10.00
2026-02-17 22:41:40 |INFO  |❌ WETH/USDC ignored: Spread too low.
2026-02-17 22:41:40 |INFO  |Tick: No signals generated (spreads too tight or API error)
2026-02-17 22:41:42 |INFO  |pair:WETH/USDC
2026-02-17 22:41:42 |INFO  |Generatiing signal for WETH/USDC...
2026-02-17 22:41:42 |INFO  |WETH/USDC Prices | CEX: 1995.12 | DEX: 7985.064784394326
2026-02-17 22:41:42 |INFO  |📊 WETH/USDC Spreads | BuyCex->SellDex: -30.12 bps | BuyDex->SellCex: -7501.45 bps | Min Required: 10.00
2026-02-17 22:41:42 |INFO  |❌ WETH/USDC ignored: Spread too low.
2026-02-17 22:41:42 |INFO  |Tick: No signals generated (spreads too tight or API error)
2026-02-17 22:41:44 |INFO  |pair:WETH/USDC
2026-02-17 22:41:44 |INFO  |Generatiing signal for WETH/USDC...
2026-02-17 22:41:45 |INFO  |WETH/USDC Prices | CEX: 1995.75 | DEX: 7987.586272360599
2026-02-17 22:41:45 |INFO  |📊 WETH/USDC Spreads | BuyCex->SellDex: -33.26 bps | BuyDex->SellCex: -7501.45 bps | Min Required: 10.00
2026-02-17 22:41:45 |INFO  |❌ WETH/USDC ignored: Spread too low.
2026-02-17 22:41:45 |INFO  |Tick: No signals generated (spreads too tight or API error)
2026-02-17 22:41:47 |INFO  |pair:WETH/USDC
2026-02-17 22:41:47 |INFO  |Generatiing signal for WETH/USDC...
2026-02-17 22:41:47 |INFO  |WETH/USDC Prices | CEX: 1995.75 | DEX: 7987.586272360599
2026-02-17 22:41:47 |INFO  |📊 WETH/USDC Spreads | BuyCex->SellDex: -33.26 bps | BuyDex->SellCex: -7501.45 bps | Min Required: 10.00
2026-02-17 22:41:47 |INFO  |❌ WETH/USDC ignored: Spread too low.
2026-02-17 22:41:47 |INFO  |Tick: No signals generated (spreads too tight or API error)
2026-02-17 22:41:49 |INFO  |pair:WETH/USDC
2026-02-17 22:41:49 |INFO  |Generatiing signal for WETH/USDC...
2026-02-17 22:41:50 |INFO  |WETH/USDC Prices | CEX: 1995.04 | DEX: 7984.74459547466
2026-02-17 22:41:50 |INFO  |📊 WETH/USDC Spreads | BuyCex->SellDex: -29.72 bps | BuyDex->SellCex: -7501.45 bps | Min Required: 10.00
2026-02-17 22:41:50 |INFO  |❌ WETH/USDC ignored: Spread too low.
2026-02-17 22:41:50 |INFO  |Tick: No signals generated (spreads too tight or API error)
2026-02-17 22:41:52 |INFO  |pair:WETH/USDC
2026-02-17 22:41:52 |INFO  |Generatiing signal for WETH/USDC...
2026-02-17 22:41:52 |INFO  |WETH/USDC Prices | CEX: 1995.04 | DEX: 7984.74459547466
2026-02-17 22:41:52 |INFO  |📊 WETH/USDC Spreads | BuyCex->SellDex: -29.72 bps | BuyDex->SellCex: -7501.45 bps | Min Required: 10.00
2026-02-17 22:41:52 |INFO  |❌ WETH/USDC ignored: Spread too low.
2026-02-17 22:41:52 |INFO  |Tick: No signals generated (spreads too tight or API error)
2026-02-17 22:41:54 |INFO  |pair:WETH/USDC
2026-02-17 22:41:54 |INFO  |Generatiing signal for WETH/USDC...
2026-02-17 22:41:55 |INFO  |WETH/USDC Prices | CEX: 1995.04 | DEX: 7984.74459547466
2026-02-17 22:41:55 |INFO  |📊 WETH/USDC Spreads | BuyCex->SellDex: -29.72 bps | BuyDex->SellCex: -7501.45 bps | Min Required: 10.00
2026-02-17 22:41:55 |INFO  |❌ WETH/USDC ignored: Spread too low.
2026-02-17 22:41:55 |INFO  |Tick: No signals generated (spreads too tight or API error)
2026-02-17 22:41:56 |INFO  |pair:WETH/USDC
2026-02-17 22:41:56 |INFO  |Generatiing signal for WETH/USDC...
2026-02-17 22:41:57 |INFO  |WETH/USDC Prices | CEX: 1995.04 | DEX: 7984.74459547466
2026-02-17 22:41:57 |INFO  |📊 WETH/USDC Spreads | BuyCex->SellDex: -29.72 bps | BuyDex->SellCex: -7501.45 bps | Min Required: 10.00
2026-02-17 22:41:57 |INFO  |❌ WETH/USDC ignored: Spread too low.
2026-02-17 22:41:57 |INFO  |Tick: No signals generated (spreads too tight or API error)
2026-02-17 22:41:59 |INFO  |pair:WETH/USDC
2026-02-17 22:41:59 |INFO  |Generatiing signal for WETH/USDC...
2026-02-17 22:41:59 |INFO  |WETH/USDC Prices | CEX: 1995.04 | DEX: 7984.74459547466
2026-02-17 22:41:59 |INFO  |📊 WETH/USDC Spreads | BuyCex->SellDex: -29.72 bps | BuyDex->SellCex: -7501.45 bps | Min Required: 10.00
2026-02-17 22:41:59 |INFO  |❌ WETH/USDC ignored: Spread too low.
2026-02-17 22:41:59 |INFO  |Tick: No signals generated (spreads too tight or API error)
2026-02-17 22:42:21 |INFO  |pair:WETH/USDC
2026-02-17 22:42:21 |INFO  |Generatiing signal for WETH/USDC...
2026-02-17 22:42:21 |INFO  |WETH/USDC Prices | CEX: 1994.81 | DEX: 7983.824052255203
2026-02-17 22:42:21 |INFO  |📊 WETH/USDC Spreads | BuyCex->SellDex: -28.57 bps | BuyDex->SellCex: -7501.45 bps | Min Required: 10.00
2026-02-17 22:42:21 |INFO  |❌ WETH/USDC ignored: Spread too low.
2026-02-17 22:42:21 |INFO  |Tick: No signals generated (spreads too tight or API error)
2026-02-17 22:42:04 |INFO  |pair:WETH/USDC
2026-02-17 22:42:04 |INFO  |Generatiing signal for WETH/USDC...
2026-02-17 22:42:04 |INFO  |WETH/USDC Prices | CEX: 1995.04 | DEX: 7984.74459547466
2026-02-17 22:42:04 |INFO  |📊 WETH/USDC Spreads | BuyCex->SellDex: -29.72 bps | BuyDex->SellCex: -7501.45 bps | Min Required: 10.00
2026-02-17 22:42:04 |INFO  |❌ WETH/USDC ignored: Spread too low.
2026-02-17 22:42:04 |INFO  |Tick: No signals generated (spreads too tight or API error)
2026-02-17 22:42:06 |INFO  |pair:WETH/USDC
2026-02-17 22:42:06 |INFO  |Generatiing signal for WETH/USDC...
2026-02-17 22:42:07 |INFO  |WETH/USDC Prices | CEX: 1995.04 | DEX: 7984.74459547466
2026-02-17 22:42:07 |INFO  |📊 WETH/USDC Spreads | BuyCex->SellDex: -29.72 bps | BuyDex->SellCex: -7501.45 bps | Min Required: 10.00
2026-02-17 22:42:07 |INFO  |❌ WETH/USDC ignored: Spread too low.
2026-02-17 22:42:07 |INFO  |Tick: No signals generated (spreads too tight or API error)
2026-02-17 22:42:09 |INFO  |pair:WETH/USDC
2026-02-17 22:42:09 |INFO  |Generatiing signal for WETH/USDC...
2026-02-17 22:42:09 |INFO  |WETH/USDC Prices | CEX: 1995.2 | DEX: 7985.3849733681445
2026-02-17 22:42:09 |INFO  |📊 WETH/USDC Spreads | BuyCex->SellDex: -30.52 bps | BuyDex->SellCex: -7501.45 bps | Min Required: 10.00
2026-02-17 22:42:09 |INFO  |❌ WETH/USDC ignored: Spread too low.
2026-02-17 22:42:09 |INFO  |Tick: No signals generated (spreads too tight or API error)
2026-02-17 22:42:11 |INFO  |pair:WETH/USDC
2026-02-17 22:42:11 |INFO  |Generatiing signal for WETH/USDC...
2026-02-17 22:42:11 |INFO  |WETH/USDC Prices | CEX: 1995.2 | DEX: 7985.3849733681445
2026-02-17 22:42:11 |INFO  |📊 WETH/USDC Spreads | BuyCex->SellDex: -30.52 bps | BuyDex->SellCex: -7501.45 bps | Min Required: 10.00
2026-02-17 22:42:11 |INFO  |❌ WETH/USDC ignored: Spread too low.
2026-02-17 22:42:11 |INFO  |Tick: No signals generated (spreads too tight or API error)
2026-02-17 22:42:13 |INFO  |pair:WETH/USDC
2026-02-17 22:42:13 |INFO  |Generatiing signal for WETH/USDC...
2026-02-17 22:42:13 |INFO  |WETH/USDC Prices | CEX: 1995.6 | DEX: 7986.9859180809735
2026-02-17 22:42:13 |INFO  |📊 WETH/USDC Spreads | BuyCex->SellDex: -32.51 bps | BuyDex->SellCex: -7501.45 bps | Min Required: 10.00
2026-02-17 22:42:13 |INFO  |❌ WETH/USDC ignored: Spread too low.
2026-02-17 22:42:13 |INFO  |Tick: No signals generated (spreads too tight or API error)
2026-02-17 22:42:16 |INFO  |pair:WETH/USDC
2026-02-17 22:42:16 |INFO  |Generatiing signal for WETH/USDC...
2026-02-17 22:42:16 |INFO  |WETH/USDC Prices | CEX: 1995.12 | DEX: 7985.064784394326
2026-02-17 22:42:16 |INFO  |📊 WETH/USDC Spreads | BuyCex->SellDex: -30.12 bps | BuyDex->SellCex: -7501.45 bps | Min Required: 10.00
2026-02-17 22:42:16 |INFO  |❌ WETH/USDC ignored: Spread too low.
2026-02-17 22:42:16 |INFO  |Tick: No signals generated (spreads too tight or API error)
2026-02-17 22:42:18 |INFO  |pair:WETH/USDC
2026-02-17 22:42:18 |INFO  |Generatiing signal for WETH/USDC...
2026-02-17 22:42:19 |INFO  |WETH/USDC Prices | CEX: 1995.05 | DEX: 7984.784619092962
2026-02-17 22:42:19 |INFO  |📊 WETH/USDC Spreads | BuyCex->SellDex: -29.77 bps | BuyDex->SellCex: -7501.45 bps | Min Required: 10.00
2026-02-17 22:42:19 |INFO  |❌ WETH/USDC ignored: Spread too low.
2026-02-17 22:42:19 |INFO  |Tick: No signals generated (spreads too tight or API error)
2026-02-17 22:42:21 |INFO  |pair:WETH/USDC
2026-02-17 22:42:21 |INFO  |Generatiing signal for WETH/USDC...
2026-02-17 22:42:21 |INFO  |WETH/USDC Prices | CEX: 1994.91 | DEX: 7984.224288437224
2026-02-17 22:42:21 |INFO  |📊 WETH/USDC Spreads | BuyCex->SellDex: -29.07 bps | BuyDex->SellCex: -7501.45 bps | Min Required: 10.00
2026-02-17 22:42:21 |INFO  |❌ WETH/USDC ignored: Spread too low.
2026-02-17 22:42:21 |INFO  |Tick: No signals generated (spreads too tight or API error)
2026-02-17 22:42:22 |INFO  |HEALTH | uptime=62s | last_trade=Nones | cb_open=false | pnl=$0.00 | limit_reached=false
2026-02-17 22:42:23 |INFO  |pair:WETH/USDC
2026-02-17 22:42:23 |INFO  |Generatiing signal for WETH/USDC...
2026-02-17 22:42:24 |INFO  |WETH/USDC Prices | CEX: 1995.04 | DEX: 7984.74459547466
2026-02-17 22:42:24 |INFO  |📊 WETH/USDC Spreads | BuyCex->SellDex: -29.72 bps | BuyDex->SellCex: -7501.45 bps | Min Required: 10.00
2026-02-17 22:42:24 |INFO  |❌ WETH/USDC ignored: Spread too low.
2026-02-17 22:42:24 |INFO  |Tick: No signals generated (spreads too tight or API error)
2026-02-17 22:42:26 |INFO  |pair:WETH/USDC
2026-02-17 22:42:26 |INFO  |Generatiing signal for WETH/USDC...
2026-02-17 22:42:26 |INFO  |WETH/USDC Prices | CEX: 1994.81 | DEX: 7983.824052255203
2026-02-17 22:42:26 |INFO  |📊 WETH/USDC Spreads | BuyCex->SellDex: -28.57 bps | BuyDex->SellCex: -7501.45 bps | Min Required: 10.00
2026-02-17 22:42:26 |INFO  |❌ WETH/USDC ignored: Spread too low.
2026-02-17 22:42:26 |INFO  |Tick: No signals generated (spreads too tight or API error)
2026-02-17 22:42:28 |INFO  |pair:WETH/USDC
2026-02-17 22:42:28 |INFO  |Generatiing signal for WETH/USDC...
2026-02-17 22:42:28 |INFO  |WETH/USDC Prices | CEX: 1994.81 | DEX: 7983.824052255203
2026-02-17 22:42:28 |INFO  |📊 WETH/USDC Spreads | BuyCex->SellDex: -28.57 bps | BuyDex->SellCex: -7501.45 bps | Min Required: 10.00
2026-02-17 22:42:28 |INFO  |❌ WETH/USDC ignored: Spread too low.
2026-02-17 22:42:28 |INFO  |Tick: No signals generated (spreads too tight or API error)
2026-02-17 22:42:31 |INFO  |pair:WETH/USDC
2026-02-17 22:42:31 |INFO  |Generatiing signal for WETH/USDC...
2026-02-17 22:42:31 |INFO  |WETH/USDC Prices | CEX: 1994.81 | DEX: 7983.824052255203
2026-02-17 22:42:31 |INFO  |📊 WETH/USDC Spreads | BuyCex->SellDex: -28.57 bps | BuyDex->SellCex: -7501.45 bps | Min Required: 10.00
2026-02-17 22:42:31 |INFO  |❌ WETH/USDC ignored: Spread too low.
2026-02-17 22:42:31 |INFO  |Tick: No signals generated (spreads too tight or API error)
2026-02-17 22:42:33 |INFO  |pair:WETH/USDC
2026-02-17 22:42:33 |INFO  |Generatiing signal for WETH/USDC...
2026-02-17 22:42:34 |INFO  |WETH/USDC Prices | CEX: 1994.81 | DEX: 7983.824052255203
2026-02-17 22:42:34 |INFO  |📊 WETH/USDC Spreads | BuyCex->SellDex: -28.57 bps | BuyDex->SellCex: -7501.45 bps | Min Required: 10.00
2026-02-17 22:42:34 |INFO  |❌ WETH/USDC ignored: Spread too low.
2026-02-17 22:42:34 |INFO  |Tick: No signals generated (spreads too tight or API error)
2026-02-17 22:42:41 |INFO  |=== Configuring Bot for Arbitrum Mainnet (Dry Run) ===
2026-02-17 22:42:41 |INFO  |Metrics server starting on http://localhost:3030/metrics
2026-02-17 22:42:41 |INFO  |Initializing ArbBot...
2026-02-17 22:42:41 |WARN  |PRODUCTION MODE ENABLED - REAL MONEY TRADING
2026-02-17 22:42:41 |INFO  |BINANCE_API_KEY
2026-02-17 22:42:41 |INFO  |BINANCE_SECRET
2026-02-17 22:42:44 |INFO  |Bot initialized in DRY RUN mode.
2026-02-17 22:42:44 |INFO  |DRY RUN MODE ENABLED - No trades will be executed
2026-02-17 22:42:44 |INFO  |Bot starting...
2026-02-17 22:42:45 |INFO  |pair:WETH/USDC
2026-02-17 22:42:45 |INFO  |Generatiing signal for WETH/USDC...
2026-02-17 22:42:46 |INFO  |WETH/USDC Prices | CEX: 1993.72 | DEX: 7979461477906140000000
2026-02-17 22:42:46 |INFO  |📊 WETH/USDC Spreads | BuyCex->SellDex: -9995.21 bps | BuyDex->SellCex: -10000.00 bps | Min Required: 10.00
2026-02-17 22:42:46 |INFO  |❌ WETH/USDC ignored: Spread too low.
2026-02-17 22:42:46 |INFO  |Tick: No signals generated (spreads too tight or API error)
2026-02-17 22:42:48 |INFO  |pair:WETH/USDC
2026-02-17 22:42:48 |INFO  |Generatiing signal for WETH/USDC...
2026-02-17 22:42:48 |INFO  |WETH/USDC Prices | CEX: 1994.08 | DEX: 7980902328115889000000
2026-02-17 22:42:48 |INFO  |📊 WETH/USDC Spreads | BuyCex->SellDex: -9995.21 bps | BuyDex->SellCex: -10000.00 bps | Min Required: 10.00
2026-02-17 22:42:48 |INFO  |❌ WETH/USDC ignored: Spread too low.
2026-02-17 22:42:48 |INFO  |Tick: No signals generated (spreads too tight or API error)
2026-02-17 22:43:28 |INFO  |=== Configuring Bot for Arbitrum Mainnet (Dry Run) ===
2026-02-17 22:43:28 |INFO  |Metrics server starting on http://localhost:3030/metrics
2026-02-17 22:43:28 |INFO  |Initializing ArbBot...
2026-02-17 22:43:28 |WARN  |PRODUCTION MODE ENABLED - REAL MONEY TRADING
2026-02-17 22:43:28 |INFO  |BINANCE_API_KEY
2026-02-17 22:43:28 |INFO  |BINANCE_SECRET
2026-02-17 22:43:31 |INFO  |Bot initialized in DRY RUN mode.
2026-02-17 22:43:31 |INFO  |DRY RUN MODE ENABLED - No trades will be executed
2026-02-17 22:43:31 |INFO  |Bot starting...
2026-02-17 22:43:33 |INFO  |pair:WETH/USDC
2026-02-17 22:43:33 |INFO  |Generatiing signal for WETH/USDC...
2026-02-17 22:43:33 |INFO  |WETH/USDC Prices | CEX: 1993.37 | DEX: 7978060651267004000000
2026-02-17 22:43:33 |INFO  |📊 WETH/USDC Spreads | BuyCex->SellDex: -9995.21 bps | BuyDex->SellCex: -10000.00 bps | Min Required: 10.00
2026-02-17 22:43:33 |INFO  |❌ WETH/USDC ignored: Spread too low.
2026-02-17 22:43:33 |INFO  |Tick: No signals generated (spreads too tight or API error)
2026-02-17 22:43:35 |INFO  |pair:WETH/USDC
2026-02-17 22:43:35 |INFO  |Generatiing signal for WETH/USDC...
2026-02-17 22:43:36 |INFO  |WETH/USDC Prices | CEX: 1993.13 | DEX: 7977100084477868000000
2026-02-17 22:43:36 |INFO  |📊 WETH/USDC Spreads | BuyCex->SellDex: -9995.21 bps | BuyDex->SellCex: -10000.00 bps | Min Required: 10.00
2026-02-17 22:43:36 |INFO  |❌ WETH/USDC ignored: Spread too low.
2026-02-17 22:43:36 |INFO  |Tick: No signals generated (spreads too tight or API error)
2026-02-17 22:43:48 |INFO  |=== Configuring Bot for Arbitrum Mainnet (Dry Run) ===
2026-02-17 22:43:48 |INFO  |Metrics server starting on http://localhost:3030/metrics
2026-02-17 22:43:48 |INFO  |Initializing ArbBot...
2026-02-17 22:43:48 |WARN  |PRODUCTION MODE ENABLED - REAL MONEY TRADING
2026-02-17 22:43:48 |INFO  |BINANCE_API_KEY
2026-02-17 22:43:48 |INFO  |BINANCE_SECRET
2026-02-17 22:43:51 |INFO  |Bot initialized in DRY RUN mode.
2026-02-17 22:43:51 |INFO  |DRY RUN MODE ENABLED - No trades will be executed
2026-02-17 22:43:51 |INFO  |Bot starting...
2026-02-17 22:43:52 |INFO  |pair:WETH/USDC
2026-02-17 22:43:52 |INFO  |Generatiing signal for WETH/USDC...
2026-02-17 22:43:52 |INFO  |WETH/USDC Prices | CEX: 1992.89 | DEX: 2001.1539847168708
2026-02-17 22:43:52 |INFO  |📊 WETH/USDC Spreads | BuyCex->SellDex: -18.96 bps | BuyDex->SellCex: -41.35 bps | Min Required: 10.00
2026-02-17 22:43:52 |INFO  |❌ WETH/USDC ignored: Spread too low.
2026-02-17 22:43:52 |INFO  |Tick: No signals generated (spreads too tight or API error)
2026-02-17 22:43:54 |INFO  |pair:WETH/USDC
2026-02-17 22:43:54 |INFO  |Generatiing signal for WETH/USDC...
2026-02-17 22:43:55 |INFO  |WETH/USDC Prices | CEX: 1992.89 | DEX: 2001.1539847168708
2026-02-17 22:43:55 |INFO  |📊 WETH/USDC Spreads | BuyCex->SellDex: -18.96 bps | BuyDex->SellCex: -41.35 bps | Min Required: 10.00
2026-02-17 22:43:55 |INFO  |❌ WETH/USDC ignored: Spread too low.
2026-02-17 22:43:55 |INFO  |Tick: No signals generated (spreads too tight or API error)
2026-02-17 22:43:57 |INFO  |pair:WETH/USDC
2026-02-17 22:43:57 |INFO  |Generatiing signal for WETH/USDC...
2026-02-17 22:43:58 |INFO  |WETH/USDC Prices | CEX: 1992.89 | DEX: 2001.1539847168708
2026-02-17 22:43:58 |INFO  |📊 WETH/USDC Spreads | BuyCex->SellDex: -18.96 bps | BuyDex->SellCex: -41.35 bps | Min Required: 10.00
2026-02-17 22:43:58 |INFO  |❌ WETH/USDC ignored: Spread too low.
2026-02-17 22:43:58 |INFO  |Tick: No signals generated (spreads too tight or API error)
2026-02-17 22:44:00 |INFO  |pair:WETH/USDC
2026-02-17 22:44:00 |INFO  |Generatiing signal for WETH/USDC...
2026-02-17 22:44:00 |INFO  |WETH/USDC Prices | CEX: 1992.47 | DEX: 2001.1539790535471
2026-02-17 22:44:00 |INFO  |📊 WETH/USDC Spreads | BuyCex->SellDex: -16.86 bps | BuyDex->SellCex: -43.44 bps | Min Required: 10.00
2026-02-17 22:44:00 |INFO  |❌ WETH/USDC ignored: Spread too low.
2026-02-17 22:44:00 |INFO  |Tick: No signals generated (spreads too tight or API error)
2026-02-17 22:44:02 |INFO  |pair:WETH/USDC
2026-02-17 22:44:02 |INFO  |Generatiing signal for WETH/USDC...
2026-02-17 22:44:03 |INFO  |WETH/USDC Prices | CEX: 1992.33 | DEX: 2001.1539771657729
2026-02-17 22:44:03 |INFO  |📊 WETH/USDC Spreads | BuyCex->SellDex: -16.15 bps | BuyDex->SellCex: -44.14 bps | Min Required: 10.00
2026-02-17 22:44:03 |INFO  |❌ WETH/USDC ignored: Spread too low.
2026-02-17 22:44:03 |INFO  |Tick: No signals generated (spreads too tight or API error)
2026-02-17 22:44:05 |INFO  |pair:WETH/USDC
2026-02-17 22:44:05 |INFO  |Generatiing signal for WETH/USDC...
2026-02-17 22:44:05 |INFO  |WETH/USDC Prices | CEX: 1992.33 | DEX: 2001.1539771657729
2026-02-17 22:44:05 |INFO  |📊 WETH/USDC Spreads | BuyCex->SellDex: -16.15 bps | BuyDex->SellCex: -44.14 bps | Min Required: 10.00
2026-02-17 22:44:05 |INFO  |❌ WETH/USDC ignored: Spread too low.
2026-02-17 22:44:05 |INFO  |Tick: No signals generated (spreads too tight or API error)
2026-02-17 22:44:08 |INFO  |pair:WETH/USDC
2026-02-17 22:44:08 |INFO  |Generatiing signal for WETH/USDC...
2026-02-17 22:44:08 |INFO  |WETH/USDC Prices | CEX: 1992.33 | DEX: 2001.1539771657729
2026-02-17 22:44:08 |INFO  |📊 WETH/USDC Spreads | BuyCex->SellDex: -16.15 bps | BuyDex->SellCex: -44.14 bps | Min Required: 10.00
2026-02-17 22:44:08 |INFO  |❌ WETH/USDC ignored: Spread too low.
2026-02-17 22:44:08 |INFO  |Tick: No signals generated (spreads too tight or API error)
2026-02-17 22:44:10 |INFO  |pair:WETH/USDC
2026-02-17 22:44:10 |INFO  |Generatiing signal for WETH/USDC...
2026-02-17 22:44:10 |INFO  |WETH/USDC Prices | CEX: 1992.33 | DEX: 2001.1539771657729
2026-02-17 22:44:10 |INFO  |📊 WETH/USDC Spreads | BuyCex->SellDex: -16.15 bps | BuyDex->SellCex: -44.14 bps | Min Required: 10.00
2026-02-17 22:44:10 |INFO  |❌ WETH/USDC ignored: Spread too low.
2026-02-17 22:44:10 |INFO  |Tick: No signals generated (spreads too tight or API error)
2026-02-17 22:44:12 |INFO  |pair:WETH/USDC
2026-02-17 22:44:12 |INFO  |Generatiing signal for WETH/USDC...
2026-02-17 22:44:13 |INFO  |WETH/USDC Prices | CEX: 1992.33 | DEX: 2001.1539771657729
2026-02-17 22:44:13 |INFO  |📊 WETH/USDC Spreads | BuyCex->SellDex: -16.15 bps | BuyDex->SellCex: -44.14 bps | Min Required: 10.00
2026-02-17 22:44:13 |INFO  |❌ WETH/USDC ignored: Spread too low.
2026-02-17 22:44:13 |INFO  |Tick: No signals generated (spreads too tight or API error)
2026-02-17 22:44:15 |INFO  |pair:WETH/USDC
2026-02-17 22:44:15 |INFO  |Generatiing signal for WETH/USDC...
2026-02-17 22:44:16 |INFO  |WETH/USDC Prices | CEX: 1992.33 | DEX: 2001.1539771657729
2026-02-17 22:44:16 |INFO  |📊 WETH/USDC Spreads | BuyCex->SellDex: -16.15 bps | BuyDex->SellCex: -44.14 bps | Min Required: 10.00
2026-02-17 22:44:16 |INFO  |❌ WETH/USDC ignored: Spread too low.
2026-02-17 22:44:16 |INFO  |Tick: No signals generated (spreads too tight or API error)
2026-02-17 22:44:18 |INFO  |pair:WETH/USDC
2026-02-17 22:44:18 |INFO  |Generatiing signal for WETH/USDC...
2026-02-17 22:44:18 |INFO  |WETH/USDC Prices | CEX: 1992.33 | DEX: 2001.1539771657729
2026-02-17 22:44:18 |INFO  |📊 WETH/USDC Spreads | BuyCex->SellDex: -16.15 bps | BuyDex->SellCex: -44.14 bps | Min Required: 10.00
2026-02-17 22:44:18 |INFO  |❌ WETH/USDC ignored: Spread too low.
2026-02-17 22:44:18 |INFO  |Tick: No signals generated (spreads too tight or API error)
2026-02-17 22:44:20 |INFO  |pair:WETH/USDC
2026-02-17 22:44:20 |INFO  |Generatiing signal for WETH/USDC...
2026-02-17 22:44:21 |INFO  |WETH/USDC Prices | CEX: 1992.17 | DEX: 2001.1539750083166
2026-02-17 22:44:21 |INFO  |📊 WETH/USDC Spreads | BuyCex->SellDex: -15.35 bps | BuyDex->SellCex: -44.94 bps | Min Required: 10.00
2026-02-17 22:44:21 |INFO  |❌ WETH/USDC ignored: Spread too low.
2026-02-17 22:44:21 |INFO  |Tick: No signals generated (spreads too tight or API error)
2026-02-17 22:44:23 |INFO  |pair:WETH/USDC
2026-02-17 22:44:23 |INFO  |Generatiing signal for WETH/USDC...
2026-02-17 22:44:23 |INFO  |WETH/USDC Prices | CEX: 1992.17 | DEX: 2001.1539750083166
2026-02-17 22:44:23 |INFO  |📊 WETH/USDC Spreads | BuyCex->SellDex: -15.35 bps | BuyDex->SellCex: -44.94 bps | Min Required: 10.00
2026-02-17 22:44:23 |INFO  |❌ WETH/USDC ignored: Spread too low.
2026-02-17 22:44:23 |INFO  |Tick: No signals generated (spreads too tight or API error)
2026-02-17 22:44:25 |INFO  |pair:WETH/USDC
2026-02-17 22:44:25 |INFO  |Generatiing signal for WETH/USDC...
2026-02-17 22:44:26 |INFO  |WETH/USDC Prices | CEX: 1992.17 | DEX: 2001.1539750083166
2026-02-17 22:44:26 |INFO  |📊 WETH/USDC Spreads | BuyCex->SellDex: -15.35 bps | BuyDex->SellCex: -44.94 bps | Min Required: 10.00
2026-02-17 22:44:26 |INFO  |❌ WETH/USDC ignored: Spread too low.
2026-02-17 22:44:26 |INFO  |Tick: No signals generated (spreads too tight or API error)
2026-02-17 22:44:28 |INFO  |pair:WETH/USDC
2026-02-17 22:44:28 |INFO  |Generatiing signal for WETH/USDC...
2026-02-17 22:44:28 |INFO  |WETH/USDC Prices | CEX: 1992.09 | DEX: 2001.1539739295883
2026-02-17 22:44:28 |INFO  |📊 WETH/USDC Spreads | BuyCex->SellDex: -14.95 bps | BuyDex->SellCex: -45.34 bps | Min Required: 10.00
2026-02-17 22:44:28 |INFO  |❌ WETH/USDC ignored: Spread too low.
2026-02-17 22:44:28 |INFO  |Tick: No signals generated (spreads too tight or API error)
2026-02-17 22:44:30 |INFO  |pair:WETH/USDC
2026-02-17 22:44:30 |INFO  |Generatiing signal for WETH/USDC...
2026-02-17 22:44:30 |INFO  |WETH/USDC Prices | CEX: 1992.09 | DEX: 2001.1539739295883
2026-02-17 22:44:30 |INFO  |📊 WETH/USDC Spreads | BuyCex->SellDex: -14.95 bps | BuyDex->SellCex: -45.34 bps | Min Required: 10.00
2026-02-17 22:44:30 |INFO  |❌ WETH/USDC ignored: Spread too low.
2026-02-17 22:44:30 |INFO  |Tick: No signals generated (spreads too tight or API error)
2026-02-17 22:44:32 |INFO  |pair:WETH/USDC
2026-02-17 22:44:32 |INFO  |Generatiing signal for WETH/USDC...
2026-02-17 22:44:33 |INFO  |WETH/USDC Prices | CEX: 1992.09 | DEX: 2001.1539739295883
2026-02-17 22:44:33 |INFO  |📊 WETH/USDC Spreads | BuyCex->SellDex: -14.95 bps | BuyDex->SellCex: -45.34 bps | Min Required: 10.00
2026-02-17 22:44:33 |INFO  |❌ WETH/USDC ignored: Spread too low.
2026-02-17 22:44:33 |INFO  |Tick: No signals generated (spreads too tight or API error)
2026-02-17 22:44:35 |INFO  |pair:WETH/USDC
2026-02-17 22:44:35 |INFO  |Generatiing signal for WETH/USDC...
2026-02-17 22:44:35 |INFO  |WETH/USDC Prices | CEX: 1992.09 | DEX: 2001.1539739295883
2026-02-17 22:44:35 |INFO  |📊 WETH/USDC Spreads | BuyCex->SellDex: -14.95 bps | BuyDex->SellCex: -45.34 bps | Min Required: 10.00
2026-02-17 22:44:35 |INFO  |❌ WETH/USDC ignored: Spread too low.
2026-02-17 22:44:35 |INFO  |Tick: No signals generated (spreads too tight or API error)
2026-02-17 22:44:37 |INFO  |pair:WETH/USDC
2026-02-17 22:44:37 |INFO  |Generatiing signal for WETH/USDC...
2026-02-17 22:44:37 |INFO  |WETH/USDC Prices | CEX: 1992.09 | DEX: 2001.1539739295883
2026-02-17 22:44:37 |INFO  |📊 WETH/USDC Spreads | BuyCex->SellDex: -14.95 bps | BuyDex->SellCex: -45.34 bps | Min Required: 10.00
2026-02-17 22:44:37 |INFO  |❌ WETH/USDC ignored: Spread too low.
2026-02-17 22:44:37 |INFO  |Tick: No signals generated (spreads too tight or API error)
2026-02-17 22:44:40 |INFO  |pair:WETH/USDC
2026-02-17 22:44:40 |INFO  |Generatiing signal for WETH/USDC...
2026-02-17 22:44:40 |INFO  |WETH/USDC Prices | CEX: 1991.93 | DEX: 2001.153971772131
2026-02-17 22:44:40 |INFO  |📊 WETH/USDC Spreads | BuyCex->SellDex: -14.15 bps | BuyDex->SellCex: -46.14 bps | Min Required: 10.00
2026-02-17 22:44:40 |INFO  |❌ WETH/USDC ignored: Spread too low.
2026-02-17 22:44:40 |INFO  |Tick: No signals generated (spreads too tight or API error)
2026-02-17 22:44:42 |INFO  |pair:WETH/USDC
2026-02-17 22:44:42 |INFO  |Generatiing signal for WETH/USDC...
2026-02-17 22:44:42 |INFO  |WETH/USDC Prices | CEX: 1991.85 | DEX: 2001.1539706866613
2026-02-17 22:44:42 |INFO  |📊 WETH/USDC Spreads | BuyCex->SellDex: -13.75 bps | BuyDex->SellCex: -46.54 bps | Min Required: 10.00
2026-02-17 22:44:42 |INFO  |❌ WETH/USDC ignored: Spread too low.
2026-02-17 22:44:42 |INFO  |Tick: No signals generated (spreads too tight or API error)
2026-02-17 22:44:44 |INFO  |pair:WETH/USDC
2026-02-17 22:44:44 |INFO  |Generatiing signal for WETH/USDC...
2026-02-17 22:44:45 |INFO  |WETH/USDC Prices | CEX: 1991.85 | DEX: 2001.1539706866613
2026-02-17 22:44:45 |INFO  |📊 WETH/USDC Spreads | BuyCex->SellDex: -13.75 bps | BuyDex->SellCex: -46.54 bps | Min Required: 10.00
2026-02-17 22:44:45 |INFO  |❌ WETH/USDC ignored: Spread too low.
2026-02-17 22:44:45 |INFO  |Tick: No signals generated (spreads too tight or API error)
2026-02-17 22:44:47 |INFO  |pair:WETH/USDC
2026-02-17 22:44:47 |INFO  |Generatiing signal for WETH/USDC...
2026-02-17 22:44:47 |INFO  |WETH/USDC Prices | CEX: 1991.85 | DEX: 2001.1539706866613
2026-02-17 22:44:47 |INFO  |📊 WETH/USDC Spreads | BuyCex->SellDex: -13.75 bps | BuyDex->SellCex: -46.54 bps | Min Required: 10.00
2026-02-17 22:44:47 |INFO  |❌ WETH/USDC ignored: Spread too low.
2026-02-17 22:44:47 |INFO  |Tick: No signals generated (spreads too tight or API error)
2026-02-17 22:44:49 |INFO  |pair:WETH/USDC
2026-02-17 22:44:49 |INFO  |Generatiing signal for WETH/USDC...
2026-02-17 22:44:50 |INFO  |WETH/USDC Prices | CEX: 1991.85 | DEX: 2001.1539706866613
2026-02-17 22:44:50 |INFO  |📊 WETH/USDC Spreads | BuyCex->SellDex: -13.75 bps | BuyDex->SellCex: -46.54 bps | Min Required: 10.00
2026-02-17 22:44:50 |INFO  |❌ WETH/USDC ignored: Spread too low.
2026-02-17 22:44:50 |INFO  |Tick: No signals generated (spreads too tight or API error)
2026-02-17 22:44:52 |INFO  |pair:WETH/USDC
2026-02-17 22:44:52 |INFO  |Generatiing signal for WETH/USDC...
2026-02-17 22:44:52 |INFO  |WETH/USDC Prices | CEX: 1992.08 | DEX: 2001.1539737880057
2026-02-17 22:44:52 |INFO  |📊 WETH/USDC Spreads | BuyCex->SellDex: -14.90 bps | BuyDex->SellCex: -45.39 bps | Min Required: 10.00
2026-02-17 22:44:52 |INFO  |❌ WETH/USDC ignored: Spread too low.
2026-02-17 22:44:52 |INFO  |Tick: No signals generated (spreads too tight or API error)
2026-02-17 22:44:53 |INFO  |HEALTH | uptime=62s | last_trade=Nones | cb_open=false | pnl=$0.00 | limit_reached=false
2026-02-17 22:44:54 |INFO  |pair:WETH/USDC
2026-02-17 22:44:54 |INFO  |Generatiing signal for WETH/USDC...
2026-02-17 22:44:54 |INFO  |WETH/USDC Prices | CEX: 1992.08 | DEX: 2001.1539737880057
2026-02-17 22:44:54 |INFO  |📊 WETH/USDC Spreads | BuyCex->SellDex: -14.90 bps | BuyDex->SellCex: -45.39 bps | Min Required: 10.00
2026-02-17 22:44:54 |INFO  |❌ WETH/USDC ignored: Spread too low.
2026-02-17 22:44:54 |INFO  |Tick: No signals generated (spreads too tight or API error)
2026-02-17 22:44:56 |INFO  |pair:WETH/USDC
2026-02-17 22:44:56 |INFO  |Generatiing signal for WETH/USDC...
2026-02-17 22:44:56 |INFO  |WETH/USDC Prices | CEX: 1991.77 | DEX: 2001.1539696146747
2026-02-17 22:44:56 |INFO  |📊 WETH/USDC Spreads | BuyCex->SellDex: -13.35 bps | BuyDex->SellCex: -46.94 bps | Min Required: 10.00
2026-02-17 22:44:56 |INFO  |❌ WETH/USDC ignored: Spread too low.
2026-02-17 22:44:56 |INFO  |Tick: No signals generated (spreads too tight or API error)
2026-02-17 22:44:58 |INFO  |pair:WETH/USDC
2026-02-17 22:44:58 |INFO  |Generatiing signal for WETH/USDC...
2026-02-17 22:44:59 |INFO  |WETH/USDC Prices | CEX: 1991.61 | DEX: 2001.1539674572177
2026-02-17 22:44:59 |INFO  |📊 WETH/USDC Spreads | BuyCex->SellDex: -12.55 bps | BuyDex->SellCex: -47.74 bps | Min Required: 10.00
2026-02-17 22:44:59 |INFO  |❌ WETH/USDC ignored: Spread too low.
2026-02-17 22:44:59 |INFO  |Tick: No signals generated (spreads too tight or API error)
2026-02-17 22:45:00 |INFO  |pair:WETH/USDC
2026-02-17 22:45:00 |INFO  |Generatiing signal for WETH/USDC...
2026-02-17 22:45:21 |INFO  |WETH/USDC Prices | CEX: 1991.62 | DEX: 2001.1539675920594
2026-02-17 22:45:21 |INFO  |📊 WETH/USDC Spreads | BuyCex->SellDex: -12.60 bps | BuyDex->SellCex: -47.69 bps | Min Required: 10.00
2026-02-17 22:45:21 |INFO  |❌ WETH/USDC ignored: Spread too low.
2026-02-17 22:45:21 |INFO  |Tick: No signals generated (spreads too tight or API error)
2026-02-17 22:45:03 |INFO  |pair:WETH/USDC
2026-02-17 22:45:03 |INFO  |Generatiing signal for WETH/USDC...
2026-02-17 22:45:04 |INFO  |WETH/USDC Prices | CEX: 1991.53 | DEX: 2001.1539663784897
2026-02-17 22:45:04 |INFO  |📊 WETH/USDC Spreads | BuyCex->SellDex: -12.14 bps | BuyDex->SellCex: -48.14 bps | Min Required: 10.00
2026-02-17 22:45:04 |INFO  |❌ WETH/USDC ignored: Spread too low.
2026-02-17 22:45:04 |INFO  |Tick: No signals generated (spreads too tight or API error)
2026-02-17 22:45:07 |INFO  |pair:WETH/USDC
2026-02-17 22:45:07 |INFO  |Generatiing signal for WETH/USDC...
2026-02-17 22:45:07 |INFO  |WETH/USDC Prices | CEX: 1991.47 | DEX: 2001.1539655694428
2026-02-17 22:45:07 |INFO  |📊 WETH/USDC Spreads | BuyCex->SellDex: -11.84 bps | BuyDex->SellCex: -48.44 bps | Min Required: 10.00
2026-02-17 22:45:07 |INFO  |❌ WETH/USDC ignored: Spread too low.
2026-02-17 22:45:07 |INFO  |Tick: No signals generated (spreads too tight or API error)
2026-02-17 22:45:10 |INFO  |pair:WETH/USDC
2026-02-17 22:45:10 |INFO  |Generatiing signal for WETH/USDC...
2026-02-17 22:45:10 |INFO  |WETH/USDC Prices | CEX: 1991.13 | DEX: 2001.1539609848483
2026-02-17 22:45:10 |INFO  |📊 WETH/USDC Spreads | BuyCex->SellDex: -10.14 bps | BuyDex->SellCex: -50.14 bps | Min Required: 10.00
2026-02-17 22:45:10 |INFO  |❌ WETH/USDC ignored: Spread too low.
2026-02-17 22:45:10 |INFO  |Tick: No signals generated (spreads too tight or API error)
2026-02-17 22:45:12 |INFO  |pair:WETH/USDC
2026-02-17 22:45:12 |INFO  |Generatiing signal for WETH/USDC...
2026-02-17 22:45:13 |INFO  |WETH/USDC Prices | CEX: 1990.81 | DEX: 2001.1539566699346
2026-02-17 22:45:13 |INFO  |📊 WETH/USDC Spreads | BuyCex->SellDex: -8.53 bps | BuyDex->SellCex: -51.74 bps | Min Required: 10.00
2026-02-17 22:45:13 |INFO  |❌ WETH/USDC ignored: Spread too low.
2026-02-17 22:45:13 |INFO  |Tick: No signals generated (spreads too tight or API error)
2026-02-17 22:45:15 |INFO  |pair:WETH/USDC
2026-02-17 22:45:15 |INFO  |Generatiing signal for WETH/USDC...
2026-02-17 22:45:16 |INFO  |WETH/USDC Prices | CEX: 1990.49 | DEX: 2001.1539523550214
2026-02-17 22:45:16 |INFO  |📊 WETH/USDC Spreads | BuyCex->SellDex: -6.93 bps | BuyDex->SellCex: -53.34 bps | Min Required: 10.00
2026-02-17 22:45:16 |INFO  |❌ WETH/USDC ignored: Spread too low.
2026-02-17 22:45:16 |INFO  |Tick: No signals generated (spreads too tight or API error)
2026-02-17 22:45:18 |INFO  |pair:WETH/USDC
2026-02-17 22:45:18 |INFO  |Generatiing signal for WETH/USDC...
2026-02-17 22:45:18 |INFO  |WETH/USDC Prices | CEX: 1990.49 | DEX: 2001.1539523550214
2026-02-17 22:45:18 |INFO  |📊 WETH/USDC Spreads | BuyCex->SellDex: -6.93 bps | BuyDex->SellCex: -53.34 bps | Min Required: 10.00
2026-02-17 22:45:18 |INFO  |❌ WETH/USDC ignored: Spread too low.
2026-02-17 22:45:18 |INFO  |Tick: No signals generated (spreads too tight or API error)
2026-02-17 22:45:20 |INFO  |pair:WETH/USDC
2026-02-17 22:45:20 |INFO  |Generatiing signal for WETH/USDC...
2026-02-17 22:45:20 |INFO  |WETH/USDC Prices | CEX: 1989.29 | DEX: 2001.1539361740968
2026-02-17 22:45:20 |INFO  |📊 WETH/USDC Spreads | BuyCex->SellDex: -0.90 bps | BuyDex->SellCex: -59.34 bps | Min Required: 10.00
2026-02-17 22:45:20 |INFO  |❌ WETH/USDC ignored: Spread too low.
2026-02-17 22:45:20 |INFO  |Tick: No signals generated (spreads too tight or API error)
2026-02-17 22:45:23 |INFO  |pair:WETH/USDC
2026-02-17 22:45:23 |INFO  |Generatiing signal for WETH/USDC...
2026-02-17 22:45:24 |INFO  |WETH/USDC Prices | CEX: 1989.04 | DEX: 2001.153932803071
2026-02-17 22:45:24 |INFO  |📊 WETH/USDC Spreads | BuyCex->SellDex: 0.36 bps | BuyDex->SellCex: -60.58 bps | Min Required: 10.00
2026-02-17 22:45:24 |INFO  |❌ WETH/USDC ignored: Spread too low.
2026-02-17 22:45:24 |INFO  |Tick: No signals generated (spreads too tight or API error)
2026-02-17 22:45:26 |INFO  |pair:WETH/USDC
2026-02-17 22:45:26 |INFO  |Generatiing signal for WETH/USDC...
2026-02-17 22:45:26 |INFO  |WETH/USDC Prices | CEX: 1989.08 | DEX: 2001.1539333424355
2026-02-17 22:45:26 |INFO  |📊 WETH/USDC Spreads | BuyCex->SellDex: 0.16 bps | BuyDex->SellCex: -60.38 bps | Min Required: 10.00
2026-02-17 22:45:26 |INFO  |❌ WETH/USDC ignored: Spread too low.
2026-02-17 22:45:26 |INFO  |Tick: No signals generated (spreads too tight or API error)
2026-02-17 22:45:28 |INFO  |pair:WETH/USDC
2026-02-17 22:45:28 |INFO  |Generatiing signal for WETH/USDC...
2026-02-17 22:45:29 |INFO  |WETH/USDC Prices | CEX: 1989.08 | DEX: 2001.1539333424355
2026-02-17 22:45:29 |INFO  |📊 WETH/USDC Spreads | BuyCex->SellDex: 0.16 bps | BuyDex->SellCex: -60.38 bps | Min Required: 10.00
2026-02-17 22:45:29 |INFO  |❌ WETH/USDC ignored: Spread too low.
2026-02-17 22:45:29 |INFO  |Tick: No signals generated (spreads too tight or API error)
2026-02-17 22:45:31 |INFO  |pair:WETH/USDC
2026-02-17 22:45:31 |INFO  |Generatiing signal for WETH/USDC...
2026-02-17 22:45:31 |INFO  |WETH/USDC Prices | CEX: 1988.81 | DEX: 2001.1539297017273
2026-02-17 22:45:31 |INFO  |📊 WETH/USDC Spreads | BuyCex->SellDex: 1.52 bps | BuyDex->SellCex: -61.73 bps | Min Required: 10.00
2026-02-17 22:45:31 |INFO  |❌ WETH/USDC ignored: Spread too low.
2026-02-17 22:45:31 |INFO  |Tick: No signals generated (spreads too tight or API error)
2026-02-17 22:45:33 |INFO  |pair:WETH/USDC
2026-02-17 22:45:33 |INFO  |Generatiing signal for WETH/USDC...
2026-02-17 22:45:34 |INFO  |WETH/USDC Prices | CEX: 1988.68 | DEX: 2001.153927948794
2026-02-17 22:45:34 |INFO  |📊 WETH/USDC Spreads | BuyCex->SellDex: 2.17 bps | BuyDex->SellCex: -62.38 bps | Min Required: 10.00
2026-02-17 22:45:34 |INFO  |❌ WETH/USDC ignored: Spread too low.
2026-02-17 22:45:34 |INFO  |Tick: No signals generated (spreads too tight or API error)
2026-02-17 22:45:35 |INFO  |pair:WETH/USDC
2026-02-17 22:45:35 |INFO  |Generatiing signal for WETH/USDC...
2026-02-17 22:45:36 |INFO  |WETH/USDC Prices | CEX: 1988.6 | DEX: 2001.1539268700649
2026-02-17 22:45:36 |INFO  |📊 WETH/USDC Spreads | BuyCex->SellDex: 2.57 bps | BuyDex->SellCex: -62.78 bps | Min Required: 10.00
2026-02-17 22:45:36 |INFO  |❌ WETH/USDC ignored: Spread too low.
2026-02-17 22:45:36 |INFO  |Tick: No signals generated (spreads too tight or API error)
2026-02-17 22:45:38 |INFO  |pair:WETH/USDC
2026-02-17 22:45:38 |INFO  |Generatiing signal for WETH/USDC...
2026-02-17 22:45:38 |INFO  |WETH/USDC Prices | CEX: 1988.36 | DEX: 2001.1539236338804
2026-02-17 22:45:38 |INFO  |📊 WETH/USDC Spreads | BuyCex->SellDex: 3.78 bps | BuyDex->SellCex: -63.98 bps | Min Required: 10.00
2026-02-17 22:45:38 |INFO  |❌ WETH/USDC ignored: Spread too low.
2026-02-17 22:45:38 |INFO  |Tick: No signals generated (spreads too tight or API error)
2026-02-17 22:45:40 |INFO  |pair:WETH/USDC
2026-02-17 22:45:40 |INFO  |Generatiing signal for WETH/USDC...
2026-02-17 22:45:40 |INFO  |WETH/USDC Prices | CEX: 1988.44 | DEX: 2001.153924712609
2026-02-17 22:45:40 |INFO  |📊 WETH/USDC Spreads | BuyCex->SellDex: 3.38 bps | BuyDex->SellCex: -63.58 bps | Min Required: 10.00
2026-02-17 22:45:40 |INFO  |❌ WETH/USDC ignored: Spread too low.
2026-02-17 22:45:40 |INFO  |Tick: No signals generated (spreads too tight or API error)
2026-02-17 22:45:43 |INFO  |pair:WETH/USDC
2026-02-17 22:45:43 |INFO  |Generatiing signal for WETH/USDC...
2026-02-17 22:45:43 |INFO  |WETH/USDC Prices | CEX: 1988.31 | DEX: 2001.1539229529324
2026-02-17 22:45:43 |INFO  |📊 WETH/USDC Spreads | BuyCex->SellDex: 4.03 bps | BuyDex->SellCex: -64.23 bps | Min Required: 10.00
2026-02-17 22:45:43 |INFO  |❌ WETH/USDC ignored: Spread too low.
2026-02-17 22:45:43 |INFO  |Tick: No signals generated (spreads too tight or API error)
2026-02-17 22:45:45 |INFO  |pair:WETH/USDC
2026-02-17 22:45:45 |INFO  |Generatiing signal for WETH/USDC...
2026-02-17 22:45:46 |INFO  |WETH/USDC Prices | CEX: 1988.19 | DEX: 2001.1539213415826
2026-02-17 22:45:46 |INFO  |📊 WETH/USDC Spreads | BuyCex->SellDex: 4.63 bps | BuyDex->SellCex: -64.83 bps | Min Required: 10.00
2026-02-17 22:45:46 |INFO  |❌ WETH/USDC ignored: Spread too low.
2026-02-17 22:45:46 |INFO  |Tick: No signals generated (spreads too tight or API error)
2026-02-17 22:45:48 |INFO  |pair:WETH/USDC
2026-02-17 22:45:48 |INFO  |Generatiing signal for WETH/USDC...
2026-02-17 22:45:48 |INFO  |WETH/USDC Prices | CEX: 1988.19 | DEX: 2001.1539213415826
2026-02-17 22:45:48 |INFO  |📊 WETH/USDC Spreads | BuyCex->SellDex: 4.63 bps | BuyDex->SellCex: -64.83 bps | Min Required: 10.00
2026-02-17 22:45:48 |INFO  |❌ WETH/USDC ignored: Spread too low.
2026-02-17 22:45:48 |INFO  |Tick: No signals generated (spreads too tight or API error)
2026-02-17 22:45:50 |INFO  |pair:WETH/USDC
2026-02-17 22:45:50 |INFO  |Generatiing signal for WETH/USDC...
2026-02-17 22:45:50 |INFO  |WETH/USDC Prices | CEX: 1988.19 | DEX: 2001.1539213415826
2026-02-17 22:45:50 |INFO  |📊 WETH/USDC Spreads | BuyCex->SellDex: 4.63 bps | BuyDex->SellCex: -64.83 bps | Min Required: 10.00
2026-02-17 22:45:50 |INFO  |❌ WETH/USDC ignored: Spread too low.
2026-02-17 22:45:50 |INFO  |Tick: No signals generated (spreads too tight or API error)
2026-02-17 22:45:52 |INFO  |pair:WETH/USDC
2026-02-17 22:45:52 |INFO  |Generatiing signal for WETH/USDC...
2026-02-17 22:45:53 |INFO  |WETH/USDC Prices | CEX: 1988.38 | DEX: 2001.1539239035628
2026-02-17 22:45:53 |INFO  |📊 WETH/USDC Spreads | BuyCex->SellDex: 3.68 bps | BuyDex->SellCex: -63.88 bps | Min Required: 10.00
2026-02-17 22:45:53 |INFO  |❌ WETH/USDC ignored: Spread too low.
2026-02-17 22:45:53 |INFO  |Tick: No signals generated (spreads too tight or API error)
2026-02-17 22:45:54 |INFO  |HEALTH | uptime=123s | last_trade=Nones | cb_open=false | pnl=$0.00 | limit_reached=false
2026-02-17 22:45:55 |INFO  |pair:WETH/USDC
2026-02-17 22:45:55 |INFO  |Generatiing signal for WETH/USDC...
2026-02-17 22:45:55 |INFO  |WETH/USDC Prices | CEX: 1988.38 | DEX: 2001.1539239035628
2026-02-17 22:45:55 |INFO  |📊 WETH/USDC Spreads | BuyCex->SellDex: 3.68 bps | BuyDex->SellCex: -63.88 bps | Min Required: 10.00
2026-02-17 22:45:55 |INFO  |❌ WETH/USDC ignored: Spread too low.
2026-02-17 22:45:55 |INFO  |Tick: No signals generated (spreads too tight or API error)
2026-02-17 22:45:57 |INFO  |pair:WETH/USDC
2026-02-17 22:45:57 |INFO  |Generatiing signal for WETH/USDC...
2026-02-17 22:45:57 |INFO  |WETH/USDC Prices | CEX: 1988.38 | DEX: 2001.1539239035628
2026-02-17 22:45:57 |INFO  |📊 WETH/USDC Spreads | BuyCex->SellDex: 3.68 bps | BuyDex->SellCex: -63.88 bps | Min Required: 10.00
2026-02-17 22:45:57 |INFO  |❌ WETH/USDC ignored: Spread too low.
2026-02-17 22:45:57 |INFO  |Tick: No signals generated (spreads too tight or API error)
2026-02-17 22:45:59 |INFO  |pair:WETH/USDC
2026-02-17 22:45:59 |INFO  |Generatiing signal for WETH/USDC...
2026-02-17 22:46:00 |INFO  |WETH/USDC Prices | CEX: 1988.4 | DEX: 2001.1539241732446
2026-02-17 22:46:00 |INFO  |📊 WETH/USDC Spreads | BuyCex->SellDex: 3.58 bps | BuyDex->SellCex: -63.78 bps | Min Required: 10.00
2026-02-17 22:46:00 |INFO  |❌ WETH/USDC ignored: Spread too low.
2026-02-17 22:46:00 |INFO  |Tick: No signals generated (spreads too tight or API error)
2026-02-17 22:46:02 |INFO  |pair:WETH/USDC
2026-02-17 22:46:02 |INFO  |Generatiing signal for WETH/USDC...
2026-02-17 22:46:02 |INFO  |WETH/USDC Prices | CEX: 1988.4 | DEX: 2001.1539241732446
2026-02-17 22:46:02 |INFO  |📊 WETH/USDC Spreads | BuyCex->SellDex: 3.58 bps | BuyDex->SellCex: -63.78 bps | Min Required: 10.00
2026-02-17 22:46:02 |INFO  |❌ WETH/USDC ignored: Spread too low.
2026-02-17 22:46:02 |INFO  |Tick: No signals generated (spreads too tight or API error)
2026-02-17 22:46:04 |INFO  |pair:WETH/USDC
2026-02-17 22:46:04 |INFO  |Generatiing signal for WETH/USDC...
2026-02-17 22:46:04 |INFO  |WETH/USDC Prices | CEX: 1988.56 | DEX: 2001.1539263239588
2026-02-17 22:46:04 |INFO  |📊 WETH/USDC Spreads | BuyCex->SellDex: 2.77 bps | BuyDex->SellCex: -62.98 bps | Min Required: 10.00
2026-02-17 22:46:04 |INFO  |❌ WETH/USDC ignored: Spread too low.
2026-02-17 22:46:04 |INFO  |Tick: No signals generated (spreads too tight or API error)
2026-02-17 22:46:06 |INFO  |pair:WETH/USDC
2026-02-17 22:46:06 |INFO  |Generatiing signal for WETH/USDC...
2026-02-17 22:46:07 |INFO  |WETH/USDC Prices | CEX: 1988.56 | DEX: 2001.1539263239588
2026-02-17 22:46:07 |INFO  |📊 WETH/USDC Spreads | BuyCex->SellDex: 2.77 bps | BuyDex->SellCex: -62.98 bps | Min Required: 10.00
2026-02-17 22:46:07 |INFO  |❌ WETH/USDC ignored: Spread too low.
2026-02-17 22:46:07 |INFO  |Tick: No signals generated (spreads too tight or API error)
2026-02-17 22:46:09 |INFO  |pair:WETH/USDC
2026-02-17 22:46:09 |INFO  |Generatiing signal for WETH/USDC...
2026-02-17 22:46:09 |INFO  |WETH/USDC Prices | CEX: 1988.52 | DEX: 2001.1539257845948
2026-02-17 22:46:09 |INFO  |📊 WETH/USDC Spreads | BuyCex->SellDex: 2.97 bps | BuyDex->SellCex: -63.18 bps | Min Required: 10.00
2026-02-17 22:46:09 |INFO  |❌ WETH/USDC ignored: Spread too low.
2026-02-17 22:46:09 |INFO  |Tick: No signals generated (spreads too tight or API error)
2026-02-17 22:46:11 |INFO  |pair:WETH/USDC
2026-02-17 22:46:11 |INFO  |Generatiing signal for WETH/USDC...
2026-02-17 22:46:12 |INFO  |WETH/USDC Prices | CEX: 1988.32 | DEX: 2001.153923094516
2026-02-17 22:46:12 |INFO  |📊 WETH/USDC Spreads | BuyCex->SellDex: 3.98 bps | BuyDex->SellCex: -64.18 bps | Min Required: 10.00
2026-02-17 22:46:12 |INFO  |❌ WETH/USDC ignored: Spread too low.
2026-02-17 22:46:12 |INFO  |Tick: No signals generated (spreads too tight or API error)
2026-02-17 22:46:14 |INFO  |pair:WETH/USDC
2026-02-17 22:46:14 |INFO  |Generatiing signal for WETH/USDC...
2026-02-17 22:46:14 |INFO  |WETH/USDC Prices | CEX: 1988.12 | DEX: 2001.153920390953
2026-02-17 22:46:14 |INFO  |📊 WETH/USDC Spreads | BuyCex->SellDex: 4.99 bps | BuyDex->SellCex: -65.18 bps | Min Required: 10.00
2026-02-17 22:46:14 |INFO  |❌ WETH/USDC ignored: Spread too low.
2026-02-17 22:46:14 |INFO  |Tick: No signals generated (spreads too tight or API error)
2026-02-17 22:46:16 |INFO  |pair:WETH/USDC
2026-02-17 22:46:16 |INFO  |Generatiing signal for WETH/USDC...
2026-02-17 22:46:16 |INFO  |WETH/USDC Prices | CEX: 1988.32 | DEX: 2001.153923094516
2026-02-17 22:46:16 |INFO  |📊 WETH/USDC Spreads | BuyCex->SellDex: 3.98 bps | BuyDex->SellCex: -64.18 bps | Min Required: 10.00
2026-02-17 22:46:16 |INFO  |❌ WETH/USDC ignored: Spread too low.
2026-02-17 22:46:16 |INFO  |Tick: No signals generated (spreads too tight or API error)
2026-02-17 22:46:18 |INFO  |pair:WETH/USDC
2026-02-17 22:46:18 |INFO  |Generatiing signal for WETH/USDC...
2026-02-17 22:46:19 |INFO  |WETH/USDC Prices | CEX: 1988.17 | DEX: 2001.1539210719
2026-02-17 22:46:19 |INFO  |📊 WETH/USDC Spreads | BuyCex->SellDex: 4.74 bps | BuyDex->SellCex: -64.93 bps | Min Required: 10.00
2026-02-17 22:46:19 |INFO  |❌ WETH/USDC ignored: Spread too low.
2026-02-17 22:46:19 |INFO  |Tick: No signals generated (spreads too tight or API error)
2026-02-17 22:46:21 |INFO  |pair:WETH/USDC
2026-02-17 22:46:21 |INFO  |Generatiing signal for WETH/USDC...
2026-02-17 22:46:21 |INFO  |WETH/USDC Prices | CEX: 1987.48 | DEX: 2001.1539117611262
2026-02-17 22:46:21 |INFO  |📊 WETH/USDC Spreads | BuyCex->SellDex: 8.21 bps | BuyDex->SellCex: -68.38 bps | Min Required: 10.00
2026-02-17 22:46:21 |INFO  |❌ WETH/USDC ignored: Spread too low.
2026-02-17 22:46:21 |INFO  |Tick: No signals generated (spreads too tight or API error)
2026-02-17 22:46:23 |INFO  |pair:WETH/USDC
2026-02-17 22:46:23 |INFO  |Generatiing signal for WETH/USDC...
2026-02-17 22:46:23 |INFO  |WETH/USDC Prices | CEX: 1987.48 | DEX: 2001.1539117611262
2026-02-17 22:46:23 |INFO  |📊 WETH/USDC Spreads | BuyCex->SellDex: 8.21 bps | BuyDex->SellCex: -68.38 bps | Min Required: 10.00
2026-02-17 22:46:23 |INFO  |❌ WETH/USDC ignored: Spread too low.
2026-02-17 22:46:23 |INFO  |Tick: No signals generated (spreads too tight or API error)
2026-02-17 22:46:25 |INFO  |pair:WETH/USDC
2026-02-17 22:46:25 |INFO  |Generatiing signal for WETH/USDC...
2026-02-17 22:46:26 |INFO  |WETH/USDC Prices | CEX: 1988.32 | DEX: 2001.153923094516
2026-02-17 22:46:26 |INFO  |📊 WETH/USDC Spreads | BuyCex->SellDex: 3.98 bps | BuyDex->SellCex: -64.18 bps | Min Required: 10.00
2026-02-17 22:46:26 |INFO  |❌ WETH/USDC ignored: Spread too low.
2026-02-17 22:46:26 |INFO  |Tick: No signals generated (spreads too tight or API error)
2026-02-17 22:46:28 |INFO  |pair:WETH/USDC
2026-02-17 22:46:28 |INFO  |Generatiing signal for WETH/USDC...
2026-02-17 22:46:28 |INFO  |WETH/USDC Prices | CEX: 1988.32 | DEX: 2001.153923094516
2026-02-17 22:46:28 |INFO  |📊 WETH/USDC Spreads | BuyCex->SellDex: 3.98 bps | BuyDex->SellCex: -64.18 bps | Min Required: 10.00
2026-02-17 22:46:28 |INFO  |❌ WETH/USDC ignored: Spread too low.
2026-02-17 22:46:28 |INFO  |Tick: No signals generated (spreads too tight or API error)
2026-02-17 22:46:30 |INFO  |pair:WETH/USDC
2026-02-17 22:46:30 |INFO  |Generatiing signal for WETH/USDC...
2026-02-17 22:46:30 |INFO  |WETH/USDC Prices | CEX: 1988.32 | DEX: 2001.153923094516
2026-02-17 22:46:30 |INFO  |📊 WETH/USDC Spreads | BuyCex->SellDex: 3.98 bps | BuyDex->SellCex: -64.18 bps | Min Required: 10.00
2026-02-17 22:46:30 |INFO  |❌ WETH/USDC ignored: Spread too low.
2026-02-17 22:46:30 |INFO  |Tick: No signals generated (spreads too tight or API error)
2026-02-17 22:46:32 |INFO  |pair:WETH/USDC
2026-02-17 22:46:32 |INFO  |Generatiing signal for WETH/USDC...
2026-02-17 22:46:33 |INFO  |WETH/USDC Prices | CEX: 1988.48 | DEX: 2001.1539252519726
2026-02-17 22:46:33 |INFO  |📊 WETH/USDC Spreads | BuyCex->SellDex: 3.18 bps | BuyDex->SellCex: -63.38 bps | Min Required: 10.00
2026-02-17 22:46:33 |INFO  |❌ WETH/USDC ignored: Spread too low.
2026-02-17 22:46:33 |INFO  |Tick: No signals generated (spreads too tight or API error)
2026-02-17 22:46:35 |INFO  |pair:WETH/USDC
2026-02-17 22:46:35 |INFO  |Generatiing signal for WETH/USDC...
2026-02-17 22:46:35 |INFO  |WETH/USDC Prices | CEX: 1988.8 | DEX: 2001.1539295668858
2026-02-17 22:46:35 |INFO  |📊 WETH/USDC Spreads | BuyCex->SellDex: 1.57 bps | BuyDex->SellCex: -61.78 bps | Min Required: 10.00
2026-02-17 22:46:35 |INFO  |❌ WETH/USDC ignored: Spread too low.
2026-02-17 22:46:35 |INFO  |Tick: No signals generated (spreads too tight or API error)
2026-02-17 22:46:37 |INFO  |pair:WETH/USDC
2026-02-17 22:46:37 |INFO  |Generatiing signal for WETH/USDC...
2026-02-17 22:46:37 |INFO  |WETH/USDC Prices | CEX: 1989.21 | DEX: 2001.153932398548
2026-02-17 22:46:37 |INFO  |📊 WETH/USDC Spreads | BuyCex->SellDex: 0.51 bps | BuyDex->SellCex: -60.73 bps | Min Required: 10.00
2026-02-17 22:46:37 |INFO  |❌ WETH/USDC ignored: Spread too low.
2026-02-17 22:46:37 |INFO  |Tick: No signals generated (spreads too tight or API error)
2026-02-17 22:46:39 |INFO  |pair:WETH/USDC
2026-02-17 22:46:39 |INFO  |Generatiing signal for WETH/USDC...
2026-02-17 22:46:40 |INFO  |WETH/USDC Prices | CEX: 1988.88 | DEX: 2001.1539306456139
2026-02-17 22:46:40 |INFO  |📊 WETH/USDC Spreads | BuyCex->SellDex: 1.16 bps | BuyDex->SellCex: -61.38 bps | Min Required: 10.00
2026-02-17 22:46:40 |INFO  |❌ WETH/USDC ignored: Spread too low.
2026-02-17 22:46:40 |INFO  |Tick: No signals generated (spreads too tight or API error)
2026-02-17 22:46:42 |INFO  |pair:WETH/USDC
2026-02-17 22:46:42 |INFO  |Generatiing signal for WETH/USDC...
2026-02-17 22:46:42 |INFO  |WETH/USDC Prices | CEX: 1988.72 | DEX: 2001.1539284881571
2026-02-17 22:46:42 |INFO  |📊 WETH/USDC Spreads | BuyCex->SellDex: 1.97 bps | BuyDex->SellCex: -62.18 bps | Min Required: 10.00
2026-02-17 22:46:42 |INFO  |❌ WETH/USDC ignored: Spread too low.
2026-02-17 22:46:42 |INFO  |Tick: No signals generated (spreads too tight or API error)
2026-02-17 22:46:44 |INFO  |pair:WETH/USDC
2026-02-17 22:46:44 |INFO  |Generatiing signal for WETH/USDC...
2026-02-17 22:46:44 |INFO  |WETH/USDC Prices | CEX: 1988.72 | DEX: 2001.1539284881571
2026-02-17 22:46:44 |INFO  |📊 WETH/USDC Spreads | BuyCex->SellDex: 1.97 bps | BuyDex->SellCex: -62.18 bps | Min Required: 10.00
2026-02-17 22:46:44 |INFO  |❌ WETH/USDC ignored: Spread too low.
2026-02-17 22:46:44 |INFO  |Tick: No signals generated (spreads too tight or API error)
2026-02-17 22:46:46 |INFO  |pair:WETH/USDC
2026-02-17 22:46:46 |INFO  |Generatiing signal for WETH/USDC...
2026-02-17 22:46:47 |INFO  |WETH/USDC Prices | CEX: 1988.72 | DEX: 2001.1539284881571
2026-02-17 22:46:47 |INFO  |📊 WETH/USDC Spreads | BuyCex->SellDex: 1.97 bps | BuyDex->SellCex: -62.18 bps | Min Required: 10.00
2026-02-17 22:46:47 |INFO  |❌ WETH/USDC ignored: Spread too low.
2026-02-17 22:46:47 |INFO  |Tick: No signals generated (spreads too tight or API error)
2026-02-17 22:46:49 |INFO  |pair:WETH/USDC
2026-02-17 22:46:49 |INFO  |Generatiing signal for WETH/USDC...
2026-02-17 22:46:49 |INFO  |WETH/USDC Prices | CEX: 1988.88 | DEX: 2001.1539306456139
2026-02-17 22:46:49 |INFO  |📊 WETH/USDC Spreads | BuyCex->SellDex: 1.16 bps | BuyDex->SellCex: -61.38 bps | Min Required: 10.00
2026-02-17 22:46:49 |INFO  |❌ WETH/USDC ignored: Spread too low.
2026-02-17 22:46:49 |INFO  |Tick: No signals generated (spreads too tight or API error)
2026-02-17 22:46:51 |INFO  |pair:WETH/USDC
2026-02-17 22:46:51 |INFO  |Generatiing signal for WETH/USDC...
2026-02-17 22:46:51 |INFO  |WETH/USDC Prices | CEX: 1988.72 | DEX: 2001.1539284881571
2026-02-17 22:46:51 |INFO  |📊 WETH/USDC Spreads | BuyCex->SellDex: 1.97 bps | BuyDex->SellCex: -62.18 bps | Min Required: 10.00
2026-02-17 22:46:51 |INFO  |❌ WETH/USDC ignored: Spread too low.
2026-02-17 22:46:51 |INFO  |Tick: No signals generated (spreads too tight or API error)
2026-02-17 22:46:53 |INFO  |pair:WETH/USDC
2026-02-17 22:46:53 |INFO  |Generatiing signal for WETH/USDC...
2026-02-17 22:46:54 |INFO  |WETH/USDC Prices | CEX: 1988.71 | DEX: 2001.1539283533164
2026-02-17 22:46:54 |INFO  |📊 WETH/USDC Spreads | BuyCex->SellDex: 2.02 bps | BuyDex->SellCex: -62.23 bps | Min Required: 10.00
2026-02-17 22:46:54 |INFO  |❌ WETH/USDC ignored: Spread too low.
2026-02-17 22:46:54 |INFO  |Tick: No signals generated (spreads too tight or API error)
2026-02-17 22:46:55 |INFO  |HEALTH | uptime=184s | last_trade=Nones | cb_open=false | pnl=$0.00 | limit_reached=false
2026-02-17 22:46:56 |INFO  |pair:WETH/USDC
2026-02-17 22:46:56 |INFO  |Generatiing signal for WETH/USDC...
2026-02-17 22:46:56 |INFO  |WETH/USDC Prices | CEX: 1988.72 | DEX: 2001.1539284881571
2026-02-17 22:46:56 |INFO  |📊 WETH/USDC Spreads | BuyCex->SellDex: 1.97 bps | BuyDex->SellCex: -62.18 bps | Min Required: 10.00
2026-02-17 22:46:56 |INFO  |❌ WETH/USDC ignored: Spread too low.
2026-02-17 22:46:56 |INFO  |Tick: No signals generated (spreads too tight or API error)
2026-02-17 22:46:58 |INFO  |pair:WETH/USDC
2026-02-17 22:46:58 |INFO  |Generatiing signal for WETH/USDC...
2026-02-17 22:46:58 |INFO  |WETH/USDC Prices | CEX: 1988.72 | DEX: 2001.1539284881571
2026-02-17 22:46:58 |INFO  |📊 WETH/USDC Spreads | BuyCex->SellDex: 1.97 bps | BuyDex->SellCex: -62.18 bps | Min Required: 10.00
2026-02-17 22:46:58 |INFO  |❌ WETH/USDC ignored: Spread too low.
2026-02-17 22:46:58 |INFO  |Tick: No signals generated (spreads too tight or API error)
2026-02-17 22:47:00 |INFO  |pair:WETH/USDC
2026-02-17 22:47:00 |INFO  |Generatiing signal for WETH/USDC...
2026-02-17 22:47:21 |INFO  |WETH/USDC Prices | CEX: 1988.17 | DEX: 2001.1539210719
2026-02-17 22:47:21 |INFO  |📊 WETH/USDC Spreads | BuyCex->SellDex: 4.74 bps | BuyDex->SellCex: -64.93 bps | Min Required: 10.00
2026-02-17 22:47:21 |INFO  |❌ WETH/USDC ignored: Spread too low.
2026-02-17 22:47:21 |INFO  |Tick: No signals generated (spreads too tight or API error)
2026-02-17 22:47:03 |INFO  |pair:WETH/USDC
2026-02-17 22:47:03 |INFO  |Generatiing signal for WETH/USDC...
2026-02-17 22:47:03 |INFO  |WETH/USDC Prices | CEX: 1988.4 | DEX: 2001.1539241732446
2026-02-17 22:47:03 |INFO  |📊 WETH/USDC Spreads | BuyCex->SellDex: 3.58 bps | BuyDex->SellCex: -63.78 bps | Min Required: 10.00
2026-02-17 22:47:03 |INFO  |❌ WETH/USDC ignored: Spread too low.
2026-02-17 22:47:03 |INFO  |Tick: No signals generated (spreads too tight or API error)
2026-02-17 22:47:05 |INFO  |pair:WETH/USDC
2026-02-17 22:47:05 |INFO  |Generatiing signal for WETH/USDC...
2026-02-17 22:47:06 |INFO  |WETH/USDC Prices | CEX: 1988.4 | DEX: 2001.1539241732446
2026-02-17 22:47:06 |INFO  |📊 WETH/USDC Spreads | BuyCex->SellDex: 3.58 bps | BuyDex->SellCex: -63.78 bps | Min Required: 10.00
2026-02-17 22:47:06 |INFO  |❌ WETH/USDC ignored: Spread too low.
2026-02-17 22:47:06 |INFO  |Tick: No signals generated (spreads too tight or API error)
2026-02-17 22:47:08 |INFO  |pair:WETH/USDC
2026-02-17 22:47:08 |INFO  |Generatiing signal for WETH/USDC...
2026-02-17 22:47:08 |INFO  |WETH/USDC Prices | CEX: 1988.4 | DEX: 2001.1539241732446
2026-02-17 22:47:08 |INFO  |📊 WETH/USDC Spreads | BuyCex->SellDex: 3.58 bps | BuyDex->SellCex: -63.78 bps | Min Required: 10.00
2026-02-17 22:47:08 |INFO  |❌ WETH/USDC ignored: Spread too low.
2026-02-17 22:47:08 |INFO  |Tick: No signals generated (spreads too tight or API error)
2026-02-17 22:47:10 |INFO  |pair:WETH/USDC
2026-02-17 22:47:10 |INFO  |Generatiing signal for WETH/USDC...
2026-02-17 22:47:11 |INFO  |WETH/USDC Prices | CEX: 1988.21 | DEX: 2001.1539189144437
2026-02-17 22:47:11 |INFO  |📊 WETH/USDC Spreads | BuyCex->SellDex: 5.54 bps | BuyDex->SellCex: -65.73 bps | Min Required: 10.00
2026-02-17 22:47:11 |INFO  |❌ WETH/USDC ignored: Spread too low.
2026-02-17 22:47:11 |INFO  |Tick: No signals generated (spreads too tight or API error)
2026-02-17 22:47:13 |INFO  |pair:WETH/USDC
2026-02-17 22:47:13 |INFO  |Generatiing signal for WETH/USDC...
2026-02-17 22:47:14 |INFO  |WETH/USDC Prices | CEX: 1987.93 | DEX: 2001.153917835716
2026-02-17 22:47:14 |INFO  |📊 WETH/USDC Spreads | BuyCex->SellDex: 5.94 bps | BuyDex->SellCex: -66.13 bps | Min Required: 10.00
2026-02-17 22:47:14 |INFO  |❌ WETH/USDC ignored: Spread too low.
2026-02-17 22:47:14 |INFO  |Tick: No signals generated (spreads too tight or API error)
2026-02-17 22:47:15 |INFO  |pair:WETH/USDC
2026-02-17 22:47:15 |INFO  |Generatiing signal for WETH/USDC...
2026-02-17 22:47:16 |INFO  |WETH/USDC Prices | CEX: 1987.85 | DEX: 2001.153916750245
2026-02-17 22:47:16 |INFO  |📊 WETH/USDC Spreads | BuyCex->SellDex: 6.35 bps | BuyDex->SellCex: -66.53 bps | Min Required: 10.00
2026-02-17 22:47:16 |INFO  |❌ WETH/USDC ignored: Spread too low.
2026-02-17 22:47:16 |INFO  |Tick: No signals generated (spreads too tight or API error)
2026-02-17 22:47:19 |INFO  |pair:WETH/USDC
2026-02-17 22:47:19 |INFO  |Generatiing signal for WETH/USDC...
2026-02-17 22:47:20 |INFO  |WETH/USDC Prices | CEX: 1986.57 | DEX: 2001.1538994973337
2026-02-17 22:47:20 |INFO  |📊 WETH/USDC Spreads | BuyCex->SellDex: 12.79 bps | BuyDex->SellCex: -72.93 bps | Min Required: 10.00
2026-02-17 22:47:20 |INFO  |💰 WETH/USDC Potential PnL: Gross $0.0051 - Fees $0.1159 = Net $-0.1108 (Min: $0.1000)
2026-02-17 22:47:20 |WARN  |❌ WETH/USDC ignored: Not profitable enough (Net $-0.1108)
2026-02-17 22:47:20 |INFO  |Tick: No signals generated (spreads too tight or API error)
2026-02-17 22:47:22 |INFO  |pair:WETH/USDC
2026-02-17 22:47:22 |INFO  |Generatiing signal for WETH/USDC...
2026-02-17 22:47:22 |INFO  |WETH/USDC Prices | CEX: 1986.89 | DEX: 2001.1539038122476
2026-02-17 22:47:22 |INFO  |📊 WETH/USDC Spreads | BuyCex->SellDex: 11.18 bps | BuyDex->SellCex: -71.33 bps | Min Required: 10.00
2026-02-17 22:47:22 |INFO  |💰 WETH/USDC Potential PnL: Gross $0.0044 - Fees $0.1159 = Net $-0.1115 (Min: $0.1000)
2026-02-17 22:47:22 |WARN  |❌ WETH/USDC ignored: Not profitable enough (Net $-0.1115)
2026-02-17 22:47:22 |INFO  |Tick: No signals generated (spreads too tight or API error)
2026-02-17 22:47:24 |INFO  |pair:WETH/USDC
2026-02-17 22:47:24 |INFO  |Generatiing signal for WETH/USDC...
2026-02-17 22:47:25 |INFO  |WETH/USDC Prices | CEX: 1986.61 | DEX: 2001.153900036698
2026-02-17 22:47:25 |INFO  |📊 WETH/USDC Spreads | BuyCex->SellDex: 12.59 bps | BuyDex->SellCex: -72.73 bps | Min Required: 10.00
2026-02-17 22:47:25 |INFO  |💰 WETH/USDC Potential PnL: Gross $0.0050 - Fees $0.1159 = Net $-0.1109 (Min: $0.1000)
2026-02-17 22:47:25 |WARN  |❌ WETH/USDC ignored: Not profitable enough (Net $-0.1109)
2026-02-17 22:47:25 |INFO  |Tick: No signals generated (spreads too tight or API error)
2026-02-17 22:47:27 |INFO  |pair:WETH/USDC
2026-02-17 22:47:27 |INFO  |Generatiing signal for WETH/USDC...
2026-02-17 22:47:27 |INFO  |WETH/USDC Prices | CEX: 1986.96 | DEX: 2001.1539047561346
2026-02-17 22:47:27 |INFO  |📊 WETH/USDC Spreads | BuyCex->SellDex: 10.83 bps | BuyDex->SellCex: -70.98 bps | Min Required: 10.00
2026-02-17 22:47:27 |INFO  |💰 WETH/USDC Potential PnL: Gross $0.0043 - Fees $0.1159 = Net $-0.1116 (Min: $0.1000)
2026-02-17 22:47:27 |WARN  |❌ WETH/USDC ignored: Not profitable enough (Net $-0.1116)
2026-02-17 22:47:27 |INFO  |Tick: No signals generated (spreads too tight or API error)
2026-02-17 22:47:29 |INFO  |pair:WETH/USDC
2026-02-17 22:47:29 |INFO  |Generatiing signal for WETH/USDC...
2026-02-17 22:47:30 |INFO  |WETH/USDC Prices | CEX: 1986.72 | DEX: 2001.15390151995
2026-02-17 22:47:30 |INFO  |📊 WETH/USDC Spreads | BuyCex->SellDex: 12.04 bps | BuyDex->SellCex: -72.18 bps | Min Required: 10.00
2026-02-17 22:47:30 |INFO  |💰 WETH/USDC Potential PnL: Gross $0.0048 - Fees $0.1159 = Net $-0.1111 (Min: $0.1000)
2026-02-17 22:47:30 |WARN  |❌ WETH/USDC ignored: Not profitable enough (Net $-0.1111)
2026-02-17 22:47:30 |INFO  |Tick: No signals generated (spreads too tight or API error)
2026-02-17 22:47:32 |INFO  |pair:WETH/USDC
2026-02-17 22:47:32 |INFO  |Generatiing signal for WETH/USDC...
2026-02-17 22:47:32 |INFO  |WETH/USDC Prices | CEX: 1986.72 | DEX: 2001.15390151995
2026-02-17 22:47:32 |INFO  |📊 WETH/USDC Spreads | BuyCex->SellDex: 12.04 bps | BuyDex->SellCex: -72.18 bps | Min Required: 10.00
2026-02-17 22:47:32 |INFO  |💰 WETH/USDC Potential PnL: Gross $0.0048 - Fees $0.1159 = Net $-0.1111 (Min: $0.1000)
2026-02-17 22:47:32 |WARN  |❌ WETH/USDC ignored: Not profitable enough (Net $-0.1111)
2026-02-17 22:47:32 |INFO  |Tick: No signals generated (spreads too tight or API error)
2026-02-17 22:47:34 |INFO  |pair:WETH/USDC
2026-02-17 22:47:34 |INFO  |Generatiing signal for WETH/USDC...
2026-02-17 22:47:34 |INFO  |WETH/USDC Prices | CEX: 1986.72 | DEX: 2001.15390151995
2026-02-17 22:47:34 |INFO  |📊 WETH/USDC Spreads | BuyCex->SellDex: 12.04 bps | BuyDex->SellCex: -72.18 bps | Min Required: 10.00
2026-02-17 22:47:34 |INFO  |💰 WETH/USDC Potential PnL: Gross $0.0048 - Fees $0.1159 = Net $-0.1111 (Min: $0.1000)
2026-02-17 22:47:34 |WARN  |❌ WETH/USDC ignored: Not profitable enough (Net $-0.1111)
2026-02-17 22:47:34 |INFO  |Tick: No signals generated (spreads too tight or API error)
2026-02-17 22:47:37 |INFO  |pair:WETH/USDC
2026-02-17 22:47:37 |INFO  |Generatiing signal for WETH/USDC...
2026-02-17 22:47:37 |INFO  |WETH/USDC Prices | CEX: 1986.72 | DEX: 2001.15390151995
2026-02-17 22:47:37 |INFO  |📊 WETH/USDC Spreads | BuyCex->SellDex: 12.04 bps | BuyDex->SellCex: -72.18 bps | Min Required: 10.00
2026-02-17 22:47:37 |INFO  |💰 WETH/USDC Potential PnL: Gross $0.0048 - Fees $0.1159 = Net $-0.1111 (Min: $0.1000)
2026-02-17 22:47:37 |WARN  |❌ WETH/USDC ignored: Not profitable enough (Net $-0.1111)
2026-02-17 22:47:37 |INFO  |Tick: No signals generated (spreads too tight or API error)
2026-02-17 22:47:39 |INFO  |pair:WETH/USDC
2026-02-17 22:47:39 |INFO  |Generatiing signal for WETH/USDC...
2026-02-17 22:47:39 |INFO  |WETH/USDC Prices | CEX: 1986.66 | DEX: 2001.1539007109038
2026-02-17 22:47:39 |INFO  |📊 WETH/USDC Spreads | BuyCex->SellDex: 12.34 bps | BuyDex->SellCex: -72.48 bps | Min Required: 10.00
2026-02-17 22:47:39 |INFO  |💰 WETH/USDC Potential PnL: Gross $0.0049 - Fees $0.1159 = Net $-0.1110 (Min: $0.1000)
2026-02-17 22:47:39 |WARN  |❌ WETH/USDC ignored: Not profitable enough (Net $-0.1110)
2026-02-17 22:47:39 |INFO  |Tick: No signals generated (spreads too tight or API error)
2026-02-17 22:47:41 |INFO  |pair:WETH/USDC
2026-02-17 22:47:41 |INFO  |Generatiing signal for WETH/USDC...
2026-02-17 22:47:42 |INFO  |WETH/USDC Prices | CEX: 1983.74 | DEX: 2001.153860528274
2026-02-17 22:47:42 |INFO  |📊 WETH/USDC Spreads | BuyCex->SellDex: 27.08 bps | BuyDex->SellCex: -87.67 bps | Min Required: 10.00
2026-02-17 22:47:42 |INFO  |💰 WETH/USDC Potential PnL: Gross $0.0107 - Fees $0.1159 = Net $-0.1051 (Min: $0.1000)
2026-02-17 22:47:42 |WARN  |❌ WETH/USDC ignored: Not profitable enough (Net $-0.1051)
2026-02-17 22:47:42 |INFO  |Tick: No signals generated (spreads too tight or API error)
2026-02-17 22:47:44 |INFO  |pair:WETH/USDC
2026-02-17 22:47:44 |INFO  |Generatiing signal for WETH/USDC...
2026-02-17 22:47:44 |INFO  |WETH/USDC Prices | CEX: 1984.37 | DEX: 2001.1538698255627
2026-02-17 22:47:44 |INFO  |📊 WETH/USDC Spreads | BuyCex->SellDex: 23.89 bps | BuyDex->SellCex: -83.92 bps | Min Required: 10.00
2026-02-17 22:47:44 |INFO  |💰 WETH/USDC Potential PnL: Gross $0.0095 - Fees $0.1159 = Net $-0.1064 (Min: $0.1000)
2026-02-17 22:47:44 |WARN  |❌ WETH/USDC ignored: Not profitable enough (Net $-0.1064)
2026-02-17 22:47:44 |INFO  |Tick: No signals generated (spreads too tight or API error)
2026-02-17 22:47:47 |INFO  |pair:WETH/USDC
2026-02-17 22:47:47 |INFO  |Generatiing signal for WETH/USDC...
2026-02-17 22:47:47 |INFO  |WETH/USDC Prices | CEX: 1984.14 | DEX: 2001.1538667309617
2026-02-17 22:47:47 |INFO  |📊 WETH/USDC Spreads | BuyCex->SellDex: 25.06 bps | BuyDex->SellCex: -85.07 bps | Min Required: 10.00
2026-02-17 22:47:47 |INFO  |💰 WETH/USDC Potential PnL: Gross $0.0099 - Fees $0.1159 = Net $-0.1059 (Min: $0.1000)
2026-02-17 22:47:47 |WARN  |❌ WETH/USDC ignored: Not profitable enough (Net $-0.1059)
2026-02-17 22:47:47 |INFO  |Tick: No signals generated (spreads too tight or API error)
2026-02-17 22:47:49 |INFO  |pair:WETH/USDC
2026-02-17 22:47:49 |INFO  |Generatiing signal for WETH/USDC...
2026-02-17 22:47:50 |INFO  |WETH/USDC Prices | CEX: 1984.21 | DEX: 2001.1538649780284
2026-02-17 22:47:50 |INFO  |📊 WETH/USDC Spreads | BuyCex->SellDex: 25.71 bps | BuyDex->SellCex: -85.72 bps | Min Required: 10.00
2026-02-17 22:47:50 |INFO  |💰 WETH/USDC Potential PnL: Gross $0.0102 - Fees $0.1159 = Net $-0.1057 (Min: $0.1000)
2026-02-17 22:47:50 |WARN  |❌ WETH/USDC ignored: Not profitable enough (Net $-0.1057)
2026-02-17 22:47:50 |INFO  |Tick: No signals generated (spreads too tight or API error)
2026-02-17 22:47:52 |INFO  |pair:WETH/USDC
2026-02-17 22:47:52 |INFO  |Generatiing signal for WETH/USDC...
2026-02-17 22:47:52 |INFO  |WETH/USDC Prices | CEX: 1983.91 | DEX: 2001.1538636296175
2026-02-17 22:47:52 |INFO  |📊 WETH/USDC Spreads | BuyCex->SellDex: 26.22 bps | BuyDex->SellCex: -86.22 bps | Min Required: 10.00
2026-02-17 22:47:52 |INFO  |💰 WETH/USDC Potential PnL: Gross $0.0104 - Fees $0.1159 = Net $-0.1055 (Min: $0.1000)
2026-02-17 22:47:52 |WARN  |❌ WETH/USDC ignored: Not profitable enough (Net $-0.1055)
2026-02-17 22:47:52 |INFO  |Tick: No signals generated (spreads too tight or API error)
2026-02-17 22:47:56 |INFO  |pair:WETH/USDC
2026-02-17 22:47:56 |INFO  |Generatiing signal for WETH/USDC...
2026-02-17 22:47:56 |INFO  |WETH/USDC Prices | CEX: 1984.09 | DEX: 2001.1538660567564
2026-02-17 22:47:56 |INFO  |📊 WETH/USDC Spreads | BuyCex->SellDex: 25.31 bps | BuyDex->SellCex: -85.32 bps | Min Required: 10.00
2026-02-17 22:47:56 |INFO  |💰 WETH/USDC Potential PnL: Gross $0.0100 - Fees $0.1159 = Net $-0.1058 (Min: $0.1000)
2026-02-17 22:47:56 |WARN  |❌ WETH/USDC ignored: Not profitable enough (Net $-0.1058)
2026-02-17 22:47:56 |INFO  |Tick: No signals generated (spreads too tight or API error)
2026-02-17 22:47:57 |INFO  |HEALTH | uptime=247s | last_trade=Nones | cb_open=false | pnl=$0.00 | limit_reached=false
2026-02-17 22:47:58 |INFO  |pair:WETH/USDC
2026-02-17 22:47:58 |INFO  |Generatiing signal for WETH/USDC...
2026-02-17 22:47:59 |INFO  |WETH/USDC Prices | CEX: 1984.09 | DEX: 2001.1538660567564
2026-02-17 22:47:59 |INFO  |📊 WETH/USDC Spreads | BuyCex->SellDex: 25.31 bps | BuyDex->SellCex: -85.32 bps | Min Required: 10.00
2026-02-17 22:47:59 |INFO  |💰 WETH/USDC Potential PnL: Gross $0.0100 - Fees $0.1159 = Net $-0.1058 (Min: $0.1000)
2026-02-17 22:47:59 |WARN  |❌ WETH/USDC ignored: Not profitable enough (Net $-0.1058)
2026-02-17 22:47:59 |INFO  |Tick: No signals generated (spreads too tight or API error)
2026-02-17 22:48:00 |INFO  |pair:WETH/USDC
2026-02-17 22:48:00 |INFO  |Generatiing signal for WETH/USDC...
2026-02-17 22:48:21 |INFO  |WETH/USDC Prices | CEX: 1984.22 | DEX: 2001.1538678096897
2026-02-17 22:48:21 |INFO  |📊 WETH/USDC Spreads | BuyCex->SellDex: 24.65 bps | BuyDex->SellCex: -84.67 bps | Min Required: 10.00
2026-02-17 22:48:21 |INFO  |💰 WETH/USDC Potential PnL: Gross $0.0098 - Fees $0.1159 = Net $-0.1061 (Min: $0.1000)
2026-02-17 22:48:21 |WARN  |❌ WETH/USDC ignored: Not profitable enough (Net $-0.1061)
2026-02-17 22:48:21 |INFO  |Tick: No signals generated (spreads too tight or API error)
2026-02-17 22:48:03 |INFO  |pair:WETH/USDC
2026-02-17 22:48:03 |INFO  |Generatiing signal for WETH/USDC...
2026-02-17 22:48:03 |INFO  |WETH/USDC Prices | CEX: 1985.14 | DEX: 2001.1538802150658
2026-02-17 22:48:03 |INFO  |📊 WETH/USDC Spreads | BuyCex->SellDex: 20.21 bps | BuyDex->SellCex: -80.07 bps | Min Required: 10.00
2026-02-17 22:48:03 |INFO  |💰 WETH/USDC Potential PnL: Gross $0.0079 - Fees $0.1159 = Net $-0.1079 (Min: $0.1000)
2026-02-17 22:48:03 |WARN  |❌ WETH/USDC ignored: Not profitable enough (Net $-0.1079)
2026-02-17 22:48:03 |INFO  |Tick: No signals generated (spreads too tight or API error)
2026-02-17 22:48:05 |INFO  |pair:WETH/USDC
2026-02-17 22:48:05 |INFO  |Generatiing signal for WETH/USDC...
2026-02-17 22:48:06 |INFO  |WETH/USDC Prices | CEX: 1985.59 | DEX: 2001.153886282912
2026-02-17 22:48:06 |INFO  |📊 WETH/USDC Spreads | BuyCex->SellDex: 17.74 bps | BuyDex->SellCex: -77.82 bps | Min Required: 10.00
2026-02-17 22:48:06 |INFO  |💰 WETH/USDC Potential PnL: Gross $0.0070 - Fees $0.1159 = Net $-0.1088 (Min: $0.1000)
2026-02-17 22:48:06 |WARN  |❌ WETH/USDC ignored: Not profitable enough (Net $-0.1088)
2026-02-17 22:48:06 |INFO  |Tick: No signals generated (spreads too tight or API error)
2026-02-17 22:48:08 |INFO  |pair:WETH/USDC
2026-02-17 22:48:08 |INFO  |Generatiing signal for WETH/USDC...
2026-02-17 22:48:08 |INFO  |WETH/USDC Prices | CEX: 1985.4 | DEX: 2001.1538837209323
2026-02-17 22:48:08 |INFO  |📊 WETH/USDC Spreads | BuyCex->SellDex: 18.69 bps | BuyDex->SellCex: -78.77 bps | Min Required: 10.00
2026-02-17 22:48:08 |INFO  |💰 WETH/USDC Potential PnL: Gross $0.0074 - Fees $0.1159 = Net $-0.1085 (Min: $0.1000)
2026-02-17 22:48:08 |WARN  |❌ WETH/USDC ignored: Not profitable enough (Net $-0.1085)
2026-02-17 22:48:08 |INFO  |Tick: No signals generated (spreads too tight or API error)
2026-02-17 22:48:10 |INFO  |pair:WETH/USDC
2026-02-17 22:48:10 |INFO  |Generatiing signal for WETH/USDC...
2026-02-17 22:48:11 |INFO  |WETH/USDC Prices | CEX: 1985.21 | DEX: 2001.1538784621312
2026-02-17 22:48:11 |INFO  |📊 WETH/USDC Spreads | BuyCex->SellDex: 20.66 bps | BuyDex->SellCex: -80.72 bps | Min Required: 10.00
2026-02-17 22:48:11 |INFO  |💰 WETH/USDC Potential PnL: Gross $0.0082 - Fees $0.1159 = Net $-0.1077 (Min: $0.1000)
2026-02-17 22:48:11 |WARN  |❌ WETH/USDC ignored: Not profitable enough (Net $-0.1077)
2026-02-17 22:48:11 |INFO  |Tick: No signals generated (spreads too tight or API error)
2026-02-17 22:48:13 |INFO  |pair:WETH/USDC
2026-02-17 22:48:13 |INFO  |Generatiing signal for WETH/USDC...
2026-02-17 22:48:13 |INFO  |WETH/USDC Prices | CEX: 1985.21 | DEX: 2001.1538784621312
2026-02-17 22:48:13 |INFO  |📊 WETH/USDC Spreads | BuyCex->SellDex: 20.66 bps | BuyDex->SellCex: -80.72 bps | Min Required: 10.00
2026-02-17 22:48:13 |INFO  |💰 WETH/USDC Potential PnL: Gross $0.0082 - Fees $0.1159 = Net $-0.1077 (Min: $0.1000)
2026-02-17 22:48:13 |WARN  |❌ WETH/USDC ignored: Not profitable enough (Net $-0.1077)
2026-02-17 22:48:13 |INFO  |Tick: No signals generated (spreads too tight or API error)
2026-02-17 22:48:15 |INFO  |pair:WETH/USDC
2026-02-17 22:48:15 |INFO  |Generatiing signal for WETH/USDC...
2026-02-17 22:48:16 |INFO  |WETH/USDC Prices | CEX: 1985.08 | DEX: 2001.1538794060186
2026-02-17 22:48:16 |INFO  |📊 WETH/USDC Spreads | BuyCex->SellDex: 20.31 bps | BuyDex->SellCex: -80.37 bps | Min Required: 10.00
2026-02-17 22:48:16 |INFO  |💰 WETH/USDC Potential PnL: Gross $0.0081 - Fees $0.1159 = Net $-0.1078 (Min: $0.1000)
2026-02-17 22:48:16 |WARN  |❌ WETH/USDC ignored: Not profitable enough (Net $-0.1078)
2026-02-17 22:48:16 |INFO  |Tick: No signals generated (spreads too tight or API error)
2026-02-17 22:48:18 |INFO  |pair:WETH/USDC
2026-02-17 22:48:18 |INFO  |Generatiing signal for WETH/USDC...
2026-02-17 22:48:18 |INFO  |WETH/USDC Prices | CEX: 1985.2 | DEX: 2001.1538810241113
2026-02-17 22:48:18 |INFO  |📊 WETH/USDC Spreads | BuyCex->SellDex: 19.70 bps | BuyDex->SellCex: -79.77 bps | Min Required: 10.00
2026-02-17 22:48:18 |INFO  |💰 WETH/USDC Potential PnL: Gross $0.0078 - Fees $0.1159 = Net $-0.1081 (Min: $0.1000)
2026-02-17 22:48:18 |WARN  |❌ WETH/USDC ignored: Not profitable enough (Net $-0.1081)
2026-02-17 22:48:18 |INFO  |Tick: No signals generated (spreads too tight or API error)
2026-02-17 22:48:20 |INFO  |pair:WETH/USDC
2026-02-17 22:48:20 |INFO  |Generatiing signal for WETH/USDC...
2026-02-17 22:48:21 |INFO  |WETH/USDC Prices | CEX: 1985.4 | DEX: 2001.1538837209323
2026-02-17 22:48:21 |INFO  |📊 WETH/USDC Spreads | BuyCex->SellDex: 18.69 bps | BuyDex->SellCex: -78.77 bps | Min Required: 10.00
2026-02-17 22:48:21 |INFO  |💰 WETH/USDC Potential PnL: Gross $0.0074 - Fees $0.1159 = Net $-0.1085 (Min: $0.1000)
2026-02-17 22:48:21 |WARN  |❌ WETH/USDC ignored: Not profitable enough (Net $-0.1085)
2026-02-17 22:48:21 |INFO  |Tick: No signals generated (spreads too tight or API error)
2026-02-17 22:48:23 |INFO  |pair:WETH/USDC
2026-02-17 22:48:23 |INFO  |Generatiing signal for WETH/USDC...
2026-02-17 22:48:24 |INFO  |WETH/USDC Prices | CEX: 1985.21 | DEX: 2001.1538811589523
2026-02-17 22:48:24 |INFO  |📊 WETH/USDC Spreads | BuyCex->SellDex: 19.65 bps | BuyDex->SellCex: -79.72 bps | Min Required: 10.00
2026-02-17 22:48:24 |INFO  |💰 WETH/USDC Potential PnL: Gross $0.0078 - Fees $0.1159 = Net $-0.1081 (Min: $0.1000)
2026-02-17 22:48:24 |WARN  |❌ WETH/USDC ignored: Not profitable enough (Net $-0.1081)
2026-02-17 22:48:24 |INFO  |Tick: No signals generated (spreads too tight or API error)
2026-02-17 22:48:26 |INFO  |pair:WETH/USDC
2026-02-17 22:48:26 |INFO  |Generatiing signal for WETH/USDC...
2026-02-17 22:48:26 |INFO  |WETH/USDC Prices | CEX: 1985.21 | DEX: 2001.1538811589523
2026-02-17 22:48:26 |INFO  |📊 WETH/USDC Spreads | BuyCex->SellDex: 19.65 bps | BuyDex->SellCex: -79.72 bps | Min Required: 10.00
2026-02-17 22:48:26 |INFO  |💰 WETH/USDC Potential PnL: Gross $0.0078 - Fees $0.1159 = Net $-0.1081 (Min: $0.1000)
2026-02-17 22:48:26 |WARN  |❌ WETH/USDC ignored: Not profitable enough (Net $-0.1081)
2026-02-17 22:48:26 |INFO  |Tick: No signals generated (spreads too tight or API error)
2026-02-17 22:48:28 |INFO  |pair:WETH/USDC
2026-02-17 22:48:28 |INFO  |Generatiing signal for WETH/USDC...
2026-02-17 22:48:29 |INFO  |WETH/USDC Prices | CEX: 1985.87 | DEX: 2001.1538900517187
2026-02-17 22:48:29 |INFO  |📊 WETH/USDC Spreads | BuyCex->SellDex: 16.32 bps | BuyDex->SellCex: -76.43 bps | Min Required: 10.00
2026-02-17 22:48:29 |INFO  |💰 WETH/USDC Potential PnL: Gross $0.0065 - Fees $0.1159 = Net $-0.1094 (Min: $0.1000)
2026-02-17 22:48:29 |WARN  |❌ WETH/USDC ignored: Not profitable enough (Net $-0.1094)
2026-02-17 22:48:29 |INFO  |Tick: No signals generated (spreads too tight or API error)
2026-02-17 22:48:31 |INFO  |pair:WETH/USDC
2026-02-17 22:48:31 |INFO  |Generatiing signal for WETH/USDC...
2026-02-17 22:48:31 |INFO  |WETH/USDC Prices | CEX: 1986.17 | DEX: 2001.1538941036927
2026-02-17 22:48:31 |INFO  |📊 WETH/USDC Spreads | BuyCex->SellDex: 14.81 bps | BuyDex->SellCex: -74.93 bps | Min Required: 10.00
2026-02-17 22:48:31 |INFO  |💰 WETH/USDC Potential PnL: Gross $0.0059 - Fees $0.1159 = Net $-0.1100 (Min: $0.1000)
2026-02-17 22:48:31 |WARN  |❌ WETH/USDC ignored: Not profitable enough (Net $-0.1100)
2026-02-17 22:48:31 |INFO  |Tick: No signals generated (spreads too tight or API error)
2026-02-17 22:48:33 |INFO  |pair:WETH/USDC
2026-02-17 22:48:33 |INFO  |Generatiing signal for WETH/USDC...
2026-02-17 22:48:34 |INFO  |WETH/USDC Prices | CEX: 1986.12 | DEX: 2001.1538934227456
2026-02-17 22:48:34 |INFO  |📊 WETH/USDC Spreads | BuyCex->SellDex: 15.06 bps | BuyDex->SellCex: -75.18 bps | Min Required: 10.00
2026-02-17 22:48:34 |INFO  |💰 WETH/USDC Potential PnL: Gross $0.0060 - Fees $0.1159 = Net $-0.1099 (Min: $0.1000)
2026-02-17 22:48:34 |WARN  |❌ WETH/USDC ignored: Not profitable enough (Net $-0.1099)
2026-02-17 22:48:34 |INFO  |Tick: No signals generated (spreads too tight or API error)
2026-02-17 22:48:36 |INFO  |pair:WETH/USDC
2026-02-17 22:48:36 |INFO  |Generatiing signal for WETH/USDC...
2026-02-17 22:48:36 |INFO  |WETH/USDC Prices | CEX: 1985.72 | DEX: 2001.1538880358457
2026-02-17 22:48:36 |INFO  |📊 WETH/USDC Spreads | BuyCex->SellDex: 17.08 bps | BuyDex->SellCex: -77.17 bps | Min Required: 10.00
2026-02-17 22:48:36 |INFO  |💰 WETH/USDC Potential PnL: Gross $0.0068 - Fees $0.1159 = Net $-0.1091 (Min: $0.1000)
2026-02-17 22:48:36 |WARN  |❌ WETH/USDC ignored: Not profitable enough (Net $-0.1091)
2026-02-17 22:48:36 |INFO  |Tick: No signals generated (spreads too tight or API error)
2026-02-17 22:48:38 |INFO  |pair:WETH/USDC
2026-02-17 22:48:38 |INFO  |Generatiing signal for WETH/USDC...
2026-02-17 22:48:39 |INFO  |WETH/USDC Prices | CEX: 1985.72 | DEX: 2001.1538880358457
2026-02-17 22:48:39 |INFO  |📊 WETH/USDC Spreads | BuyCex->SellDex: 17.08 bps | BuyDex->SellCex: -77.17 bps | Min Required: 10.00
2026-02-17 22:48:39 |INFO  |💰 WETH/USDC Potential PnL: Gross $0.0068 - Fees $0.1159 = Net $-0.1091 (Min: $0.1000)
2026-02-17 22:48:39 |WARN  |❌ WETH/USDC ignored: Not profitable enough (Net $-0.1091)
2026-02-17 22:48:39 |INFO  |Tick: No signals generated (spreads too tight or API error)
2026-02-17 22:48:41 |INFO  |pair:WETH/USDC
2026-02-17 22:48:41 |INFO  |Generatiing signal for WETH/USDC...
2026-02-17 22:48:42 |INFO  |WETH/USDC Prices | CEX: 1985.61 | DEX: 2001.1538865525943
2026-02-17 22:48:42 |INFO  |📊 WETH/USDC Spreads | BuyCex->SellDex: 17.63 bps | BuyDex->SellCex: -77.72 bps | Min Required: 10.00
2026-02-17 22:48:42 |INFO  |💰 WETH/USDC Potential PnL: Gross $0.0070 - Fees $0.1159 = Net $-0.1089 (Min: $0.1000)
2026-02-17 22:48:42 |WARN  |❌ WETH/USDC ignored: Not profitable enough (Net $-0.1089)
2026-02-17 22:48:42 |INFO  |Tick: No signals generated (spreads too tight or API error)
2026-02-17 22:48:45 |INFO  |pair:WETH/USDC
2026-02-17 22:48:45 |INFO  |Generatiing signal for WETH/USDC...
2026-02-17 22:48:45 |INFO  |WETH/USDC Prices | CEX: 1986.16 | DEX: 2001.1538939688517
2026-02-17 22:48:45 |INFO  |📊 WETH/USDC Spreads | BuyCex->SellDex: 14.86 bps | BuyDex->SellCex: -74.98 bps | Min Required: 10.00
2026-02-17 22:48:45 |INFO  |💰 WETH/USDC Potential PnL: Gross $0.0059 - Fees $0.1159 = Net $-0.1100 (Min: $0.1000)
2026-02-17 22:48:45 |WARN  |❌ WETH/USDC ignored: Not profitable enough (Net $-0.1100)
2026-02-17 22:48:45 |INFO  |Tick: No signals generated (spreads too tight or API error)
2026-02-17 22:48:47 |INFO  |pair:WETH/USDC
2026-02-17 22:48:47 |INFO  |Generatiing signal for WETH/USDC...
2026-02-17 22:48:47 |INFO  |WETH/USDC Prices | CEX: 1986.16 | DEX: 2001.1538939688517
2026-02-17 22:48:47 |INFO  |📊 WETH/USDC Spreads | BuyCex->SellDex: 14.86 bps | BuyDex->SellCex: -74.98 bps | Min Required: 10.00
2026-02-17 22:48:47 |INFO  |💰 WETH/USDC Potential PnL: Gross $0.0059 - Fees $0.1159 = Net $-0.1100 (Min: $0.1000)
2026-02-17 22:48:47 |WARN  |❌ WETH/USDC ignored: Not profitable enough (Net $-0.1100)
2026-02-17 22:48:47 |INFO  |Tick: No signals generated (spreads too tight or API error)
2026-02-17 22:48:49 |INFO  |pair:WETH/USDC
2026-02-17 22:48:49 |INFO  |Generatiing signal for WETH/USDC...
2026-02-17 22:48:50 |INFO  |WETH/USDC Prices | CEX: 1985.85 | DEX: 2001.1538897820374
2026-02-17 22:48:50 |INFO  |📊 WETH/USDC Spreads | BuyCex->SellDex: 16.42 bps | BuyDex->SellCex: -76.53 bps | Min Required: 10.00
2026-02-17 22:48:50 |INFO  |💰 WETH/USDC Potential PnL: Gross $0.0065 - Fees $0.1159 = Net $-0.1094 (Min: $0.1000)
2026-02-17 22:48:50 |WARN  |❌ WETH/USDC ignored: Not profitable enough (Net $-0.1094)
2026-02-17 22:48:50 |INFO  |Tick: No signals generated (spreads too tight or API error)
2026-02-17 22:48:52 |INFO  |pair:WETH/USDC
2026-02-17 22:48:52 |INFO  |Generatiing signal for WETH/USDC...
2026-02-17 22:48:52 |INFO  |WETH/USDC Prices | CEX: 1985.62 | DEX: 2001.1538866874353
2026-02-17 22:48:52 |INFO  |📊 WETH/USDC Spreads | BuyCex->SellDex: 17.58 bps | BuyDex->SellCex: -77.67 bps | Min Required: 10.00
2026-02-17 22:48:52 |INFO  |💰 WETH/USDC Potential PnL: Gross $0.0070 - Fees $0.1159 = Net $-0.1089 (Min: $0.1000)
2026-02-17 22:48:52 |WARN  |❌ WETH/USDC ignored: Not profitable enough (Net $-0.1089)
2026-02-17 22:48:52 |INFO  |Tick: No signals generated (spreads too tight or API error)
2026-02-17 22:48:54 |INFO  |pair:WETH/USDC
2026-02-17 22:48:54 |INFO  |Generatiing signal for WETH/USDC...
2026-02-17 22:48:55 |INFO  |WETH/USDC Prices | CEX: 1985.7 | DEX: 2001.1538877661642
2026-02-17 22:48:55 |INFO  |📊 WETH/USDC Spreads | BuyCex->SellDex: 17.18 bps | BuyDex->SellCex: -77.27 bps | Min Required: 10.00
2026-02-17 22:48:55 |INFO  |💰 WETH/USDC Potential PnL: Gross $0.0068 - Fees $0.1159 = Net $-0.1091 (Min: $0.1000)
2026-02-17 22:48:55 |WARN  |❌ WETH/USDC ignored: Not profitable enough (Net $-0.1091)
2026-02-17 22:48:55 |INFO  |Tick: No signals generated (spreads too tight or API error)
2026-02-17 22:48:57 |INFO  |pair:WETH/USDC
2026-02-17 22:48:57 |INFO  |Generatiing signal for WETH/USDC...
2026-02-17 22:48:57 |INFO  |WETH/USDC Prices | CEX: 1985.7 | DEX: 2001.1538877661642
2026-02-17 22:48:57 |INFO  |📊 WETH/USDC Spreads | BuyCex->SellDex: 17.18 bps | BuyDex->SellCex: -77.27 bps | Min Required: 10.00
2026-02-17 22:48:57 |INFO  |💰 WETH/USDC Potential PnL: Gross $0.0068 - Fees $0.1159 = Net $-0.1091 (Min: $0.1000)
2026-02-17 22:48:57 |WARN  |❌ WETH/USDC ignored: Not profitable enough (Net $-0.1091)
2026-02-17 22:48:57 |INFO  |Tick: No signals generated (spreads too tight or API error)
2026-02-17 22:48:58 |INFO  |HEALTH | uptime=308s | last_trade=Nones | cb_open=false | pnl=$0.00 | limit_reached=false
2026-02-17 22:48:59 |INFO  |pair:WETH/USDC
2026-02-17 22:48:59 |INFO  |Generatiing signal for WETH/USDC...
2026-02-17 22:48:59 |INFO  |WETH/USDC Prices | CEX: 1985.7 | DEX: 2001.1538877661642
2026-02-17 22:48:59 |INFO  |📊 WETH/USDC Spreads | BuyCex->SellDex: 17.18 bps | BuyDex->SellCex: -77.27 bps | Min Required: 10.00
2026-02-17 22:48:59 |INFO  |💰 WETH/USDC Potential PnL: Gross $0.0068 - Fees $0.1159 = Net $-0.1091 (Min: $0.1000)
2026-02-17 22:48:59 |WARN  |❌ WETH/USDC ignored: Not profitable enough (Net $-0.1091)
2026-02-17 22:48:59 |INFO  |Tick: No signals generated (spreads too tight or API error)
2026-02-17 22:49:02 |INFO  |pair:WETH/USDC
2026-02-17 22:49:02 |INFO  |Generatiing signal for WETH/USDC...
2026-02-17 22:49:02 |INFO  |WETH/USDC Prices | CEX: 1985.69 | DEX: 2001.1538876313227
2026-02-17 22:49:02 |INFO  |📊 WETH/USDC Spreads | BuyCex->SellDex: 17.23 bps | BuyDex->SellCex: -77.32 bps | Min Required: 10.00
2026-02-17 22:49:02 |INFO  |💰 WETH/USDC Potential PnL: Gross $0.0068 - Fees $0.1159 = Net $-0.1090 (Min: $0.1000)
2026-02-17 22:49:02 |WARN  |❌ WETH/USDC ignored: Not profitable enough (Net $-0.1090)
2026-02-17 22:49:02 |INFO  |Tick: No signals generated (spreads too tight or API error)
2026-02-17 22:49:04 |INFO  |pair:WETH/USDC
2026-02-17 22:49:04 |INFO  |Generatiing signal for WETH/USDC...
2026-02-17 22:49:05 |INFO  |WETH/USDC Prices | CEX: 1985.29 | DEX: 2001.1538822376804
2026-02-17 22:49:05 |INFO  |📊 WETH/USDC Spreads | BuyCex->SellDex: 19.25 bps | BuyDex->SellCex: -79.32 bps | Min Required: 10.00
2026-02-17 22:49:05 |INFO  |💰 WETH/USDC Potential PnL: Gross $0.0076 - Fees $0.1159 = Net $-0.1082 (Min: $0.1000)
2026-02-17 22:49:05 |WARN  |❌ WETH/USDC ignored: Not profitable enough (Net $-0.1082)
2026-02-17 22:49:05 |INFO  |Tick: No signals generated (spreads too tight or API error)
2026-02-17 22:49:07 |INFO  |pair:WETH/USDC
2026-02-17 22:49:07 |INFO  |Generatiing signal for WETH/USDC...
2026-02-17 22:49:07 |INFO  |WETH/USDC Prices | CEX: 1985.29 | DEX: 2001.1538822376804
2026-02-17 22:49:07 |INFO  |📊 WETH/USDC Spreads | BuyCex->SellDex: 19.25 bps | BuyDex->SellCex: -79.32 bps | Min Required: 10.00
2026-02-17 22:49:07 |INFO  |💰 WETH/USDC Potential PnL: Gross $0.0076 - Fees $0.1159 = Net $-0.1082 (Min: $0.1000)
2026-02-17 22:49:07 |WARN  |❌ WETH/USDC ignored: Not profitable enough (Net $-0.1082)
2026-02-17 22:49:07 |INFO  |Tick: No signals generated (spreads too tight or API error)
2026-02-17 22:49:09 |INFO  |pair:WETH/USDC
2026-02-17 22:49:09 |INFO  |Generatiing signal for WETH/USDC...
2026-02-17 22:49:10 |INFO  |WETH/USDC Prices | CEX: 1985.16 | DEX: 2001.153880484747
2026-02-17 22:49:10 |INFO  |📊 WETH/USDC Spreads | BuyCex->SellDex: 19.91 bps | BuyDex->SellCex: -79.97 bps | Min Required: 10.00
2026-02-17 22:49:10 |INFO  |💰 WETH/USDC Potential PnL: Gross $0.0079 - Fees $0.1159 = Net $-0.1080 (Min: $0.1000)
2026-02-17 22:49:10 |WARN  |❌ WETH/USDC ignored: Not profitable enough (Net $-0.1080)
2026-02-17 22:49:10 |INFO  |Tick: No signals generated (spreads too tight or API error)
2026-02-17 22:49:12 |INFO  |pair:WETH/USDC
2026-02-17 22:49:12 |INFO  |Generatiing signal for WETH/USDC...
2026-02-17 22:49:13 |INFO  |WETH/USDC Prices | CEX: 1985.16 | DEX: 2001.153880484747
2026-02-17 22:49:13 |INFO  |📊 WETH/USDC Spreads | BuyCex->SellDex: 19.91 bps | BuyDex->SellCex: -79.97 bps | Min Required: 10.00
2026-02-17 22:49:13 |INFO  |💰 WETH/USDC Potential PnL: Gross $0.0079 - Fees $0.1159 = Net $-0.1080 (Min: $0.1000)
2026-02-17 22:49:13 |WARN  |❌ WETH/USDC ignored: Not profitable enough (Net $-0.1080)
2026-02-17 22:49:13 |INFO  |Tick: No signals generated (spreads too tight or API error)
2026-02-17 22:49:15 |INFO  |pair:WETH/USDC
2026-02-17 22:49:15 |INFO  |Generatiing signal for WETH/USDC...
2026-02-17 22:49:15 |INFO  |WETH/USDC Prices | CEX: 1985.16 | DEX: 2001.153880484747
2026-02-17 22:49:15 |INFO  |📊 WETH/USDC Spreads | BuyCex->SellDex: 19.91 bps | BuyDex->SellCex: -79.97 bps | Min Required: 10.00
2026-02-17 22:49:15 |INFO  |💰 WETH/USDC Potential PnL: Gross $0.0079 - Fees $0.1159 = Net $-0.1080 (Min: $0.1000)
2026-02-17 22:49:15 |WARN  |❌ WETH/USDC ignored: Not profitable enough (Net $-0.1080)
2026-02-17 22:49:15 |INFO  |Tick: No signals generated (spreads too tight or API error)
2026-02-17 22:49:17 |INFO  |pair:WETH/USDC
2026-02-17 22:49:17 |INFO  |Generatiing signal for WETH/USDC...
2026-02-17 22:49:18 |INFO  |WETH/USDC Prices | CEX: 1984.81 | DEX: 2001.1538757653107
2026-02-17 22:49:18 |INFO  |📊 WETH/USDC Spreads | BuyCex->SellDex: 21.67 bps | BuyDex->SellCex: -81.72 bps | Min Required: 10.00
2026-02-17 22:49:18 |INFO  |💰 WETH/USDC Potential PnL: Gross $0.0086 - Fees $0.1159 = Net $-0.1073 (Min: $0.1000)
2026-02-17 22:49:18 |WARN  |❌ WETH/USDC ignored: Not profitable enough (Net $-0.1073)
2026-02-17 22:49:18 |INFO  |Tick: No signals generated (spreads too tight or API error)
2026-02-17 22:49:21 |INFO  |pair:WETH/USDC
2026-02-17 22:49:21 |INFO  |Generatiing signal for WETH/USDC...
2026-02-17 22:49:21 |INFO  |WETH/USDC Prices | CEX: 1984.57 | DEX: 2001.1538725291261
2026-02-17 22:49:21 |INFO  |📊 WETH/USDC Spreads | BuyCex->SellDex: 22.88 bps | BuyDex->SellCex: -82.92 bps | Min Required: 10.00
2026-02-17 22:49:21 |INFO  |💰 WETH/USDC Potential PnL: Gross $0.0091 - Fees $0.1159 = Net $-0.1068 (Min: $0.1000)
2026-02-17 22:49:21 |WARN  |❌ WETH/USDC ignored: Not profitable enough (Net $-0.1068)
2026-02-17 22:49:21 |INFO  |Tick: No signals generated (spreads too tight or API error)
2026-02-17 22:49:24 |INFO  |pair:WETH/USDC
2026-02-17 22:49:24 |INFO  |Generatiing signal for WETH/USDC...
2026-02-17 22:49:24 |INFO  |WETH/USDC Prices | CEX: 1984.06 | DEX: 2001.153865652233
2026-02-17 22:49:24 |INFO  |📊 WETH/USDC Spreads | BuyCex->SellDex: 25.46 bps | BuyDex->SellCex: -85.47 bps | Min Required: 10.00
2026-02-17 22:49:24 |INFO  |💰 WETH/USDC Potential PnL: Gross $0.0101 - Fees $0.1159 = Net $-0.1058 (Min: $0.1000)
2026-02-17 22:49:24 |WARN  |❌ WETH/USDC ignored: Not profitable enough (Net $-0.1058)
2026-02-17 22:49:24 |INFO  |Tick: No signals generated (spreads too tight or API error)
2026-02-17 22:49:26 |INFO  |pair:WETH/USDC
2026-02-17 22:49:26 |INFO  |Generatiing signal for WETH/USDC...
2026-02-17 22:49:26 |INFO  |WETH/USDC Prices | CEX: 1983.77 | DEX: 2001.1538617418428
2026-02-17 22:49:26 |INFO  |📊 WETH/USDC Spreads | BuyCex->SellDex: 26.93 bps | BuyDex->SellCex: -86.92 bps | Min Required: 10.00
2026-02-17 22:49:26 |INFO  |💰 WETH/USDC Potential PnL: Gross $0.0107 - Fees $0.1159 = Net $-0.1052 (Min: $0.1000)
2026-02-17 22:49:26 |WARN  |❌ WETH/USDC ignored: Not profitable enough (Net $-0.1052)
2026-02-17 22:49:26 |INFO  |Tick: No signals generated (spreads too tight or API error)
2026-02-17 22:49:29 |INFO  |pair:WETH/USDC
2026-02-17 22:49:29 |INFO  |Generatiing signal for WETH/USDC...
2026-02-17 22:49:29 |INFO  |WETH/USDC Prices | CEX: 1983.77 | DEX: 2001.1538617418428
2026-02-17 22:49:29 |INFO  |📊 WETH/USDC Spreads | BuyCex->SellDex: 26.93 bps | BuyDex->SellCex: -86.92 bps | Min Required: 10.00
2026-02-17 22:49:29 |INFO  |💰 WETH/USDC Potential PnL: Gross $0.0107 - Fees $0.1159 = Net $-0.1052 (Min: $0.1000)
2026-02-17 22:49:29 |WARN  |❌ WETH/USDC ignored: Not profitable enough (Net $-0.1052)
2026-02-17 22:49:29 |INFO  |Tick: No signals generated (spreads too tight or API error)
2026-02-17 22:49:31 |INFO  |pair:WETH/USDC
2026-02-17 22:49:31 |INFO  |Generatiing signal for WETH/USDC...
2026-02-17 22:49:32 |INFO  |WETH/USDC Prices | CEX: 1984.87 | DEX: 2001.1538765676144
2026-02-17 22:49:32 |INFO  |📊 WETH/USDC Spreads | BuyCex->SellDex: 21.37 bps | BuyDex->SellCex: -81.42 bps | Min Required: 10.00
2026-02-17 22:49:32 |INFO  |💰 WETH/USDC Potential PnL: Gross $0.0085 - Fees $0.1159 = Net $-0.1074 (Min: $0.1000)
2026-02-17 22:49:32 |WARN  |❌ WETH/USDC ignored: Not profitable enough (Net $-0.1074)
2026-02-17 22:49:32 |INFO  |Tick: No signals generated (spreads too tight or API error)
2026-02-17 22:49:34 |INFO  |pair:WETH/USDC
2026-02-17 22:49:34 |INFO  |Generatiing signal for WETH/USDC...
2026-02-17 22:49:34 |INFO  |WETH/USDC Prices | CEX: 1984.87 | DEX: 2001.1538765676144
2026-02-17 22:49:34 |INFO  |📊 WETH/USDC Spreads | BuyCex->SellDex: 21.37 bps | BuyDex->SellCex: -81.42 bps | Min Required: 10.00
2026-02-17 22:49:34 |INFO  |💰 WETH/USDC Potential PnL: Gross $0.0085 - Fees $0.1159 = Net $-0.1074 (Min: $0.1000)
2026-02-17 22:49:34 |WARN  |❌ WETH/USDC ignored: Not profitable enough (Net $-0.1074)
2026-02-17 22:49:34 |INFO  |Tick: No signals generated (spreads too tight or API error)
2026-02-17 22:49:36 |INFO  |pair:WETH/USDC
2026-02-17 22:49:36 |INFO  |Generatiing signal for WETH/USDC...
2026-02-17 22:49:36 |INFO  |WETH/USDC Prices | CEX: 1984.87 | DEX: 2001.1538765676144
2026-02-17 22:49:36 |INFO  |📊 WETH/USDC Spreads | BuyCex->SellDex: 21.37 bps | BuyDex->SellCex: -81.42 bps | Min Required: 10.00
2026-02-17 22:49:36 |INFO  |💰 WETH/USDC Potential PnL: Gross $0.0085 - Fees $0.1159 = Net $-0.1074 (Min: $0.1000)
2026-02-17 22:49:36 |WARN  |❌ WETH/USDC ignored: Not profitable enough (Net $-0.1074)
2026-02-17 22:49:36 |INFO  |Tick: No signals generated (spreads too tight or API error)
2026-02-17 22:49:39 |INFO  |pair:WETH/USDC
2026-02-17 22:49:39 |INFO  |Generatiing signal for WETH/USDC...
2026-02-17 22:49:39 |INFO  |WETH/USDC Prices | CEX: 1984.87 | DEX: 2001.1538765676144
2026-02-17 22:49:39 |INFO  |📊 WETH/USDC Spreads | BuyCex->SellDex: 21.37 bps | BuyDex->SellCex: -81.42 bps | Min Required: 10.00
2026-02-17 22:49:39 |INFO  |💰 WETH/USDC Potential PnL: Gross $0.0085 - Fees $0.1159 = Net $-0.1074 (Min: $0.1000)
2026-02-17 22:49:39 |WARN  |❌ WETH/USDC ignored: Not profitable enough (Net $-0.1074)
2026-02-17 22:49:39 |INFO  |Tick: No signals generated (spreads too tight or API error)
2026-02-17 22:49:41 |INFO  |pair:WETH/USDC
2026-02-17 22:49:41 |INFO  |Generatiing signal for WETH/USDC...
2026-02-17 22:49:41 |INFO  |WETH/USDC Prices | CEX: 1984.87 | DEX: 2001.1538765676144
2026-02-17 22:49:41 |INFO  |📊 WETH/USDC Spreads | BuyCex->SellDex: 21.37 bps | BuyDex->SellCex: -81.42 bps | Min Required: 10.00
2026-02-17 22:49:41 |INFO  |💰 WETH/USDC Potential PnL: Gross $0.0085 - Fees $0.1159 = Net $-0.1074 (Min: $0.1000)
2026-02-17 22:49:41 |WARN  |❌ WETH/USDC ignored: Not profitable enough (Net $-0.1074)
2026-02-17 22:49:41 |INFO  |Tick: No signals generated (spreads too tight or API error)
2026-02-17 22:49:44 |INFO  |pair:WETH/USDC
2026-02-17 22:49:44 |INFO  |Generatiing signal for WETH/USDC...
2026-02-17 22:49:44 |INFO  |WETH/USDC Prices | CEX: 1984.77 | DEX: 2001.1538752259464
2026-02-17 22:49:44 |INFO  |📊 WETH/USDC Spreads | BuyCex->SellDex: 21.87 bps | BuyDex->SellCex: -81.92 bps | Min Required: 10.00
2026-02-17 22:49:44 |INFO  |💰 WETH/USDC Potential PnL: Gross $0.0087 - Fees $0.1159 = Net $-0.1072 (Min: $0.1000)
2026-02-17 22:49:44 |WARN  |❌ WETH/USDC ignored: Not profitable enough (Net $-0.1072)
2026-02-17 22:49:44 |INFO  |Tick: No signals generated (spreads too tight or API error)
2026-02-17 22:49:46 |INFO  |pair:WETH/USDC
2026-02-17 22:49:46 |INFO  |Generatiing signal for WETH/USDC...
2026-02-17 22:49:47 |INFO  |WETH/USDC Prices | CEX: 1984.77 | DEX: 2001.1538752259464
2026-02-17 22:49:47 |INFO  |📊 WETH/USDC Spreads | BuyCex->SellDex: 21.87 bps | BuyDex->SellCex: -81.92 bps | Min Required: 10.00
2026-02-17 22:49:47 |INFO  |💰 WETH/USDC Potential PnL: Gross $0.0087 - Fees $0.1159 = Net $-0.1072 (Min: $0.1000)
2026-02-17 22:49:47 |WARN  |❌ WETH/USDC ignored: Not profitable enough (Net $-0.1072)
2026-02-17 22:49:47 |INFO  |Tick: No signals generated (spreads too tight or API error)
2026-02-17 22:49:49 |INFO  |pair:WETH/USDC
2026-02-17 22:49:49 |INFO  |Generatiing signal for WETH/USDC...
2026-02-17 22:49:49 |INFO  |WETH/USDC Prices | CEX: 1984.77 | DEX: 2001.1538752259464
2026-02-17 22:49:49 |INFO  |📊 WETH/USDC Spreads | BuyCex->SellDex: 21.87 bps | BuyDex->SellCex: -81.92 bps | Min Required: 10.00
2026-02-17 22:49:49 |INFO  |💰 WETH/USDC Potential PnL: Gross $0.0087 - Fees $0.1159 = Net $-0.1072 (Min: $0.1000)
2026-02-17 22:49:49 |WARN  |❌ WETH/USDC ignored: Not profitable enough (Net $-0.1072)
2026-02-17 22:49:49 |INFO  |Tick: No signals generated (spreads too tight or API error)
2026-02-17 22:49:51 |INFO  |pair:WETH/USDC
2026-02-17 22:49:51 |INFO  |Generatiing signal for WETH/USDC...
2026-02-17 22:49:51 |INFO  |WETH/USDC Prices | CEX: 1984.57 | DEX: 2001.1538725291261
2026-02-17 22:49:51 |INFO  |📊 WETH/USDC Spreads | BuyCex->SellDex: 22.88 bps | BuyDex->SellCex: -82.92 bps | Min Required: 10.00
2026-02-17 22:49:51 |INFO  |💰 WETH/USDC Potential PnL: Gross $0.0091 - Fees $0.1159 = Net $-0.1068 (Min: $0.1000)
2026-02-17 22:49:51 |WARN  |❌ WETH/USDC ignored: Not profitable enough (Net $-0.1068)
2026-02-17 22:49:51 |INFO  |Tick: No signals generated (spreads too tight or API error)
2026-02-17 22:49:53 |INFO  |pair:WETH/USDC
2026-02-17 22:49:53 |INFO  |Generatiing signal for WETH/USDC...
2026-02-17 22:49:54 |INFO  |WETH/USDC Prices | CEX: 1984.88 | DEX: 2001.1538767091988
2026-02-17 22:49:54 |INFO  |📊 WETH/USDC Spreads | BuyCex->SellDex: 21.32 bps | BuyDex->SellCex: -81.37 bps | Min Required: 10.00
2026-02-17 22:49:54 |INFO  |💰 WETH/USDC Potential PnL: Gross $0.0085 - Fees $0.1159 = Net $-0.1074 (Min: $0.1000)
2026-02-17 22:49:54 |WARN  |❌ WETH/USDC ignored: Not profitable enough (Net $-0.1074)
2026-02-17 22:49:54 |INFO  |Tick: No signals generated (spreads too tight or API error)
2026-02-17 22:49:56 |INFO  |pair:WETH/USDC
2026-02-17 22:49:56 |INFO  |Generatiing signal for WETH/USDC...
2026-02-17 22:49:56 |INFO  |WETH/USDC Prices | CEX: 1984.88 | DEX: 2001.1538767091988
2026-02-17 22:49:56 |INFO  |📊 WETH/USDC Spreads | BuyCex->SellDex: 21.32 bps | BuyDex->SellCex: -81.37 bps | Min Required: 10.00
2026-02-17 22:49:56 |INFO  |💰 WETH/USDC Potential PnL: Gross $0.0085 - Fees $0.1159 = Net $-0.1074 (Min: $0.1000)
2026-02-17 22:49:56 |WARN  |❌ WETH/USDC ignored: Not profitable enough (Net $-0.1074)
2026-02-17 22:49:56 |INFO  |Tick: No signals generated (spreads too tight or API error)
2026-02-17 22:49:58 |INFO  |pair:WETH/USDC
2026-02-17 22:49:58 |INFO  |Generatiing signal for WETH/USDC...
2026-02-17 22:49:58 |INFO  |WETH/USDC Prices | CEX: 1984.88 | DEX: 2001.1538767091988
2026-02-17 22:49:58 |INFO  |📊 WETH/USDC Spreads | BuyCex->SellDex: 21.32 bps | BuyDex->SellCex: -81.37 bps | Min Required: 10.00
2026-02-17 22:49:58 |INFO  |💰 WETH/USDC Potential PnL: Gross $0.0085 - Fees $0.1159 = Net $-0.1074 (Min: $0.1000)
2026-02-17 22:49:58 |WARN  |❌ WETH/USDC ignored: Not profitable enough (Net $-0.1074)
2026-02-17 22:49:58 |INFO  |Tick: No signals generated (spreads too tight or API error)
2026-02-17 22:49:59 |INFO  |HEALTH | uptime=369s | last_trade=Nones | cb_open=false | pnl=$0.00 | limit_reached=false
2026-02-17 22:50:00 |INFO  |pair:WETH/USDC
2026-02-17 22:50:00 |INFO  |Generatiing signal for WETH/USDC...
2026-02-17 22:50:00 |INFO  |WETH/USDC Prices | CEX: 1984.68 | DEX: 2001.1538740123776
2026-02-17 22:50:00 |INFO  |📊 WETH/USDC Spreads | BuyCex->SellDex: 22.33 bps | BuyDex->SellCex: -82.37 bps | Min Required: 10.00
2026-02-17 22:50:00 |INFO  |💰 WETH/USDC Potential PnL: Gross $0.0089 - Fees $0.1159 = Net $-0.1070 (Min: $0.1000)
2026-02-17 22:50:00 |WARN  |❌ WETH/USDC ignored: Not profitable enough (Net $-0.1070)
2026-02-17 22:50:00 |INFO  |Tick: No signals generated (spreads too tight or API error)
2026-02-17 22:50:03 |INFO  |pair:WETH/USDC
2026-02-17 22:50:03 |INFO  |Generatiing signal for WETH/USDC...
2026-02-17 22:50:04 |INFO  |WETH/USDC Prices | CEX: 1984.99 | DEX: 2001.1538781924494
2026-02-17 22:50:04 |INFO  |📊 WETH/USDC Spreads | BuyCex->SellDex: 20.76 bps | BuyDex->SellCex: -80.82 bps | Min Required: 10.00
2026-02-17 22:50:04 |INFO  |💰 WETH/USDC Potential PnL: Gross $0.0082 - Fees $0.1159 = Net $-0.1076 (Min: $0.1000)
2026-02-17 22:50:04 |WARN  |❌ WETH/USDC ignored: Not profitable enough (Net $-0.1076)
2026-02-17 22:50:04 |INFO  |Tick: No signals generated (spreads too tight or API error)
2026-02-17 22:50:06 |INFO  |pair:WETH/USDC
2026-02-17 22:50:06 |INFO  |Generatiing signal for WETH/USDC...
2026-02-17 22:50:06 |INFO  |WETH/USDC Prices | CEX: 1985.04 | DEX: 2001.153878859912
2026-02-17 22:50:06 |INFO  |📊 WETH/USDC Spreads | BuyCex->SellDex: 20.51 bps | BuyDex->SellCex: -80.57 bps | Min Required: 10.00
2026-02-17 22:50:06 |INFO  |💰 WETH/USDC Potential PnL: Gross $0.0081 - Fees $0.1159 = Net $-0.1077 (Min: $0.1000)
2026-02-17 22:50:06 |WARN  |❌ WETH/USDC ignored: Not profitable enough (Net $-0.1077)
2026-02-17 22:50:06 |INFO  |Tick: No signals generated (spreads too tight or API error)
2026-02-17 22:50:08 |INFO  |pair:WETH/USDC
2026-02-17 22:50:08 |INFO  |Generatiing signal for WETH/USDC...
2026-02-17 22:50:08 |INFO  |WETH/USDC Prices | CEX: 1985.04 | DEX: 2001.153878859912
2026-02-17 22:50:08 |INFO  |📊 WETH/USDC Spreads | BuyCex->SellDex: 20.51 bps | BuyDex->SellCex: -80.57 bps | Min Required: 10.00
2026-02-17 22:50:08 |INFO  |💰 WETH/USDC Potential PnL: Gross $0.0081 - Fees $0.1159 = Net $-0.1077 (Min: $0.1000)
2026-02-17 22:50:08 |WARN  |❌ WETH/USDC ignored: Not profitable enough (Net $-0.1077)
2026-02-17 22:50:08 |INFO  |Tick: No signals generated (spreads too tight or API error)
2026-02-17 22:50:10 |INFO  |pair:WETH/USDC
2026-02-17 22:50:10 |INFO  |Generatiing signal for WETH/USDC...
2026-02-17 22:50:11 |INFO  |WETH/USDC Prices | CEX: 1985.2 | DEX: 2001.1538810241113
2026-02-17 22:50:11 |INFO  |📊 WETH/USDC Spreads | BuyCex->SellDex: 19.70 bps | BuyDex->SellCex: -79.77 bps | Min Required: 10.00
2026-02-17 22:50:11 |INFO  |💰 WETH/USDC Potential PnL: Gross $0.0078 - Fees $0.1159 = Net $-0.1081 (Min: $0.1000)
2026-02-17 22:50:11 |WARN  |❌ WETH/USDC ignored: Not profitable enough (Net $-0.1081)
2026-02-17 22:50:11 |INFO  |Tick: No signals generated (spreads too tight or API error)
2026-02-17 22:50:13 |INFO  |pair:WETH/USDC
2026-02-17 22:50:13 |INFO  |Generatiing signal for WETH/USDC...
2026-02-17 22:50:13 |INFO  |WETH/USDC Prices | CEX: 1984.81 | DEX: 2001.1538757653107
2026-02-17 22:50:13 |INFO  |📊 WETH/USDC Spreads | BuyCex->SellDex: 21.67 bps | BuyDex->SellCex: -81.72 bps | Min Required: 10.00
2026-02-17 22:50:13 |INFO  |💰 WETH/USDC Potential PnL: Gross $0.0086 - Fees $0.1159 = Net $-0.1073 (Min: $0.1000)
2026-02-17 22:50:13 |WARN  |❌ WETH/USDC ignored: Not profitable enough (Net $-0.1073)
2026-02-17 22:50:13 |INFO  |Tick: No signals generated (spreads too tight or API error)
2026-02-17 22:50:15 |INFO  |pair:WETH/USDC
2026-02-17 22:50:15 |INFO  |Generatiing signal for WETH/USDC...
2026-02-17 22:50:16 |INFO  |WETH/USDC Prices | CEX: 1984.79 | DEX: 2001.1538754888863
2026-02-17 22:50:16 |INFO  |📊 WETH/USDC Spreads | BuyCex->SellDex: 21.77 bps | BuyDex->SellCex: -81.82 bps | Min Required: 10.00
2026-02-17 22:50:16 |INFO  |💰 WETH/USDC Potential PnL: Gross $0.0086 - Fees $0.1159 = Net $-0.1072 (Min: $0.1000)
2026-02-17 22:50:16 |WARN  |❌ WETH/USDC ignored: Not profitable enough (Net $-0.1072)
2026-02-17 22:50:16 |INFO  |Tick: No signals generated (spreads too tight or API error)
2026-02-17 22:50:18 |INFO  |pair:WETH/USDC
2026-02-17 22:50:18 |INFO  |Generatiing signal for WETH/USDC...
2026-02-17 22:50:18 |INFO  |WETH/USDC Prices | CEX: 1984.79 | DEX: 2001.1538754888863
2026-02-17 22:50:18 |INFO  |📊 WETH/USDC Spreads | BuyCex->SellDex: 21.77 bps | BuyDex->SellCex: -81.82 bps | Min Required: 10.00
2026-02-17 22:50:18 |INFO  |💰 WETH/USDC Potential PnL: Gross $0.0086 - Fees $0.1159 = Net $-0.1072 (Min: $0.1000)
2026-02-17 22:50:18 |WARN  |❌ WETH/USDC ignored: Not profitable enough (Net $-0.1072)
2026-02-17 22:50:18 |INFO  |Tick: No signals generated (spreads too tight or API error)
2026-02-17 22:50:20 |INFO  |pair:WETH/USDC
2026-02-17 22:50:20 |INFO  |Generatiing signal for WETH/USDC...
2026-02-17 22:50:20 |INFO  |WETH/USDC Prices | CEX: 1984.93 | DEX: 2001.1538773834031
2026-02-17 22:50:20 |INFO  |📊 WETH/USDC Spreads | BuyCex->SellDex: 21.07 bps | BuyDex->SellCex: -81.12 bps | Min Required: 10.00
2026-02-17 22:50:20 |INFO  |💰 WETH/USDC Potential PnL: Gross $0.0084 - Fees $0.1159 = Net $-0.1075 (Min: $0.1000)
2026-02-17 22:50:20 |WARN  |❌ WETH/USDC ignored: Not profitable enough (Net $-0.1075)
2026-02-17 22:50:20 |INFO  |Tick: No signals generated (spreads too tight or API error)
2026-02-17 22:50:23 |INFO  |pair:WETH/USDC
2026-02-17 22:50:23 |INFO  |Generatiing signal for WETH/USDC...
2026-02-17 22:50:23 |INFO  |WETH/USDC Prices | CEX: 1984.93 | DEX: 2001.1538773834031
2026-02-17 22:50:23 |INFO  |📊 WETH/USDC Spreads | BuyCex->SellDex: 21.07 bps | BuyDex->SellCex: -81.12 bps | Min Required: 10.00
2026-02-17 22:50:23 |INFO  |💰 WETH/USDC Potential PnL: Gross $0.0084 - Fees $0.1159 = Net $-0.1075 (Min: $0.1000)
2026-02-17 22:50:23 |WARN  |❌ WETH/USDC ignored: Not profitable enough (Net $-0.1075)
2026-02-17 22:50:23 |INFO  |Tick: No signals generated (spreads too tight or API error)
2026-02-17 22:50:26 |INFO  |pair:WETH/USDC
2026-02-17 22:50:26 |INFO  |Generatiing signal for WETH/USDC...
2026-02-17 22:50:26 |INFO  |WETH/USDC Prices | CEX: 1984.83 | DEX: 2001.1538760282508
2026-02-17 22:50:26 |INFO  |📊 WETH/USDC Spreads | BuyCex->SellDex: 21.57 bps | BuyDex->SellCex: -81.62 bps | Min Required: 10.00
2026-02-17 22:50:26 |INFO  |💰 WETH/USDC Potential PnL: Gross $0.0086 - Fees $0.1159 = Net $-0.1073 (Min: $0.1000)
2026-02-17 22:50:26 |WARN  |❌ WETH/USDC ignored: Not profitable enough (Net $-0.1073)
2026-02-17 22:50:26 |INFO  |Tick: No signals generated (spreads too tight or API error)
2026-02-17 22:50:28 |INFO  |pair:WETH/USDC
2026-02-17 22:50:28 |INFO  |Generatiing signal for WETH/USDC...
2026-02-17 22:50:28 |INFO  |WETH/USDC Prices | CEX: 1984.83 | DEX: 2001.1538760282508
2026-02-17 22:50:28 |INFO  |📊 WETH/USDC Spreads | BuyCex->SellDex: 21.57 bps | BuyDex->SellCex: -81.62 bps | Min Required: 10.00
2026-02-17 22:50:28 |INFO  |💰 WETH/USDC Potential PnL: Gross $0.0086 - Fees $0.1159 = Net $-0.1073 (Min: $0.1000)
2026-02-17 22:50:28 |WARN  |❌ WETH/USDC ignored: Not profitable enough (Net $-0.1073)
2026-02-17 22:50:28 |INFO  |Tick: No signals generated (spreads too tight or API error)
2026-02-17 22:50:30 |INFO  |pair:WETH/USDC
2026-02-17 22:50:30 |INFO  |Generatiing signal for WETH/USDC...
2026-02-17 22:50:31 |INFO  |WETH/USDC Prices | CEX: 1984.83 | DEX: 2001.1538760282508
2026-02-17 22:50:31 |INFO  |📊 WETH/USDC Spreads | BuyCex->SellDex: 21.57 bps | BuyDex->SellCex: -81.62 bps | Min Required: 10.00
2026-02-17 22:50:31 |INFO  |💰 WETH/USDC Potential PnL: Gross $0.0086 - Fees $0.1159 = Net $-0.1073 (Min: $0.1000)
2026-02-17 22:50:31 |WARN  |❌ WETH/USDC ignored: Not profitable enough (Net $-0.1073)
2026-02-17 22:50:31 |INFO  |Tick: No signals generated (spreads too tight or API error)
2026-02-17 22:50:33 |INFO  |pair:WETH/USDC
2026-02-17 22:50:33 |INFO  |Generatiing signal for WETH/USDC...
2026-02-17 22:50:33 |INFO  |WETH/USDC Prices | CEX: 1984.94 | DEX: 2001.1538775182441
2026-02-17 22:50:33 |INFO  |📊 WETH/USDC Spreads | BuyCex->SellDex: 21.02 bps | BuyDex->SellCex: -81.07 bps | Min Required: 10.00
2026-02-17 22:50:33 |INFO  |💰 WETH/USDC Potential PnL: Gross $0.0083 - Fees $0.1159 = Net $-0.1075 (Min: $0.1000)
2026-02-17 22:50:33 |WARN  |❌ WETH/USDC ignored: Not profitable enough (Net $-0.1075)
2026-02-17 22:50:33 |INFO  |Tick: No signals generated (spreads too tight or API error)
2026-02-17 22:50:35 |INFO  |pair:WETH/USDC
2026-02-17 22:50:35 |INFO  |Generatiing signal for WETH/USDC...
2026-02-17 22:50:36 |INFO  |WETH/USDC Prices | CEX: 1984.65 | DEX: 2001.1538736078544
2026-02-17 22:50:36 |INFO  |📊 WETH/USDC Spreads | BuyCex->SellDex: 22.48 bps | BuyDex->SellCex: -82.52 bps | Min Required: 10.00
2026-02-17 22:50:36 |INFO  |💰 WETH/USDC Potential PnL: Gross $0.0089 - Fees $0.1159 = Net $-0.1070 (Min: $0.1000)
2026-02-17 22:50:36 |WARN  |❌ WETH/USDC ignored: Not profitable enough (Net $-0.1070)
2026-02-17 22:50:36 |INFO  |Tick: No signals generated (spreads too tight or API error)
2026-02-17 22:50:38 |INFO  |pair:WETH/USDC
2026-02-17 22:50:38 |INFO  |Generatiing signal for WETH/USDC...
2026-02-17 22:50:38 |INFO  |WETH/USDC Prices | CEX: 1984.65 | DEX: 2001.1538736078544
2026-02-17 22:50:38 |INFO  |📊 WETH/USDC Spreads | BuyCex->SellDex: 22.48 bps | BuyDex->SellCex: -82.52 bps | Min Required: 10.00
2026-02-17 22:50:38 |INFO  |💰 WETH/USDC Potential PnL: Gross $0.0089 - Fees $0.1159 = Net $-0.1070 (Min: $0.1000)
2026-02-17 22:50:38 |WARN  |❌ WETH/USDC ignored: Not profitable enough (Net $-0.1070)
2026-02-17 22:50:38 |INFO  |Tick: No signals generated (spreads too tight or API error)
2026-02-17 22:50:40 |INFO  |pair:WETH/USDC
2026-02-17 22:50:40 |INFO  |Generatiing signal for WETH/USDC...
2026-02-17 22:50:40 |INFO  |WETH/USDC Prices | CEX: 1984.38 | DEX: 2001.1538699671466
2026-02-17 22:50:40 |INFO  |📊 WETH/USDC Spreads | BuyCex->SellDex: 23.84 bps | BuyDex->SellCex: -83.87 bps | Min Required: 10.00
2026-02-17 22:50:40 |INFO  |💰 WETH/USDC Potential PnL: Gross $0.0095 - Fees $0.1159 = Net $-0.1064 (Min: $0.1000)
2026-02-17 22:50:40 |WARN  |❌ WETH/USDC ignored: Not profitable enough (Net $-0.1064)
2026-02-17 22:50:40 |INFO  |Tick: No signals generated (spreads too tight or API error)
2026-02-17 22:50:43 |INFO  |pair:WETH/USDC
2026-02-17 22:50:43 |INFO  |Generatiing signal for WETH/USDC...
2026-02-17 22:50:43 |INFO  |WETH/USDC Prices | CEX: 1984.33 | DEX: 2001.1538692929412
2026-02-17 22:50:43 |INFO  |📊 WETH/USDC Spreads | BuyCex->SellDex: 24.10 bps | BuyDex->SellCex: -84.12 bps | Min Required: 10.00
2026-02-17 22:50:43 |INFO  |💰 WETH/USDC Potential PnL: Gross $0.0096 - Fees $0.1159 = Net $-0.1063 (Min: $0.1000)
2026-02-17 22:50:43 |WARN  |❌ WETH/USDC ignored: Not profitable enough (Net $-0.1063)
2026-02-17 22:50:43 |INFO  |Tick: No signals generated (spreads too tight or API error)
2026-02-17 22:50:45 |INFO  |pair:WETH/USDC
2026-02-17 22:50:45 |INFO  |Generatiing signal for WETH/USDC...
2026-02-17 22:50:45 |INFO  |WETH/USDC Prices | CEX: 1984.22 | DEX: 2001.1538678096897
2026-02-17 22:50:45 |INFO  |📊 WETH/USDC Spreads | BuyCex->SellDex: 24.65 bps | BuyDex->SellCex: -84.67 bps | Min Required: 10.00
2026-02-17 22:50:45 |INFO  |💰 WETH/USDC Potential PnL: Gross $0.0098 - Fees $0.1159 = Net $-0.1061 (Min: $0.1000)
2026-02-17 22:50:45 |WARN  |❌ WETH/USDC ignored: Not profitable enough (Net $-0.1061)
2026-02-17 22:50:45 |INFO  |Tick: No signals generated (spreads too tight or API error)
2026-02-17 22:50:47 |INFO  |pair:WETH/USDC
2026-02-17 22:50:47 |INFO  |Generatiing signal for WETH/USDC...
2026-02-17 22:50:48 |INFO  |WETH/USDC Prices | CEX: 1984.22 | DEX: 2001.1538678096897
2026-02-17 22:50:48 |INFO  |📊 WETH/USDC Spreads | BuyCex->SellDex: 24.65 bps | BuyDex->SellCex: -84.67 bps | Min Required: 10.00
2026-02-17 22:50:48 |INFO  |💰 WETH/USDC Potential PnL: Gross $0.0098 - Fees $0.1159 = Net $-0.1061 (Min: $0.1000)
2026-02-17 22:50:48 |WARN  |❌ WETH/USDC ignored: Not profitable enough (Net $-0.1061)
2026-02-17 22:50:48 |INFO  |Tick: No signals generated (spreads too tight or API error)
2026-02-17 22:50:50 |INFO  |pair:WETH/USDC
2026-02-17 22:50:50 |INFO  |Generatiing signal for WETH/USDC...
2026-02-17 22:50:50 |INFO  |WETH/USDC Prices | CEX: 1983.77 | DEX: 2001.1538617418428
2026-02-17 22:50:50 |INFO  |📊 WETH/USDC Spreads | BuyCex->SellDex: 26.93 bps | BuyDex->SellCex: -86.92 bps | Min Required: 10.00
2026-02-17 22:50:50 |INFO  |💰 WETH/USDC Potential PnL: Gross $0.0107 - Fees $0.1159 = Net $-0.1052 (Min: $0.1000)
2026-02-17 22:50:50 |WARN  |❌ WETH/USDC ignored: Not profitable enough (Net $-0.1052)
2026-02-17 22:50:50 |INFO  |Tick: No signals generated (spreads too tight or API error)
2026-02-17 22:50:52 |INFO  |pair:WETH/USDC
2026-02-17 22:50:52 |INFO  |Generatiing signal for WETH/USDC...
2026-02-17 22:50:53 |INFO  |WETH/USDC Prices | CEX: 1983.79 | DEX: 2001.1538620115246
2026-02-17 22:50:53 |INFO  |📊 WETH/USDC Spreads | BuyCex->SellDex: 26.82 bps | BuyDex->SellCex: -86.82 bps | Min Required: 10.00
2026-02-17 22:50:53 |INFO  |💰 WETH/USDC Potential PnL: Gross $0.0106 - Fees $0.1159 = Net $-0.1052 (Min: $0.1000)
2026-02-17 22:50:53 |WARN  |❌ WETH/USDC ignored: Not profitable enough (Net $-0.1052)
2026-02-17 22:50:53 |INFO  |Tick: No signals generated (spreads too tight or API error)
2026-02-17 22:50:55 |INFO  |pair:WETH/USDC
2026-02-17 22:50:55 |INFO  |Generatiing signal for WETH/USDC...
2026-02-17 22:50:55 |INFO  |WETH/USDC Prices | CEX: 1983.79 | DEX: 2001.1538620115246
2026-02-17 22:50:55 |INFO  |📊 WETH/USDC Spreads | BuyCex->SellDex: 26.82 bps | BuyDex->SellCex: -86.82 bps | Min Required: 10.00
2026-02-17 22:50:55 |INFO  |💰 WETH/USDC Potential PnL: Gross $0.0106 - Fees $0.1159 = Net $-0.1052 (Min: $0.1000)
2026-02-17 22:50:55 |WARN  |❌ WETH/USDC ignored: Not profitable enough (Net $-0.1052)
2026-02-17 22:50:55 |INFO  |Tick: No signals generated (spreads too tight or API error)
2026-02-17 22:50:57 |INFO  |pair:WETH/USDC
2026-02-17 22:50:57 |INFO  |Generatiing signal for WETH/USDC...
2026-02-17 22:50:58 |INFO  |WETH/USDC Prices | CEX: 1983.79 | DEX: 2001.1538620115246
2026-02-17 22:50:58 |INFO  |📊 WETH/USDC Spreads | BuyCex->SellDex: 26.82 bps | BuyDex->SellCex: -86.82 bps | Min Required: 10.00
2026-02-17 22:50:58 |INFO  |💰 WETH/USDC Potential PnL: Gross $0.0106 - Fees $0.1159 = Net $-0.1052 (Min: $0.1000)
2026-02-17 22:50:58 |WARN  |❌ WETH/USDC ignored: Not profitable enough (Net $-0.1052)
2026-02-17 22:50:58 |INFO  |Tick: No signals generated (spreads too tight or API error)
2026-02-17 22:51:00 |INFO  |pair:WETH/USDC
2026-02-17 22:51:00 |INFO  |Generatiing signal for WETH/USDC...
2026-02-17 22:51:00 |INFO  |WETH/USDC Prices | CEX: 1984 | DEX: 2001.1538648431863
2026-02-17 22:51:00 |INFO  |📊 WETH/USDC Spreads | BuyCex->SellDex: 25.76 bps | BuyDex->SellCex: -85.77 bps | Min Required: 10.00
2026-02-17 22:51:00 |INFO  |💰 WETH/USDC Potential PnL: Gross $0.0102 - Fees $0.1159 = Net $-0.1056 (Min: $0.1000)
2026-02-17 22:51:00 |WARN  |❌ WETH/USDC ignored: Not profitable enough (Net $-0.1056)
2026-02-17 22:51:00 |INFO  |Tick: No signals generated (spreads too tight or API error)
2026-02-17 22:51:21 |INFO  |HEALTH | uptime=431s | last_trade=Nones | cb_open=false | pnl=$0.00 | limit_reached=false
2026-02-17 22:51:02 |INFO  |pair:WETH/USDC
2026-02-17 22:51:02 |INFO  |Generatiing signal for WETH/USDC...
2026-02-17 22:51:03 |INFO  |WETH/USDC Prices | CEX: 1984.32 | DEX: 2001.1538691581004
2026-02-17 22:51:03 |INFO  |📊 WETH/USDC Spreads | BuyCex->SellDex: 24.15 bps | BuyDex->SellCex: -84.17 bps | Min Required: 10.00
2026-02-17 22:51:03 |INFO  |💰 WETH/USDC Potential PnL: Gross $0.0096 - Fees $0.1159 = Net $-0.1063 (Min: $0.1000)
2026-02-17 22:51:03 |WARN  |❌ WETH/USDC ignored: Not profitable enough (Net $-0.1063)
2026-02-17 22:51:03 |INFO  |Tick: No signals generated (spreads too tight or API error)
2026-02-17 22:51:05 |INFO  |pair:WETH/USDC
2026-02-17 22:51:05 |INFO  |Generatiing signal for WETH/USDC...
2026-02-17 22:51:05 |INFO  |WETH/USDC Prices | CEX: 1983.71 | DEX: 2001.153860932797
2026-02-17 22:51:05 |INFO  |📊 WETH/USDC Spreads | BuyCex->SellDex: 27.23 bps | BuyDex->SellCex: -87.22 bps | Min Required: 10.00
2026-02-17 22:51:05 |INFO  |💰 WETH/USDC Potential PnL: Gross $0.0108 - Fees $0.1159 = Net $-0.1051 (Min: $0.1000)
2026-02-17 22:51:05 |WARN  |❌ WETH/USDC ignored: Not profitable enough (Net $-0.1051)
2026-02-17 22:51:05 |INFO  |Tick: No signals generated (spreads too tight or API error)
2026-02-17 22:51:07 |INFO  |pair:WETH/USDC
2026-02-17 22:51:07 |INFO  |Generatiing signal for WETH/USDC...
2026-02-17 22:51:08 |INFO  |WETH/USDC Prices | CEX: 1983.62 | DEX: 2001.1538597192273
2026-02-17 22:51:08 |INFO  |📊 WETH/USDC Spreads | BuyCex->SellDex: 27.68 bps | BuyDex->SellCex: -87.67 bps | Min Required: 10.00
2026-02-17 22:51:08 |INFO  |💰 WETH/USDC Potential PnL: Gross $0.0110 - Fees $0.1159 = Net $-0.1049 (Min: $0.1000)
2026-02-17 22:51:08 |WARN  |❌ WETH/USDC ignored: Not profitable enough (Net $-0.1049)
2026-02-17 22:51:08 |INFO  |Tick: No signals generated (spreads too tight or API error)
2026-02-17 22:51:10 |INFO  |pair:WETH/USDC
2026-02-17 22:51:10 |INFO  |Generatiing signal for WETH/USDC...
2026-02-17 22:51:11 |INFO  |WETH/USDC Prices | CEX: 1983.31 | DEX: 2001.1538555324123
2026-02-17 22:51:11 |INFO  |📊 WETH/USDC Spreads | BuyCex->SellDex: 29.25 bps | BuyDex->SellCex: -89.22 bps | Min Required: 10.00
2026-02-17 22:51:11 |INFO  |💰 WETH/USDC Potential PnL: Gross $0.0116 - Fees $0.1159 = Net $-0.1043 (Min: $0.1000)
2026-02-17 22:51:11 |WARN  |❌ WETH/USDC ignored: Not profitable enough (Net $-0.1043)
2026-02-17 22:51:11 |INFO  |Tick: No signals generated (spreads too tight or API error)
2026-02-17 22:51:13 |INFO  |pair:WETH/USDC
2026-02-17 22:51:13 |INFO  |Generatiing signal for WETH/USDC...
2026-02-17 22:51:14 |INFO  |WETH/USDC Prices | CEX: 1983.21 | DEX: 2001.1538514939234
2026-02-17 22:51:14 |INFO  |📊 WETH/USDC Spreads | BuyCex->SellDex: 30.77 bps | BuyDex->SellCex: -90.72 bps | Min Required: 10.00
2026-02-17 22:51:14 |INFO  |💰 WETH/USDC Potential PnL: Gross $0.0122 - Fees $0.1159 = Net $-0.1037 (Min: $0.1000)
2026-02-17 22:51:14 |WARN  |❌ WETH/USDC ignored: Not profitable enough (Net $-0.1037)
2026-02-17 22:51:14 |INFO  |Tick: No signals generated (spreads too tight or API error)
2026-02-17 22:51:16 |INFO  |pair:WETH/USDC
2026-02-17 22:51:16 |INFO  |Generatiing signal for WETH/USDC...
2026-02-17 22:51:16 |INFO  |WETH/USDC Prices | CEX: 1982.59 | DEX: 2001.1538458306004
2026-02-17 22:51:16 |INFO  |📊 WETH/USDC Spreads | BuyCex->SellDex: 32.89 bps | BuyDex->SellCex: -92.82 bps | Min Required: 10.00
2026-02-17 22:51:16 |INFO  |💰 WETH/USDC Potential PnL: Gross $0.0130 - Fees $0.1159 = Net $-0.1028 (Min: $0.1000)
2026-02-17 22:51:16 |WARN  |❌ WETH/USDC ignored: Not profitable enough (Net $-0.1028)
2026-02-17 22:51:16 |INFO  |Tick: No signals generated (spreads too tight or API error)
2026-02-17 22:51:18 |INFO  |pair:WETH/USDC
2026-02-17 22:51:18 |INFO  |Generatiing signal for WETH/USDC...
2026-02-17 22:51:19 |INFO  |WETH/USDC Prices | CEX: 1982.69 | DEX: 2001.1538471790107
2026-02-17 22:51:19 |INFO  |📊 WETH/USDC Spreads | BuyCex->SellDex: 32.39 bps | BuyDex->SellCex: -92.32 bps | Min Required: 10.00
2026-02-17 22:51:19 |INFO  |💰 WETH/USDC Potential PnL: Gross $0.0128 - Fees $0.1159 = Net $-0.1030 (Min: $0.1000)
2026-02-17 22:51:19 |WARN  |❌ WETH/USDC ignored: Not profitable enough (Net $-0.1030)
2026-02-17 22:51:19 |INFO  |Tick: No signals generated (spreads too tight or API error)
2026-02-17 22:51:21 |INFO  |pair:WETH/USDC
2026-02-17 22:51:21 |INFO  |Generatiing signal for WETH/USDC...
2026-02-17 22:51:21 |INFO  |WETH/USDC Prices | CEX: 1983.07 | DEX: 2001.15385230297
2026-02-17 22:51:21 |INFO  |📊 WETH/USDC Spreads | BuyCex->SellDex: 30.47 bps | BuyDex->SellCex: -90.42 bps | Min Required: 10.00
2026-02-17 22:51:21 |INFO  |💰 WETH/USDC Potential PnL: Gross $0.0121 - Fees $0.1159 = Net $-0.1038 (Min: $0.1000)
2026-02-17 22:51:21 |WARN  |❌ WETH/USDC ignored: Not profitable enough (Net $-0.1038)
2026-02-17 22:51:21 |INFO  |Tick: No signals generated (spreads too tight or API error)
2026-02-17 22:51:23 |INFO  |pair:WETH/USDC
2026-02-17 22:51:23 |INFO  |Generatiing signal for WETH/USDC...
2026-02-17 22:51:24 |INFO  |WETH/USDC Prices | CEX: 1983.18 | DEX: 2001.153853786222
2026-02-17 22:51:24 |INFO  |📊 WETH/USDC Spreads | BuyCex->SellDex: 29.91 bps | BuyDex->SellCex: -89.87 bps | Min Required: 10.00
2026-02-17 22:51:24 |INFO  |💰 WETH/USDC Potential PnL: Gross $0.0119 - Fees $0.1159 = Net $-0.1040 (Min: $0.1000)
2026-02-17 22:51:24 |WARN  |❌ WETH/USDC ignored: Not profitable enough (Net $-0.1040)
2026-02-17 22:51:24 |INFO  |Tick: No signals generated (spreads too tight or API error)
2026-02-17 22:51:26 |INFO  |pair:WETH/USDC
2026-02-17 22:51:26 |INFO  |Generatiing signal for WETH/USDC...
2026-02-17 22:51:26 |INFO  |WETH/USDC Prices | CEX: 1983.52 | DEX: 2001.1538583708166
2026-02-17 22:51:26 |INFO  |📊 WETH/USDC Spreads | BuyCex->SellDex: 28.19 bps | BuyDex->SellCex: -88.17 bps | Min Required: 10.00
2026-02-17 22:51:26 |INFO  |💰 WETH/USDC Potential PnL: Gross $0.0112 - Fees $0.1159 = Net $-0.1047 (Min: $0.1000)
2026-02-17 22:51:26 |WARN  |❌ WETH/USDC ignored: Not profitable enough (Net $-0.1047)
2026-02-17 22:51:26 |INFO  |Tick: No signals generated (spreads too tight or API error)
2026-02-17 22:51:28 |INFO  |pair:WETH/USDC
2026-02-17 22:51:28 |INFO  |Generatiing signal for WETH/USDC...
2026-02-17 22:51:29 |INFO  |WETH/USDC Prices | CEX: 1984.43 | DEX: 2001.153870641351
2026-02-17 22:51:29 |INFO  |📊 WETH/USDC Spreads | BuyCex->SellDex: 23.59 bps | BuyDex->SellCex: -83.62 bps | Min Required: 10.00
2026-02-17 22:51:29 |INFO  |💰 WETH/USDC Potential PnL: Gross $0.0094 - Fees $0.1159 = Net $-0.1065 (Min: $0.1000)
2026-02-17 22:51:29 |WARN  |❌ WETH/USDC ignored: Not profitable enough (Net $-0.1065)
2026-02-17 22:51:29 |INFO  |Tick: No signals generated (spreads too tight or API error)
2026-02-17 22:51:31 |INFO  |pair:WETH/USDC
2026-02-17 22:51:31 |INFO  |Generatiing signal for WETH/USDC...
2026-02-17 22:51:31 |INFO  |WETH/USDC Prices | CEX: 1984.64 | DEX: 2001.1538734730136
2026-02-17 22:51:31 |INFO  |📊 WETH/USDC Spreads | BuyCex->SellDex: 22.53 bps | BuyDex->SellCex: -82.57 bps | Min Required: 10.00
2026-02-17 22:51:31 |INFO  |💰 WETH/USDC Potential PnL: Gross $0.0089 - Fees $0.1159 = Net $-0.1069 (Min: $0.1000)
2026-02-17 22:51:31 |WARN  |❌ WETH/USDC ignored: Not profitable enough (Net $-0.1069)
2026-02-17 22:51:31 |INFO  |Tick: No signals generated (spreads too tight or API error)
2026-02-17 22:51:33 |INFO  |pair:WETH/USDC
2026-02-17 22:51:33 |INFO  |Generatiing signal for WETH/USDC...
2026-02-17 22:51:33 |INFO  |WETH/USDC Prices | CEX: 1984.79 | DEX: 2001.1538754888863
2026-02-17 22:51:33 |INFO  |📊 WETH/USDC Spreads | BuyCex->SellDex: 21.77 bps | BuyDex->SellCex: -81.82 bps | Min Required: 10.00
2026-02-17 22:51:33 |INFO  |💰 WETH/USDC Potential PnL: Gross $0.0086 - Fees $0.1159 = Net $-0.1072 (Min: $0.1000)
2026-02-17 22:51:33 |WARN  |❌ WETH/USDC ignored: Not profitable enough (Net $-0.1072)
2026-02-17 22:51:33 |INFO  |Tick: No signals generated (spreads too tight or API error)
2026-02-17 22:51:35 |INFO  |pair:WETH/USDC
2026-02-17 22:51:35 |INFO  |Generatiing signal for WETH/USDC...
2026-02-17 22:51:36 |INFO  |WETH/USDC Prices | CEX: 1984.89 | DEX: 2001.1538768440391
2026-02-17 22:51:36 |INFO  |📊 WETH/USDC Spreads | BuyCex->SellDex: 21.27 bps | BuyDex->SellCex: -81.32 bps | Min Required: 10.00
2026-02-17 22:51:36 |INFO  |💰 WETH/USDC Potential PnL: Gross $0.0084 - Fees $0.1159 = Net $-0.1074 (Min: $0.1000)
2026-02-17 22:51:36 |WARN  |❌ WETH/USDC ignored: Not profitable enough (Net $-0.1074)
2026-02-17 22:51:36 |INFO  |Tick: No signals generated (spreads too tight or API error)
2026-02-17 22:51:38 |INFO  |pair:WETH/USDC
2026-02-17 22:51:38 |INFO  |Generatiing signal for WETH/USDC...
2026-02-17 22:51:38 |INFO  |WETH/USDC Prices | CEX: 1984.8 | DEX: 2001.1538756304708
2026-02-17 22:51:38 |INFO  |📊 WETH/USDC Spreads | BuyCex->SellDex: 21.72 bps | BuyDex->SellCex: -81.77 bps | Min Required: 10.00
2026-02-17 22:51:38 |INFO  |💰 WETH/USDC Potential PnL: Gross $0.0086 - Fees $0.1159 = Net $-0.1073 (Min: $0.1000)
2026-02-17 22:51:38 |WARN  |❌ WETH/USDC ignored: Not profitable enough (Net $-0.1073)
2026-02-17 22:51:38 |INFO  |Tick: No signals generated (spreads too tight or API error)
2026-02-17 22:51:40 |INFO  |pair:WETH/USDC
2026-02-17 22:51:40 |INFO  |Generatiing signal for WETH/USDC...
2026-02-17 22:51:40 |INFO  |WETH/USDC Prices | CEX: 1984.8 | DEX: 2001.1538756304708
2026-02-17 22:51:40 |INFO  |📊 WETH/USDC Spreads | BuyCex->SellDex: 21.72 bps | BuyDex->SellCex: -81.77 bps | Min Required: 10.00
2026-02-17 22:51:40 |INFO  |💰 WETH/USDC Potential PnL: Gross $0.0086 - Fees $0.1159 = Net $-0.1073 (Min: $0.1000)
2026-02-17 22:51:40 |WARN  |❌ WETH/USDC ignored: Not profitable enough (Net $-0.1073)
2026-02-17 22:51:40 |INFO  |Tick: No signals generated (spreads too tight or API error)
2026-02-17 22:51:42 |INFO  |pair:WETH/USDC
2026-02-17 22:51:42 |INFO  |Generatiing signal for WETH/USDC...
2026-02-17 22:51:43 |INFO  |WETH/USDC Prices | CEX: 1984.68 | DEX: 2001.1538740123776
2026-02-17 22:51:43 |INFO  |📊 WETH/USDC Spreads | BuyCex->SellDex: 22.33 bps | BuyDex->SellCex: -82.37 bps | Min Required: 10.00
2026-02-17 22:51:43 |INFO  |💰 WETH/USDC Potential PnL: Gross $0.0089 - Fees $0.1159 = Net $-0.1070 (Min: $0.1000)
2026-02-17 22:51:43 |WARN  |❌ WETH/USDC ignored: Not profitable enough (Net $-0.1070)
2026-02-17 22:51:43 |INFO  |Tick: No signals generated (spreads too tight or API error)
2026-02-17 22:51:45 |INFO  |pair:WETH/USDC
2026-02-17 22:51:45 |INFO  |Generatiing signal for WETH/USDC...
2026-02-17 22:51:45 |INFO  |WETH/USDC Prices | CEX: 1984.68 | DEX: 2001.1538740123776
2026-02-17 22:51:45 |INFO  |📊 WETH/USDC Spreads | BuyCex->SellDex: 22.33 bps | BuyDex->SellCex: -82.37 bps | Min Required: 10.00
2026-02-17 22:51:45 |INFO  |💰 WETH/USDC Potential PnL: Gross $0.0089 - Fees $0.1159 = Net $-0.1070 (Min: $0.1000)
2026-02-17 22:51:45 |WARN  |❌ WETH/USDC ignored: Not profitable enough (Net $-0.1070)
2026-02-17 22:51:45 |INFO  |Tick: No signals generated (spreads too tight or API error)
2026-02-17 22:51:47 |INFO  |pair:WETH/USDC
2026-02-17 22:51:47 |INFO  |Generatiing signal for WETH/USDC...
2026-02-17 22:51:47 |INFO  |WETH/USDC Prices | CEX: 1984.68 | DEX: 2001.1538740123776
2026-02-17 22:51:47 |INFO  |📊 WETH/USDC Spreads | BuyCex->SellDex: 22.33 bps | BuyDex->SellCex: -82.37 bps | Min Required: 10.00
2026-02-17 22:51:47 |INFO  |💰 WETH/USDC Potential PnL: Gross $0.0089 - Fees $0.1159 = Net $-0.1070 (Min: $0.1000)
2026-02-17 22:51:47 |WARN  |❌ WETH/USDC ignored: Not profitable enough (Net $-0.1070)
2026-02-17 22:51:47 |INFO  |Tick: No signals generated (spreads too tight or API error)
2026-02-17 22:51:50 |INFO  |pair:WETH/USDC
2026-02-17 22:51:50 |INFO  |Generatiing signal for WETH/USDC...
2026-02-17 22:51:50 |INFO  |WETH/USDC Prices | CEX: 1984.68 | DEX: 2001.1538740123776
2026-02-17 22:51:50 |INFO  |📊 WETH/USDC Spreads | BuyCex->SellDex: 22.33 bps | BuyDex->SellCex: -82.37 bps | Min Required: 10.00
2026-02-17 22:51:50 |INFO  |💰 WETH/USDC Potential PnL: Gross $0.0089 - Fees $0.1159 = Net $-0.1070 (Min: $0.1000)
2026-02-17 22:51:50 |WARN  |❌ WETH/USDC ignored: Not profitable enough (Net $-0.1070)
2026-02-17 22:51:50 |INFO  |Tick: No signals generated (spreads too tight or API error)
2026-02-17 22:51:52 |INFO  |pair:WETH/USDC
2026-02-17 22:51:52 |INFO  |Generatiing signal for WETH/USDC...
2026-02-17 22:51:53 |INFO  |WETH/USDC Prices | CEX: 1984.12 | DEX: 2001.153866454537
2026-02-17 22:51:53 |INFO  |📊 WETH/USDC Spreads | BuyCex->SellDex: 25.16 bps | BuyDex->SellCex: -85.17 bps | Min Required: 10.00
2026-02-17 22:51:53 |INFO  |💰 WETH/USDC Potential PnL: Gross $0.0100 - Fees $0.1159 = Net $-0.1059 (Min: $0.1000)
2026-02-17 22:51:53 |WARN  |❌ WETH/USDC ignored: Not profitable enough (Net $-0.1059)
2026-02-17 22:51:53 |INFO  |Tick: No signals generated (spreads too tight or API error)
2026-02-17 22:51:55 |INFO  |pair:WETH/USDC
2026-02-17 22:51:55 |INFO  |Generatiing signal for WETH/USDC...
2026-02-17 22:51:55 |INFO  |WETH/USDC Prices | CEX: 1983.94 | DEX: 2001.15386403414
2026-02-17 22:51:55 |INFO  |📊 WETH/USDC Spreads | BuyCex->SellDex: 26.07 bps | BuyDex->SellCex: -86.07 bps | Min Required: 10.00
2026-02-17 22:51:55 |INFO  |💰 WETH/USDC Potential PnL: Gross $0.0103 - Fees $0.1159 = Net $-0.1055 (Min: $0.1000)
2026-02-17 22:51:55 |WARN  |❌ WETH/USDC ignored: Not profitable enough (Net $-0.1055)
2026-02-17 22:51:55 |INFO  |Tick: No signals generated (spreads too tight or API error)
2026-02-17 22:51:57 |INFO  |pair:WETH/USDC
2026-02-17 22:51:57 |INFO  |Generatiing signal for WETH/USDC...
2026-02-17 22:51:57 |INFO  |WETH/USDC Prices | CEX: 1983.72 | DEX: 2001.153861067638
2026-02-17 22:51:57 |INFO  |📊 WETH/USDC Spreads | BuyCex->SellDex: 27.18 bps | BuyDex->SellCex: -87.17 bps | Min Required: 10.00
2026-02-17 22:51:57 |INFO  |💰 WETH/USDC Potential PnL: Gross $0.0108 - Fees $0.1159 = Net $-0.1051 (Min: $0.1000)
2026-02-17 22:51:57 |WARN  |❌ WETH/USDC ignored: Not profitable enough (Net $-0.1051)
2026-02-17 22:51:57 |INFO  |Tick: No signals generated (spreads too tight or API error)
2026-02-17 22:51:59 |INFO  |pair:WETH/USDC
2026-02-17 22:51:59 |INFO  |Generatiing signal for WETH/USDC...
2026-02-17 22:52:00 |INFO  |WETH/USDC Prices | CEX: 1983.53 | DEX: 2001.153858505658
2026-02-17 22:52:00 |INFO  |📊 WETH/USDC Spreads | BuyCex->SellDex: 28.14 bps | BuyDex->SellCex: -88.12 bps | Min Required: 10.00
2026-02-17 22:52:00 |INFO  |💰 WETH/USDC Potential PnL: Gross $0.0112 - Fees $0.1159 = Net $-0.1047 (Min: $0.1000)
2026-02-17 22:52:00 |WARN  |❌ WETH/USDC ignored: Not profitable enough (Net $-0.1047)
2026-02-17 22:52:00 |INFO  |Tick: No signals generated (spreads too tight or API error)
2026-02-17 22:52:02 |INFO  |pair:WETH/USDC
2026-02-17 22:52:02 |INFO  |Generatiing signal for WETH/USDC...
2026-02-17 22:52:02 |INFO  |WETH/USDC Prices | CEX: 1983.6 | DEX: 2001.1538594428034
2026-02-17 22:52:02 |INFO  |📊 WETH/USDC Spreads | BuyCex->SellDex: 27.79 bps | BuyDex->SellCex: -87.77 bps | Min Required: 10.00
2026-02-17 22:52:02 |INFO  |💰 WETH/USDC Potential PnL: Gross $0.0110 - Fees $0.1159 = Net $-0.1048 (Min: $0.1000)
2026-02-17 22:52:02 |WARN  |❌ WETH/USDC ignored: Not profitable enough (Net $-0.1048)
2026-02-17 22:52:02 |INFO  |Tick: No signals generated (spreads too tight or API error)
2026-02-17 22:52:03 |INFO  |HEALTH | uptime=493s | last_trade=Nones | cb_open=false | pnl=$0.00 | limit_reached=false
2026-02-17 22:52:04 |INFO  |pair:WETH/USDC
2026-02-17 22:52:04 |INFO  |Generatiing signal for WETH/USDC...
2026-02-17 22:52:04 |INFO  |WETH/USDC Prices | CEX: 1983.8 | DEX: 2001.1538621463662
2026-02-17 22:52:04 |INFO  |📊 WETH/USDC Spreads | BuyCex->SellDex: 26.77 bps | BuyDex->SellCex: -86.77 bps | Min Required: 10.00
2026-02-17 22:52:04 |INFO  |💰 WETH/USDC Potential PnL: Gross $0.0106 - Fees $0.1159 = Net $-0.1052 (Min: $0.1000)
2026-02-17 22:52:04 |WARN  |❌ WETH/USDC ignored: Not profitable enough (Net $-0.1052)
2026-02-17 22:52:04 |INFO  |Tick: No signals generated (spreads too tight or API error)
2026-02-17 22:52:06 |INFO  |pair:WETH/USDC
2026-02-17 22:52:06 |INFO  |Generatiing signal for WETH/USDC...
2026-02-17 22:52:07 |INFO  |WETH/USDC Prices | CEX: 1984.16 | DEX: 2001.1538670006435
2026-02-17 22:52:07 |INFO  |📊 WETH/USDC Spreads | BuyCex->SellDex: 24.96 bps | BuyDex->SellCex: -84.97 bps | Min Required: 10.00
2026-02-17 22:52:07 |INFO  |💰 WETH/USDC Potential PnL: Gross $0.0099 - Fees $0.1159 = Net $-0.1060 (Min: $0.1000)
2026-02-17 22:52:07 |WARN  |❌ WETH/USDC ignored: Not profitable enough (Net $-0.1060)
2026-02-17 22:52:07 |INFO  |Tick: No signals generated (spreads too tight or API error)
2026-02-17 22:52:09 |INFO  |pair:WETH/USDC
2026-02-17 22:52:09 |INFO  |Generatiing signal for WETH/USDC...
2026-02-17 22:52:09 |INFO  |WETH/USDC Prices | CEX: 1984.16 | DEX: 2001.1538670006435
2026-02-17 22:52:09 |INFO  |📊 WETH/USDC Spreads | BuyCex->SellDex: 24.96 bps | BuyDex->SellCex: -84.97 bps | Min Required: 10.00
2026-02-17 22:52:09 |INFO  |💰 WETH/USDC Potential PnL: Gross $0.0099 - Fees $0.1159 = Net $-0.1060 (Min: $0.1000)
2026-02-17 22:52:09 |WARN  |❌ WETH/USDC ignored: Not profitable enough (Net $-0.1060)
2026-02-17 22:52:09 |INFO  |Tick: No signals generated (spreads too tight or API error)
2026-02-17 22:52:11 |INFO  |pair:WETH/USDC
2026-02-17 22:52:11 |INFO  |Generatiing signal for WETH/USDC...
2026-02-17 22:52:12 |INFO  |WETH/USDC Prices | CEX: 1983.93 | DEX: 2001.1538638992997
2026-02-17 22:52:12 |INFO  |📊 WETH/USDC Spreads | BuyCex->SellDex: 26.12 bps | BuyDex->SellCex: -86.12 bps | Min Required: 10.00
2026-02-17 22:52:12 |INFO  |💰 WETH/USDC Potential PnL: Gross $0.0104 - Fees $0.1159 = Net $-0.1055 (Min: $0.1000)
2026-02-17 22:52:12 |WARN  |❌ WETH/USDC ignored: Not profitable enough (Net $-0.1055)
2026-02-17 22:52:12 |INFO  |Tick: No signals generated (spreads too tight or API error)
2026-02-17 22:52:14 |INFO  |pair:WETH/USDC
2026-02-17 22:52:14 |INFO  |Generatiing signal for WETH/USDC...
2026-02-17 22:52:14 |INFO  |WETH/USDC Prices | CEX: 1983.77 | DEX: 2001.1538617418428
2026-02-17 22:52:14 |INFO  |📊 WETH/USDC Spreads | BuyCex->SellDex: 26.93 bps | BuyDex->SellCex: -86.92 bps | Min Required: 10.00
2026-02-17 22:52:14 |INFO  |💰 WETH/USDC Potential PnL: Gross $0.0107 - Fees $0.1159 = Net $-0.1052 (Min: $0.1000)
2026-02-17 22:52:14 |WARN  |❌ WETH/USDC ignored: Not profitable enough (Net $-0.1052)
2026-02-17 22:52:14 |INFO  |Tick: No signals generated (spreads too tight or API error)
2026-02-17 22:52:16 |INFO  |pair:WETH/USDC
2026-02-17 22:52:16 |INFO  |Generatiing signal for WETH/USDC...
2026-02-17 22:52:16 |INFO  |WETH/USDC Prices | CEX: 1983.54 | DEX: 2001.1538586337563
2026-02-17 22:52:16 |INFO  |📊 WETH/USDC Spreads | BuyCex->SellDex: 28.09 bps | BuyDex->SellCex: -88.07 bps | Min Required: 10.00
2026-02-17 22:52:16 |INFO  |💰 WETH/USDC Potential PnL: Gross $0.0111 - Fees $0.1159 = Net $-0.1047 (Min: $0.1000)
2026-02-17 22:52:16 |WARN  |❌ WETH/USDC ignored: Not profitable enough (Net $-0.1047)
2026-02-17 22:52:16 |INFO  |Tick: No signals generated (spreads too tight or API error)
2026-02-17 22:52:18 |INFO  |pair:WETH/USDC
2026-02-17 22:52:18 |INFO  |Generatiing signal for WETH/USDC...
2026-02-17 22:52:19 |INFO  |WETH/USDC Prices | CEX: 1983.5 | DEX: 2001.1538581011353
2026-02-17 22:52:19 |INFO  |📊 WETH/USDC Spreads | BuyCex->SellDex: 28.29 bps | BuyDex->SellCex: -88.27 bps | Min Required: 10.00
2026-02-17 22:52:19 |INFO  |💰 WETH/USDC Potential PnL: Gross $0.0112 - Fees $0.1159 = Net $-0.1046 (Min: $0.1000)
2026-02-17 22:52:19 |WARN  |❌ WETH/USDC ignored: Not profitable enough (Net $-0.1046)
2026-02-17 22:52:19 |INFO  |Tick: No signals generated (spreads too tight or API error)
2026-02-17 22:52:21 |INFO  |pair:WETH/USDC
2026-02-17 22:52:21 |INFO  |Generatiing signal for WETH/USDC...
2026-02-17 22:52:21 |INFO  |WETH/USDC Prices | CEX: 1983.37 | DEX: 2001.153856341459
2026-02-17 22:52:21 |INFO  |📊 WETH/USDC Spreads | BuyCex->SellDex: 28.95 bps | BuyDex->SellCex: -88.92 bps | Min Required: 10.00
2026-02-17 22:52:21 |INFO  |💰 WETH/USDC Potential PnL: Gross $0.0115 - Fees $0.1159 = Net $-0.1044 (Min: $0.1000)
2026-02-17 22:52:21 |WARN  |❌ WETH/USDC ignored: Not profitable enough (Net $-0.1044)
2026-02-17 22:52:21 |INFO  |Tick: No signals generated (spreads too tight or API error)
2026-02-17 22:52:23 |INFO  |pair:WETH/USDC
2026-02-17 22:52:23 |INFO  |Generatiing signal for WETH/USDC...
2026-02-17 22:52:24 |INFO  |WETH/USDC Prices | CEX: 1983.13 | DEX: 2001.1538531120163
2026-02-17 22:52:24 |INFO  |📊 WETH/USDC Spreads | BuyCex->SellDex: 30.16 bps | BuyDex->SellCex: -90.12 bps | Min Required: 10.00
2026-02-17 22:52:24 |INFO  |💰 WETH/USDC Potential PnL: Gross $0.0120 - Fees $0.1159 = Net $-0.1039 (Min: $0.1000)
2026-02-17 22:52:24 |WARN  |❌ WETH/USDC ignored: Not profitable enough (Net $-0.1039)
2026-02-17 22:52:24 |INFO  |Tick: No signals generated (spreads too tight or API error)
2026-02-17 22:52:26 |INFO  |pair:WETH/USDC
2026-02-17 22:52:26 |INFO  |Generatiing signal for WETH/USDC...
2026-02-17 22:52:26 |INFO  |WETH/USDC Prices | CEX: 1982.57 | DEX: 2001.1538455609173
2026-02-17 22:52:26 |INFO  |📊 WETH/USDC Spreads | BuyCex->SellDex: 33.00 bps | BuyDex->SellCex: -92.92 bps | Min Required: 10.00
2026-02-17 22:52:26 |INFO  |💰 WETH/USDC Potential PnL: Gross $0.0131 - Fees $0.1159 = Net $-0.1028 (Min: $0.1000)
2026-02-17 22:52:26 |WARN  |❌ WETH/USDC ignored: Not profitable enough (Net $-0.1028)
2026-02-17 22:52:26 |INFO  |Tick: No signals generated (spreads too tight or API error)
2026-02-17 22:52:28 |INFO  |pair:WETH/USDC
2026-02-17 22:52:28 |INFO  |Generatiing signal for WETH/USDC...
2026-02-17 22:52:28 |INFO  |WETH/USDC Prices | CEX: 1982.21 | DEX: 2001.1538380098195
2026-02-17 22:52:28 |INFO  |📊 WETH/USDC Spreads | BuyCex->SellDex: 35.83 bps | BuyDex->SellCex: -95.71 bps | Min Required: 10.00
2026-02-17 22:52:28 |INFO  |💰 WETH/USDC Potential PnL: Gross $0.0142 - Fees $0.1159 = Net $-0.1017 (Min: $0.1000)
2026-02-17 22:52:28 |WARN  |❌ WETH/USDC ignored: Not profitable enough (Net $-0.1017)
2026-02-17 22:52:28 |INFO  |Tick: No signals generated (spreads too tight or API error)
2026-02-17 22:52:30 |INFO  |pair:WETH/USDC
2026-02-17 22:52:30 |INFO  |Generatiing signal for WETH/USDC...
2026-02-17 22:52:31 |INFO  |WETH/USDC Prices | CEX: 1982.24 | DEX: 2001.153841111164
2026-02-17 22:52:31 |INFO  |📊 WETH/USDC Spreads | BuyCex->SellDex: 34.67 bps | BuyDex->SellCex: -94.56 bps | Min Required: 10.00
2026-02-17 22:52:31 |INFO  |💰 WETH/USDC Potential PnL: Gross $0.0137 - Fees $0.1159 = Net $-0.1021 (Min: $0.1000)
2026-02-17 22:52:31 |WARN  |❌ WETH/USDC ignored: Not profitable enough (Net $-0.1021)
2026-02-17 22:52:31 |INFO  |Tick: No signals generated (spreads too tight or API error)
2026-02-17 22:52:33 |INFO  |pair:WETH/USDC
2026-02-17 22:52:33 |INFO  |Generatiing signal for WETH/USDC...
2026-02-17 22:52:33 |INFO  |WETH/USDC Prices | CEX: 1982.25 | DEX: 2001.153841246005
2026-02-17 22:52:33 |INFO  |📊 WETH/USDC Spreads | BuyCex->SellDex: 34.61 bps | BuyDex->SellCex: -94.51 bps | Min Required: 10.00
2026-02-17 22:52:33 |INFO  |💰 WETH/USDC Potential PnL: Gross $0.0137 - Fees $0.1159 = Net $-0.1021 (Min: $0.1000)
2026-02-17 22:52:33 |WARN  |❌ WETH/USDC ignored: Not profitable enough (Net $-0.1021)
2026-02-17 22:52:33 |INFO  |Tick: No signals generated (spreads too tight or API error)
2026-02-17 22:52:36 |INFO  |pair:WETH/USDC
2026-02-17 22:52:36 |INFO  |Generatiing signal for WETH/USDC...
2026-02-17 22:52:36 |INFO  |WETH/USDC Prices | CEX: 1982.29 | DEX: 2001.153841778627
2026-02-17 22:52:36 |INFO  |📊 WETH/USDC Spreads | BuyCex->SellDex: 34.41 bps | BuyDex->SellCex: -94.31 bps | Min Required: 10.00
2026-02-17 22:52:36 |INFO  |💰 WETH/USDC Potential PnL: Gross $0.0136 - Fees $0.1159 = Net $-0.1022 (Min: $0.1000)
2026-02-17 22:52:36 |WARN  |❌ WETH/USDC ignored: Not profitable enough (Net $-0.1022)
2026-02-17 22:52:36 |INFO  |Tick: No signals generated (spreads too tight or API error)
2026-02-17 22:52:38 |INFO  |pair:WETH/USDC
2026-02-17 22:52:38 |INFO  |Generatiing signal for WETH/USDC...
2026-02-17 22:52:38 |INFO  |WETH/USDC Prices | CEX: 1982.29 | DEX: 2001.153841778627
2026-02-17 22:52:38 |INFO  |📊 WETH/USDC Spreads | BuyCex->SellDex: 34.41 bps | BuyDex->SellCex: -94.31 bps | Min Required: 10.00
2026-02-17 22:52:38 |INFO  |💰 WETH/USDC Potential PnL: Gross $0.0136 - Fees $0.1159 = Net $-0.1022 (Min: $0.1000)
2026-02-17 22:52:38 |WARN  |❌ WETH/USDC ignored: Not profitable enough (Net $-0.1022)
2026-02-17 22:52:38 |INFO  |Tick: No signals generated (spreads too tight or API error)
2026-02-17 22:52:40 |INFO  |pair:WETH/USDC
2026-02-17 22:52:40 |INFO  |Generatiing signal for WETH/USDC...
2026-02-17 22:52:41 |INFO  |WETH/USDC Prices | CEX: 1982.29 | DEX: 2001.153841778627
2026-02-17 22:52:41 |INFO  |📊 WETH/USDC Spreads | BuyCex->SellDex: 34.41 bps | BuyDex->SellCex: -94.31 bps | Min Required: 10.00
2026-02-17 22:52:41 |INFO  |💰 WETH/USDC Potential PnL: Gross $0.0136 - Fees $0.1159 = Net $-0.1022 (Min: $0.1000)
2026-02-17 22:52:41 |WARN  |❌ WETH/USDC ignored: Not profitable enough (Net $-0.1022)
2026-02-17 22:52:41 |INFO  |Tick: No signals generated (spreads too tight or API error)
2026-02-17 22:52:43 |INFO  |pair:WETH/USDC
2026-02-17 22:52:43 |INFO  |Generatiing signal for WETH/USDC...
2026-02-17 22:52:43 |INFO  |WETH/USDC Prices | CEX: 1982.61 | DEX: 2001.1538461002817
2026-02-17 22:52:43 |INFO  |📊 WETH/USDC Spreads | BuyCex->SellDex: 32.79 bps | BuyDex->SellCex: -92.72 bps | Min Required: 10.00
2026-02-17 22:52:43 |INFO  |💰 WETH/USDC Potential PnL: Gross $0.0130 - Fees $0.1159 = Net $-0.1029 (Min: $0.1000)
2026-02-17 22:52:43 |WARN  |❌ WETH/USDC ignored: Not profitable enough (Net $-0.1029)
2026-02-17 22:52:43 |INFO  |Tick: No signals generated (spreads too tight or API error)
2026-02-17 22:52:46 |INFO  |pair:WETH/USDC
2026-02-17 22:52:46 |INFO  |Generatiing signal for WETH/USDC...
2026-02-17 22:52:46 |INFO  |WETH/USDC Prices | CEX: 1982.72 | DEX: 2001.1538475835341
2026-02-17 22:52:46 |INFO  |📊 WETH/USDC Spreads | BuyCex->SellDex: 32.24 bps | BuyDex->SellCex: -92.17 bps | Min Required: 10.00
2026-02-17 22:52:46 |INFO  |💰 WETH/USDC Potential PnL: Gross $0.0128 - Fees $0.1159 = Net $-0.1031 (Min: $0.1000)
2026-02-17 22:52:46 |WARN  |❌ WETH/USDC ignored: Not profitable enough (Net $-0.1031)
2026-02-17 22:52:46 |INFO  |Tick: No signals generated (spreads too tight or API error)
2026-02-17 22:52:48 |INFO  |pair:WETH/USDC
2026-02-17 22:52:48 |INFO  |Generatiing signal for WETH/USDC...
2026-02-17 22:52:48 |INFO  |WETH/USDC Prices | CEX: 1983.07 | DEX: 2001.15385230297
2026-02-17 22:52:48 |INFO  |📊 WETH/USDC Spreads | BuyCex->SellDex: 30.47 bps | BuyDex->SellCex: -90.42 bps | Min Required: 10.00
2026-02-17 22:52:48 |INFO  |💰 WETH/USDC Potential PnL: Gross $0.0121 - Fees $0.1159 = Net $-0.1038 (Min: $0.1000)
2026-02-17 22:52:48 |WARN  |❌ WETH/USDC ignored: Not profitable enough (Net $-0.1038)
2026-02-17 22:52:48 |INFO  |Tick: No signals generated (spreads too tight or API error)
2026-02-17 22:52:50 |INFO  |pair:WETH/USDC
2026-02-17 22:52:50 |INFO  |Generatiing signal for WETH/USDC...
2026-02-17 22:52:51 |INFO  |WETH/USDC Prices | CEX: 1983.07 | DEX: 2001.15385230297
2026-02-17 22:52:51 |INFO  |📊 WETH/USDC Spreads | BuyCex->SellDex: 30.47 bps | BuyDex->SellCex: -90.42 bps | Min Required: 10.00
2026-02-17 22:52:51 |INFO  |💰 WETH/USDC Potential PnL: Gross $0.0121 - Fees $0.1159 = Net $-0.1038 (Min: $0.1000)
2026-02-17 22:52:51 |WARN  |❌ WETH/USDC ignored: Not profitable enough (Net $-0.1038)
2026-02-17 22:52:51 |INFO  |Tick: No signals generated (spreads too tight or API error)
2026-02-17 22:52:53 |INFO  |pair:WETH/USDC
2026-02-17 22:52:53 |INFO  |Generatiing signal for WETH/USDC...
2026-02-17 22:52:54 |INFO  |WETH/USDC Prices | CEX: 1982.72 | DEX: 2001.1538475835341
2026-02-17 22:52:54 |INFO  |📊 WETH/USDC Spreads | BuyCex->SellDex: 32.24 bps | BuyDex->SellCex: -92.17 bps | Min Required: 10.00
2026-02-17 22:52:54 |INFO  |💰 WETH/USDC Potential PnL: Gross $0.0128 - Fees $0.1159 = Net $-0.1031 (Min: $0.1000)
2026-02-17 22:52:54 |WARN  |❌ WETH/USDC ignored: Not profitable enough (Net $-0.1031)
2026-02-17 22:52:54 |INFO  |Tick: No signals generated (spreads too tight or API error)
2026-02-17 22:52:56 |INFO  |pair:WETH/USDC
2026-02-17 22:52:56 |INFO  |Generatiing signal for WETH/USDC...
2026-02-17 22:52:56 |INFO  |WETH/USDC Prices | CEX: 1982.22 | DEX: 2001.1538408414822
2026-02-17 22:52:56 |INFO  |📊 WETH/USDC Spreads | BuyCex->SellDex: 34.77 bps | BuyDex->SellCex: -94.66 bps | Min Required: 10.00
2026-02-17 22:52:56 |INFO  |💰 WETH/USDC Potential PnL: Gross $0.0138 - Fees $0.1159 = Net $-0.1021 (Min: $0.1000)
2026-02-17 22:52:56 |WARN  |❌ WETH/USDC ignored: Not profitable enough (Net $-0.1021)
2026-02-17 22:52:56 |INFO  |Tick: No signals generated (spreads too tight or API error)
2026-02-17 22:52:58 |INFO  |pair:WETH/USDC
2026-02-17 22:52:58 |INFO  |Generatiing signal for WETH/USDC...
2026-02-17 22:52:58 |INFO  |WETH/USDC Prices | CEX: 1982.48 | DEX: 2001.153844347349
2026-02-17 22:52:58 |INFO  |📊 WETH/USDC Spreads | BuyCex->SellDex: 33.45 bps | BuyDex->SellCex: -93.37 bps | Min Required: 10.00
2026-02-17 22:52:58 |INFO  |💰 WETH/USDC Potential PnL: Gross $0.0133 - Fees $0.1159 = Net $-0.1026 (Min: $0.1000)
2026-02-17 22:52:58 |WARN  |❌ WETH/USDC ignored: Not profitable enough (Net $-0.1026)
2026-02-17 22:52:58 |INFO  |Tick: No signals generated (spreads too tight or API error)
2026-02-17 22:53:00 |INFO  |pair:WETH/USDC
2026-02-17 22:53:00 |INFO  |Generatiing signal for WETH/USDC...
2026-02-17 22:53:21 |INFO  |WETH/USDC Prices | CEX: 1981.84 | DEX: 2001.153835650101
2026-02-17 22:53:21 |INFO  |📊 WETH/USDC Spreads | BuyCex->SellDex: 36.69 bps | BuyDex->SellCex: -96.61 bps | Min Required: 10.00
2026-02-17 22:53:21 |INFO  |💰 WETH/USDC Potential PnL: Gross $0.0145 - Fees $0.1159 = Net $-0.1013 (Min: $0.1000)
2026-02-17 22:53:21 |WARN  |❌ WETH/USDC ignored: Not profitable enough (Net $-0.1013)
2026-02-17 22:53:21 |INFO  |Tick: No signals generated (spreads too tight or API error)
2026-02-17 22:53:03 |INFO  |pair:WETH/USDC
2026-02-17 22:53:03 |INFO  |Generatiing signal for WETH/USDC...
2026-02-17 22:53:03 |INFO  |WETH/USDC Prices | CEX: 1982.19 | DEX: 2001.1538404369587
2026-02-17 22:53:03 |INFO  |📊 WETH/USDC Spreads | BuyCex->SellDex: 34.92 bps | BuyDex->SellCex: -94.81 bps | Min Required: 10.00
2026-02-17 22:53:03 |INFO  |💰 WETH/USDC Potential PnL: Gross $0.0138 - Fees $0.1159 = Net $-0.1020 (Min: $0.1000)
2026-02-17 22:53:03 |WARN  |❌ WETH/USDC ignored: Not profitable enough (Net $-0.1020)
2026-02-17 22:53:03 |INFO  |Tick: No signals generated (spreads too tight or API error)
2026-02-17 22:53:04 |INFO  |HEALTH | uptime=554s | last_trade=Nones | cb_open=false | pnl=$0.00 | limit_reached=false
2026-02-17 22:53:05 |INFO  |pair:WETH/USDC
2026-02-17 22:53:05 |INFO  |Generatiing signal for WETH/USDC...
2026-02-17 22:53:06 |INFO  |WETH/USDC Prices | CEX: 1982.19 | DEX: 2001.1538404369587
2026-02-17 22:53:06 |INFO  |📊 WETH/USDC Spreads | BuyCex->SellDex: 34.92 bps | BuyDex->SellCex: -94.81 bps | Min Required: 10.00
2026-02-17 22:53:06 |INFO  |💰 WETH/USDC Potential PnL: Gross $0.0138 - Fees $0.1159 = Net $-0.1020 (Min: $0.1000)
2026-02-17 22:53:06 |WARN  |❌ WETH/USDC ignored: Not profitable enough (Net $-0.1020)
2026-02-17 22:53:06 |INFO  |Tick: No signals generated (spreads too tight or API error)
2026-02-17 22:53:08 |INFO  |pair:WETH/USDC
2026-02-17 22:53:08 |INFO  |Generatiing signal for WETH/USDC...
2026-02-17 22:53:08 |INFO  |WETH/USDC Prices | CEX: 1982.21 | DEX: 2001.1538380098195
2026-02-17 22:53:08 |INFO  |📊 WETH/USDC Spreads | BuyCex->SellDex: 35.83 bps | BuyDex->SellCex: -95.71 bps | Min Required: 10.00
2026-02-17 22:53:08 |INFO  |💰 WETH/USDC Potential PnL: Gross $0.0142 - Fees $0.1159 = Net $-0.1017 (Min: $0.1000)
2026-02-17 22:53:08 |WARN  |❌ WETH/USDC ignored: Not profitable enough (Net $-0.1017)
2026-02-17 22:53:08 |INFO  |Tick: No signals generated (spreads too tight or API error)
2026-02-17 22:53:10 |INFO  |pair:WETH/USDC
2026-02-17 22:53:10 |INFO  |Generatiing signal for WETH/USDC...
2026-02-17 22:53:10 |INFO  |WETH/USDC Prices | CEX: 1982.21 | DEX: 2001.1538380098195
2026-02-17 22:53:10 |INFO  |📊 WETH/USDC Spreads | BuyCex->SellDex: 35.83 bps | BuyDex->SellCex: -95.71 bps | Min Required: 10.00
2026-02-17 22:53:10 |INFO  |💰 WETH/USDC Potential PnL: Gross $0.0142 - Fees $0.1159 = Net $-0.1017 (Min: $0.1000)
2026-02-17 22:53:10 |WARN  |❌ WETH/USDC ignored: Not profitable enough (Net $-0.1017)
2026-02-17 22:53:10 |INFO  |Tick: No signals generated (spreads too tight or API error)
2026-02-17 22:53:12 |INFO  |pair:WETH/USDC
2026-02-17 22:53:12 |INFO  |Generatiing signal for WETH/USDC...
2026-02-17 22:53:13 |INFO  |WETH/USDC Prices | CEX: 1981.85 | DEX: 2001.1538358456212
2026-02-17 22:53:13 |INFO  |📊 WETH/USDC Spreads | BuyCex->SellDex: 36.64 bps | BuyDex->SellCex: -96.51 bps | Min Required: 10.00
2026-02-17 22:53:13 |INFO  |💰 WETH/USDC Potential PnL: Gross $0.0145 - Fees $0.1159 = Net $-0.1013 (Min: $0.1000)
2026-02-17 22:53:13 |WARN  |❌ WETH/USDC ignored: Not profitable enough (Net $-0.1013)
2026-02-17 22:53:13 |INFO  |Tick: No signals generated (spreads too tight or API error)
2026-02-17 22:53:15 |INFO  |pair:WETH/USDC
2026-02-17 22:53:15 |INFO  |Generatiing signal for WETH/USDC...
2026-02-17 22:53:15 |INFO  |WETH/USDC Prices | CEX: 1981.23 | DEX: 2001.1538274922182
2026-02-17 22:53:15 |INFO  |📊 WETH/USDC Spreads | BuyCex->SellDex: 39.78 bps | BuyDex->SellCex: -99.61 bps | Min Required: 10.00
2026-02-17 22:53:15 |INFO  |💰 WETH/USDC Potential PnL: Gross $0.0158 - Fees $0.1158 = Net $-0.1001 (Min: $0.1000)
2026-02-17 22:53:15 |WARN  |❌ WETH/USDC ignored: Not profitable enough (Net $-0.1001)
2026-02-17 22:53:15 |INFO  |Tick: No signals generated (spreads too tight or API error)
2026-02-17 22:53:17 |INFO  |pair:WETH/USDC
2026-02-17 22:53:17 |INFO  |Generatiing signal for WETH/USDC...
2026-02-17 22:53:17 |INFO  |WETH/USDC Prices | CEX: 1981.29 | DEX: 2001.1538283012644
2026-02-17 22:53:17 |INFO  |📊 WETH/USDC Spreads | BuyCex->SellDex: 39.48 bps | BuyDex->SellCex: -99.31 bps | Min Required: 10.00
2026-02-17 22:53:17 |INFO  |💰 WETH/USDC Potential PnL: Gross $0.0156 - Fees $0.1159 = Net $-0.1002 (Min: $0.1000)
2026-02-17 22:53:17 |WARN  |❌ WETH/USDC ignored: Not profitable enough (Net $-0.1002)
2026-02-17 22:53:17 |INFO  |Tick: No signals generated (spreads too tight or API error)
2026-02-17 22:53:20 |INFO  |pair:WETH/USDC
2026-02-17 22:53:20 |INFO  |Generatiing signal for WETH/USDC...
2026-02-17 22:53:20 |INFO  |WETH/USDC Prices | CEX: 1981.76 | DEX: 2001.1538346387943
2026-02-17 22:53:20 |INFO  |📊 WETH/USDC Spreads | BuyCex->SellDex: 37.10 bps | BuyDex->SellCex: -96.96 bps | Min Required: 10.00
2026-02-17 22:53:20 |INFO  |💰 WETH/USDC Potential PnL: Gross $0.0147 - Fees $0.1159 = Net $-0.1012 (Min: $0.1000)
2026-02-17 22:53:20 |WARN  |❌ WETH/USDC ignored: Not profitable enough (Net $-0.1012)
2026-02-17 22:53:20 |INFO  |Tick: No signals generated (spreads too tight or API error)
2026-02-17 22:53:22 |INFO  |pair:WETH/USDC
2026-02-17 22:53:22 |INFO  |Generatiing signal for WETH/USDC...
2026-02-17 22:53:22 |INFO  |WETH/USDC Prices | CEX: 1981.79 | DEX: 2001.1538350433173
2026-02-17 22:53:22 |INFO  |📊 WETH/USDC Spreads | BuyCex->SellDex: 36.94 bps | BuyDex->SellCex: -96.81 bps | Min Required: 10.00
2026-02-17 22:53:22 |INFO  |💰 WETH/USDC Potential PnL: Gross $0.0146 - Fees $0.1159 = Net $-0.1012 (Min: $0.1000)
2026-02-17 22:53:22 |WARN  |❌ WETH/USDC ignored: Not profitable enough (Net $-0.1012)
2026-02-17 22:53:22 |INFO  |Tick: No signals generated (spreads too tight or API error)
2026-02-17 22:53:24 |INFO  |pair:WETH/USDC
2026-02-17 22:53:24 |INFO  |Generatiing signal for WETH/USDC...
2026-02-17 22:53:25 |INFO  |WETH/USDC Prices | CEX: 1981.78 | DEX: 2001.153834908476
2026-02-17 22:53:25 |INFO  |📊 WETH/USDC Spreads | BuyCex->SellDex: 36.99 bps | BuyDex->SellCex: -96.86 bps | Min Required: 10.00
2026-02-17 22:53:25 |INFO  |💰 WETH/USDC Potential PnL: Gross $0.0147 - Fees $0.1159 = Net $-0.1012 (Min: $0.1000)
2026-02-17 22:53:25 |WARN  |❌ WETH/USDC ignored: Not profitable enough (Net $-0.1012)
2026-02-17 22:53:25 |INFO  |Tick: No signals generated (spreads too tight or API error)
2026-02-17 22:53:27 |INFO  |pair:WETH/USDC
2026-02-17 22:53:27 |INFO  |Generatiing signal for WETH/USDC...
2026-02-17 22:53:27 |INFO  |WETH/USDC Prices | CEX: 1981.64 | DEX: 2001.1538330207013
2026-02-17 22:53:27 |INFO  |📊 WETH/USDC Spreads | BuyCex->SellDex: 37.70 bps | BuyDex->SellCex: -97.56 bps | Min Required: 10.00
2026-02-17 22:53:27 |INFO  |💰 WETH/USDC Potential PnL: Gross $0.0149 - Fees $0.1159 = Net $-0.1009 (Min: $0.1000)
2026-02-17 22:53:27 |WARN  |❌ WETH/USDC ignored: Not profitable enough (Net $-0.1009)
2026-02-17 22:53:27 |INFO  |Tick: No signals generated (spreads too tight or API error)
2026-02-17 22:53:29 |INFO  |pair:WETH/USDC
2026-02-17 22:53:29 |INFO  |Generatiing signal for WETH/USDC...
2026-02-17 22:53:29 |INFO  |WETH/USDC Prices | CEX: 1981.43 | DEX: 2001.1538301890396
2026-02-17 22:53:29 |INFO  |📊 WETH/USDC Spreads | BuyCex->SellDex: 38.77 bps | BuyDex->SellCex: -98.61 bps | Min Required: 10.00
2026-02-17 22:53:29 |INFO  |💰 WETH/USDC Potential PnL: Gross $0.0154 - Fees $0.1159 = Net $-0.1005 (Min: $0.1000)
2026-02-17 22:53:29 |WARN  |❌ WETH/USDC ignored: Not profitable enough (Net $-0.1005)
2026-02-17 22:53:29 |INFO  |Tick: No signals generated (spreads too tight or API error)
2026-02-17 22:53:32 |INFO  |pair:WETH/USDC
2026-02-17 22:53:32 |INFO  |Generatiing signal for WETH/USDC...
2026-02-17 22:53:32 |INFO  |WETH/USDC Prices | CEX: 1981.43 | DEX: 2001.1538301890396
2026-02-17 22:53:32 |INFO  |📊 WETH/USDC Spreads | BuyCex->SellDex: 38.77 bps | BuyDex->SellCex: -98.61 bps | Min Required: 10.00
2026-02-17 22:53:32 |INFO  |💰 WETH/USDC Potential PnL: Gross $0.0154 - Fees $0.1159 = Net $-0.1005 (Min: $0.1000)
2026-02-17 22:53:32 |WARN  |❌ WETH/USDC ignored: Not profitable enough (Net $-0.1005)
2026-02-17 22:53:32 |INFO  |Tick: No signals generated (spreads too tight or API error)
2026-02-17 22:53:34 |INFO  |pair:WETH/USDC
2026-02-17 22:53:34 |INFO  |Generatiing signal for WETH/USDC...
2026-02-17 22:53:35 |INFO  |WETH/USDC Prices | CEX: 1981.43 | DEX: 2001.1538301890396
2026-02-17 22:53:35 |INFO  |📊 WETH/USDC Spreads | BuyCex->SellDex: 38.77 bps | BuyDex->SellCex: -98.61 bps | Min Required: 10.00
2026-02-17 22:53:35 |INFO  |💰 WETH/USDC Potential PnL: Gross $0.0154 - Fees $0.1159 = Net $-0.1005 (Min: $0.1000)
2026-02-17 22:53:35 |WARN  |❌ WETH/USDC ignored: Not profitable enough (Net $-0.1005)
2026-02-17 22:53:35 |INFO  |Tick: No signals generated (spreads too tight or API error)
2026-02-17 22:53:37 |INFO  |pair:WETH/USDC
2026-02-17 22:53:37 |INFO  |Generatiing signal for WETH/USDC...
2026-02-17 22:53:37 |INFO  |WETH/USDC Prices | CEX: 1981.29 | DEX: 2001.1538283012644
2026-02-17 22:53:37 |INFO  |📊 WETH/USDC Spreads | BuyCex->SellDex: 39.48 bps | BuyDex->SellCex: -99.31 bps | Min Required: 10.00
2026-02-17 22:53:37 |INFO  |💰 WETH/USDC Potential PnL: Gross $0.0156 - Fees $0.1159 = Net $-0.1002 (Min: $0.1000)
2026-02-17 22:53:37 |WARN  |❌ WETH/USDC ignored: Not profitable enough (Net $-0.1002)
2026-02-17 22:53:37 |INFO  |Tick: No signals generated (spreads too tight or API error)
2026-02-17 22:53:40 |INFO  |pair:WETH/USDC
2026-02-17 22:53:40 |INFO  |Generatiing signal for WETH/USDC...
2026-02-17 22:53:40 |INFO  |WETH/USDC Prices | CEX: 1981.6 | DEX: 2001.1538324745954
2026-02-17 22:53:40 |INFO  |📊 WETH/USDC Spreads | BuyCex->SellDex: 37.91 bps | BuyDex->SellCex: -97.76 bps | Min Required: 10.00
2026-02-17 22:53:40 |INFO  |💰 WETH/USDC Potential PnL: Gross $0.0150 - Fees $0.1159 = Net $-0.1008 (Min: $0.1000)
2026-02-17 22:53:40 |WARN  |❌ WETH/USDC ignored: Not profitable enough (Net $-0.1008)
2026-02-17 22:53:40 |INFO  |Tick: No signals generated (spreads too tight or API error)
2026-02-17 22:53:42 |INFO  |pair:WETH/USDC
2026-02-17 22:53:42 |INFO  |Generatiing signal for WETH/USDC...
2026-02-17 22:53:42 |INFO  |WETH/USDC Prices | CEX: 1980.8 | DEX: 2001.1538216940544
2026-02-17 22:53:42 |INFO  |📊 WETH/USDC Spreads | BuyCex->SellDex: 41.96 bps | BuyDex->SellCex: -101.76 bps | Min Required: 10.00
2026-02-17 22:53:42 |INFO  |💰 WETH/USDC Potential PnL: Gross $0.0166 - Fees $0.1158 = Net $-0.0992 (Min: $0.1000)
2026-02-17 22:53:42 |WARN  |❌ WETH/USDC ignored: Not profitable enough (Net $-0.0992)
2026-02-17 22:53:42 |INFO  |Tick: No signals generated (spreads too tight or API error)
2026-02-17 22:53:44 |INFO  |pair:WETH/USDC
2026-02-17 22:53:44 |INFO  |Generatiing signal for WETH/USDC...
2026-02-17 22:53:44 |INFO  |WETH/USDC Prices | CEX: 1980.58 | DEX: 2001.153818720809
2026-02-17 22:53:44 |INFO  |📊 WETH/USDC Spreads | BuyCex->SellDex: 43.08 bps | BuyDex->SellCex: -102.86 bps | Min Required: 10.00
2026-02-17 22:53:44 |INFO  |💰 WETH/USDC Potential PnL: Gross $0.0171 - Fees $0.1158 = Net $-0.0988 (Min: $0.1000)
2026-02-17 22:53:44 |WARN  |❌ WETH/USDC ignored: Not profitable enough (Net $-0.0988)
2026-02-17 22:53:44 |INFO  |Tick: No signals generated (spreads too tight or API error)
2026-02-17 22:53:46 |INFO  |pair:WETH/USDC
2026-02-17 22:53:46 |INFO  |Generatiing signal for WETH/USDC...
2026-02-17 22:53:47 |INFO  |WETH/USDC Prices | CEX: 1980.94 | DEX: 2001.1538235818282
2026-02-17 22:53:47 |INFO  |📊 WETH/USDC Spreads | BuyCex->SellDex: 41.25 bps | BuyDex->SellCex: -101.06 bps | Min Required: 10.00
2026-02-17 22:53:47 |INFO  |💰 WETH/USDC Potential PnL: Gross $0.0163 - Fees $0.1158 = Net $-0.0995 (Min: $0.1000)
2026-02-17 22:53:47 |WARN  |❌ WETH/USDC ignored: Not profitable enough (Net $-0.0995)
2026-02-17 22:53:47 |INFO  |Tick: No signals generated (spreads too tight or API error)
2026-02-17 22:53:49 |INFO  |pair:WETH/USDC
2026-02-17 22:53:49 |INFO  |Generatiing signal for WETH/USDC...
2026-02-17 22:53:49 |INFO  |WETH/USDC Prices | CEX: 1980.94 | DEX: 2001.1538235818282
2026-02-17 22:53:49 |INFO  |📊 WETH/USDC Spreads | BuyCex->SellDex: 41.25 bps | BuyDex->SellCex: -101.06 bps | Min Required: 10.00
2026-02-17 22:53:49 |INFO  |💰 WETH/USDC Potential PnL: Gross $0.0163 - Fees $0.1158 = Net $-0.0995 (Min: $0.1000)
2026-02-17 22:53:49 |WARN  |❌ WETH/USDC ignored: Not profitable enough (Net $-0.0995)
2026-02-17 22:53:49 |INFO  |Tick: No signals generated (spreads too tight or API error)
2026-02-17 22:53:51 |INFO  |pair:WETH/USDC
2026-02-17 22:53:51 |INFO  |Generatiing signal for WETH/USDC...
2026-02-17 22:53:51 |INFO  |WETH/USDC Prices | CEX: 1980.94 | DEX: 2001.1538235818282
2026-02-17 22:53:51 |INFO  |📊 WETH/USDC Spreads | BuyCex->SellDex: 41.25 bps | BuyDex->SellCex: -101.06 bps | Min Required: 10.00
2026-02-17 22:53:51 |INFO  |💰 WETH/USDC Potential PnL: Gross $0.0163 - Fees $0.1158 = Net $-0.0995 (Min: $0.1000)
2026-02-17 22:53:51 |WARN  |❌ WETH/USDC ignored: Not profitable enough (Net $-0.0995)
2026-02-17 22:53:51 |INFO  |Tick: No signals generated (spreads too tight or API error)
2026-02-17 22:53:53 |INFO  |pair:WETH/USDC
2026-02-17 22:53:53 |INFO  |Generatiing signal for WETH/USDC...
2026-02-17 22:53:54 |INFO  |WETH/USDC Prices | CEX: 1980.94 | DEX: 2001.1538235818282
2026-02-17 22:53:54 |INFO  |📊 WETH/USDC Spreads | BuyCex->SellDex: 41.25 bps | BuyDex->SellCex: -101.06 bps | Min Required: 10.00
2026-02-17 22:53:54 |INFO  |💰 WETH/USDC Potential PnL: Gross $0.0163 - Fees $0.1158 = Net $-0.0995 (Min: $0.1000)
2026-02-17 22:53:54 |WARN  |❌ WETH/USDC ignored: Not profitable enough (Net $-0.0995)
2026-02-17 22:53:54 |INFO  |Tick: No signals generated (spreads too tight or API error)
2026-02-17 22:53:56 |INFO  |pair:WETH/USDC
2026-02-17 22:53:56 |INFO  |Generatiing signal for WETH/USDC...
2026-02-17 22:53:56 |INFO  |WETH/USDC Prices | CEX: 1981.44 | DEX: 2001.1538303238808
2026-02-17 22:53:56 |INFO  |📊 WETH/USDC Spreads | BuyCex->SellDex: 38.72 bps | BuyDex->SellCex: -98.56 bps | Min Required: 10.00
2026-02-17 22:53:56 |INFO  |💰 WETH/USDC Potential PnL: Gross $0.0153 - Fees $0.1159 = Net $-0.1005 (Min: $0.1000)
2026-02-17 22:53:56 |WARN  |❌ WETH/USDC ignored: Not profitable enough (Net $-0.1005)
2026-02-17 22:53:56 |INFO  |Tick: No signals generated (spreads too tight or API error)
2026-02-17 22:53:58 |INFO  |pair:WETH/USDC
2026-02-17 22:53:58 |INFO  |Generatiing signal for WETH/USDC...
2026-02-17 22:53:59 |INFO  |WETH/USDC Prices | CEX: 1981.34 | DEX: 2001.15382897547
2026-02-17 22:53:59 |INFO  |📊 WETH/USDC Spreads | BuyCex->SellDex: 39.22 bps | BuyDex->SellCex: -99.06 bps | Min Required: 10.00
2026-02-17 22:53:59 |INFO  |💰 WETH/USDC Potential PnL: Gross $0.0155 - Fees $0.1159 = Net $-0.1003 (Min: $0.1000)
2026-02-17 22:53:59 |WARN  |❌ WETH/USDC ignored: Not profitable enough (Net $-0.1003)
2026-02-17 22:53:59 |INFO  |Tick: No signals generated (spreads too tight or API error)
2026-02-17 22:54:21 |INFO  |pair:WETH/USDC
2026-02-17 22:54:21 |INFO  |Generatiing signal for WETH/USDC...
2026-02-17 22:54:21 |INFO  |WETH/USDC Prices | CEX: 1981.34 | DEX: 2001.15382897547
2026-02-17 22:54:21 |INFO  |📊 WETH/USDC Spreads | BuyCex->SellDex: 39.22 bps | BuyDex->SellCex: -99.06 bps | Min Required: 10.00
2026-02-17 22:54:21 |INFO  |💰 WETH/USDC Potential PnL: Gross $0.0155 - Fees $0.1159 = Net $-0.1003 (Min: $0.1000)
2026-02-17 22:54:21 |WARN  |❌ WETH/USDC ignored: Not profitable enough (Net $-0.1003)
2026-02-17 22:54:21 |INFO  |Tick: No signals generated (spreads too tight or API error)
2026-02-17 22:54:03 |INFO  |pair:WETH/USDC
2026-02-17 22:54:03 |INFO  |Generatiing signal for WETH/USDC...
2026-02-17 22:54:03 |INFO  |WETH/USDC Prices | CEX: 1981.07 | DEX: 2001.1538253347621
2026-02-17 22:54:03 |INFO  |📊 WETH/USDC Spreads | BuyCex->SellDex: 40.59 bps | BuyDex->SellCex: -100.41 bps | Min Required: 10.00
2026-02-17 22:54:03 |INFO  |💰 WETH/USDC Potential PnL: Gross $0.0161 - Fees $0.1158 = Net $-0.0998 (Min: $0.1000)
2026-02-17 22:54:03 |WARN  |❌ WETH/USDC ignored: Not profitable enough (Net $-0.0998)
2026-02-17 22:54:03 |INFO  |Tick: No signals generated (spreads too tight or API error)
2026-02-17 22:54:04 |INFO  |HEALTH | uptime=614s | last_trade=Nones | cb_open=false | pnl=$0.00 | limit_reached=false
2026-02-17 22:54:05 |INFO  |pair:WETH/USDC
2026-02-17 22:54:05 |INFO  |Generatiing signal for WETH/USDC...
2026-02-17 22:54:06 |INFO  |WETH/USDC Prices | CEX: 1981.07 | DEX: 2001.1538253347621
2026-02-17 22:54:06 |INFO  |📊 WETH/USDC Spreads | BuyCex->SellDex: 40.59 bps | BuyDex->SellCex: -100.41 bps | Min Required: 10.00
2026-02-17 22:54:06 |INFO  |💰 WETH/USDC Potential PnL: Gross $0.0161 - Fees $0.1158 = Net $-0.0998 (Min: $0.1000)
2026-02-17 22:54:06 |WARN  |❌ WETH/USDC ignored: Not profitable enough (Net $-0.0998)
2026-02-17 22:54:06 |INFO  |Tick: No signals generated (spreads too tight or API error)
2026-02-17 22:54:08 |INFO  |pair:WETH/USDC
2026-02-17 22:54:08 |INFO  |Generatiing signal for WETH/USDC...
2026-02-17 22:54:09 |INFO  |WETH/USDC Prices | CEX: 1981.19 | DEX: 2001.1538269528546
2026-02-17 22:54:09 |INFO  |📊 WETH/USDC Spreads | BuyCex->SellDex: 39.98 bps | BuyDex->SellCex: -99.81 bps | Min Required: 10.00
2026-02-17 22:54:09 |INFO  |💰 WETH/USDC Potential PnL: Gross $0.0158 - Fees $0.1158 = Net $-0.1000 (Min: $0.1000)
2026-02-17 22:54:09 |WARN  |❌ WETH/USDC ignored: Not profitable enough (Net $-0.1000)
2026-02-17 22:54:09 |INFO  |Tick: No signals generated (spreads too tight or API error)
2026-02-17 22:54:11 |INFO  |pair:WETH/USDC
2026-02-17 22:54:11 |INFO  |Generatiing signal for WETH/USDC...
2026-02-17 22:54:11 |INFO  |WETH/USDC Prices | CEX: 1981.28 | DEX: 2001.1538281664243
2026-02-17 22:54:11 |INFO  |📊 WETH/USDC Spreads | BuyCex->SellDex: 39.53 bps | BuyDex->SellCex: -99.36 bps | Min Required: 10.00
2026-02-17 22:54:11 |INFO  |💰 WETH/USDC Potential PnL: Gross $0.0157 - Fees $0.1159 = Net $-0.1002 (Min: $0.1000)
2026-02-17 22:54:11 |WARN  |❌ WETH/USDC ignored: Not profitable enough (Net $-0.1002)
2026-02-17 22:54:11 |INFO  |Tick: No signals generated (spreads too tight or API error)
2026-02-17 22:54:14 |INFO  |pair:WETH/USDC
2026-02-17 22:54:14 |INFO  |Generatiing signal for WETH/USDC...
2026-02-17 22:54:14 |INFO  |WETH/USDC Prices | CEX: 1981.36 | DEX: 2001.1538292451523
2026-02-17 22:54:14 |INFO  |📊 WETH/USDC Spreads | BuyCex->SellDex: 39.12 bps | BuyDex->SellCex: -98.96 bps | Min Required: 10.00
2026-02-17 22:54:14 |INFO  |💰 WETH/USDC Potential PnL: Gross $0.0155 - Fees $0.1159 = Net $-0.1003 (Min: $0.1000)
2026-02-17 22:54:14 |WARN  |❌ WETH/USDC ignored: Not profitable enough (Net $-0.1003)
2026-02-17 22:54:14 |INFO  |Tick: No signals generated (spreads too tight or API error)
2026-02-17 22:54:16 |INFO  |pair:WETH/USDC
2026-02-17 22:54:16 |INFO  |Generatiing signal for WETH/USDC...
2026-02-17 22:54:16 |INFO  |WETH/USDC Prices | CEX: 1981.52 | DEX: 2001.1538314026093
2026-02-17 22:54:16 |INFO  |📊 WETH/USDC Spreads | BuyCex->SellDex: 38.31 bps | BuyDex->SellCex: -98.16 bps | Min Required: 10.00
2026-02-17 22:54:16 |INFO  |💰 WETH/USDC Potential PnL: Gross $0.0152 - Fees $0.1159 = Net $-0.1007 (Min: $0.1000)
2026-02-17 22:54:16 |WARN  |❌ WETH/USDC ignored: Not profitable enough (Net $-0.1007)
2026-02-17 22:54:16 |INFO  |Tick: No signals generated (spreads too tight or API error)
2026-02-17 22:54:18 |INFO  |pair:WETH/USDC
2026-02-17 22:54:18 |INFO  |Generatiing signal for WETH/USDC...
2026-02-17 22:54:19 |INFO  |WETH/USDC Prices | CEX: 1981.23 | DEX: 2001.1538274922182
2026-02-17 22:54:19 |INFO  |📊 WETH/USDC Spreads | BuyCex->SellDex: 39.78 bps | BuyDex->SellCex: -99.61 bps | Min Required: 10.00
2026-02-17 22:54:19 |INFO  |💰 WETH/USDC Potential PnL: Gross $0.0158 - Fees $0.1158 = Net $-0.1001 (Min: $0.1000)
2026-02-17 22:54:19 |WARN  |❌ WETH/USDC ignored: Not profitable enough (Net $-0.1001)
2026-02-17 22:54:19 |INFO  |Tick: No signals generated (spreads too tight or API error)
2026-02-17 22:54:21 |INFO  |pair:WETH/USDC
2026-02-17 22:54:21 |INFO  |Generatiing signal for WETH/USDC...
2026-02-17 22:54:21 |INFO  |WETH/USDC Prices | CEX: 1981.25 | DEX: 2001.1538277619009
2026-02-17 22:54:21 |INFO  |📊 WETH/USDC Spreads | BuyCex->SellDex: 39.68 bps | BuyDex->SellCex: -99.51 bps | Min Required: 10.00
2026-02-17 22:54:21 |INFO  |💰 WETH/USDC Potential PnL: Gross $0.0157 - Fees $0.1159 = Net $-0.1001 (Min: $0.1000)
2026-02-17 22:54:21 |WARN  |❌ WETH/USDC ignored: Not profitable enough (Net $-0.1001)
2026-02-17 22:54:21 |INFO  |Tick: No signals generated (spreads too tight or API error)
2026-02-17 22:54:23 |INFO  |pair:WETH/USDC
2026-02-17 22:54:23 |INFO  |Generatiing signal for WETH/USDC...
2026-02-17 22:54:23 |INFO  |WETH/USDC Prices | CEX: 1981.25 | DEX: 2001.1538277619009
2026-02-17 22:54:23 |INFO  |📊 WETH/USDC Spreads | BuyCex->SellDex: 39.68 bps | BuyDex->SellCex: -99.51 bps | Min Required: 10.00
2026-02-17 22:54:23 |INFO  |💰 WETH/USDC Potential PnL: Gross $0.0157 - Fees $0.1159 = Net $-0.1001 (Min: $0.1000)
2026-02-17 22:54:23 |WARN  |❌ WETH/USDC ignored: Not profitable enough (Net $-0.1001)
2026-02-17 22:54:23 |INFO  |Tick: No signals generated (spreads too tight or API error)
2026-02-17 22:54:26 |INFO  |pair:WETH/USDC
2026-02-17 22:54:26 |INFO  |Generatiing signal for WETH/USDC...
2026-02-17 22:54:26 |INFO  |WETH/USDC Prices | CEX: 1981.25 | DEX: 2001.1538277619009
2026-02-17 22:54:26 |INFO  |📊 WETH/USDC Spreads | BuyCex->SellDex: 39.68 bps | BuyDex->SellCex: -99.51 bps | Min Required: 10.00
2026-02-17 22:54:26 |INFO  |💰 WETH/USDC Potential PnL: Gross $0.0157 - Fees $0.1159 = Net $-0.1001 (Min: $0.1000)
2026-02-17 22:54:26 |WARN  |❌ WETH/USDC ignored: Not profitable enough (Net $-0.1001)
2026-02-17 22:54:26 |INFO  |Tick: No signals generated (spreads too tight or API error)
2026-02-17 22:54:28 |INFO  |pair:WETH/USDC
2026-02-17 22:54:28 |INFO  |Generatiing signal for WETH/USDC...
2026-02-17 22:54:29 |INFO  |WETH/USDC Prices | CEX: 1981.45 | DEX: 2001.1538304587216
2026-02-17 22:54:29 |INFO  |📊 WETH/USDC Spreads | BuyCex->SellDex: 38.67 bps | BuyDex->SellCex: -98.51 bps | Min Required: 10.00
2026-02-17 22:54:29 |INFO  |💰 WETH/USDC Potential PnL: Gross $0.0153 - Fees $0.1159 = Net $-0.1005 (Min: $0.1000)
2026-02-17 22:54:29 |WARN  |❌ WETH/USDC ignored: Not profitable enough (Net $-0.1005)
2026-02-17 22:54:29 |INFO  |Tick: No signals generated (spreads too tight or API error)
2026-02-17 22:54:31 |INFO  |pair:WETH/USDC
2026-02-17 22:54:31 |INFO  |Generatiing signal for WETH/USDC...
2026-02-17 22:54:31 |INFO  |WETH/USDC Prices | CEX: 1981.45 | DEX: 2001.1538304587216
2026-02-17 22:54:31 |INFO  |📊 WETH/USDC Spreads | BuyCex->SellDex: 38.67 bps | BuyDex->SellCex: -98.51 bps | Min Required: 10.00
2026-02-17 22:54:31 |INFO  |💰 WETH/USDC Potential PnL: Gross $0.0153 - Fees $0.1159 = Net $-0.1005 (Min: $0.1000)
2026-02-17 22:54:31 |WARN  |❌ WETH/USDC ignored: Not profitable enough (Net $-0.1005)
2026-02-17 22:54:31 |INFO  |Tick: No signals generated (spreads too tight or API error)
2026-02-17 22:54:33 |INFO  |pair:WETH/USDC
2026-02-17 22:54:33 |INFO  |Generatiing signal for WETH/USDC...
2026-02-17 22:54:33 |INFO  |WETH/USDC Prices | CEX: 1981.52 | DEX: 2001.1538314026093
2026-02-17 22:54:33 |INFO  |📊 WETH/USDC Spreads | BuyCex->SellDex: 38.31 bps | BuyDex->SellCex: -98.16 bps | Min Required: 10.00
2026-02-17 22:54:33 |INFO  |💰 WETH/USDC Potential PnL: Gross $0.0152 - Fees $0.1159 = Net $-0.1007 (Min: $0.1000)
2026-02-17 22:54:33 |WARN  |❌ WETH/USDC ignored: Not profitable enough (Net $-0.1007)
2026-02-17 22:54:33 |INFO  |Tick: No signals generated (spreads too tight or API error)
2026-02-17 22:54:35 |INFO  |pair:WETH/USDC
2026-02-17 22:54:35 |INFO  |Generatiing signal for WETH/USDC...
2026-02-17 22:54:36 |INFO  |WETH/USDC Prices | CEX: 1981.68 | DEX: 2001.1538335600653
2026-02-17 22:54:36 |INFO  |📊 WETH/USDC Spreads | BuyCex->SellDex: 37.50 bps | BuyDex->SellCex: -97.36 bps | Min Required: 10.00
2026-02-17 22:54:36 |INFO  |💰 WETH/USDC Potential PnL: Gross $0.0149 - Fees $0.1159 = Net $-0.1010 (Min: $0.1000)
2026-02-17 22:54:36 |WARN  |❌ WETH/USDC ignored: Not profitable enough (Net $-0.1010)
2026-02-17 22:54:36 |INFO  |Tick: No signals generated (spreads too tight or API error)
2026-02-17 22:54:38 |INFO  |pair:WETH/USDC
2026-02-17 22:54:38 |INFO  |Generatiing signal for WETH/USDC...
2026-02-17 22:54:38 |INFO  |WETH/USDC Prices | CEX: 1981.68 | DEX: 2001.1538335600653
2026-02-17 22:54:38 |INFO  |📊 WETH/USDC Spreads | BuyCex->SellDex: 37.50 bps | BuyDex->SellCex: -97.36 bps | Min Required: 10.00
2026-02-17 22:54:38 |INFO  |💰 WETH/USDC Potential PnL: Gross $0.0149 - Fees $0.1159 = Net $-0.1010 (Min: $0.1000)
2026-02-17 22:54:38 |WARN  |❌ WETH/USDC ignored: Not profitable enough (Net $-0.1010)
2026-02-17 22:54:38 |INFO  |Tick: No signals generated (spreads too tight or API error)
2026-02-17 22:54:41 |INFO  |pair:WETH/USDC
2026-02-17 22:54:41 |INFO  |Generatiing signal for WETH/USDC...
2026-02-17 22:54:41 |INFO  |WETH/USDC Prices | CEX: 1982.08 | DEX: 2001.153838946965
2026-02-17 22:54:41 |INFO  |📊 WETH/USDC Spreads | BuyCex->SellDex: 35.48 bps | BuyDex->SellCex: -95.36 bps | Min Required: 10.00
2026-02-17 22:54:41 |INFO  |💰 WETH/USDC Potential PnL: Gross $0.0141 - Fees $0.1159 = Net $-0.1018 (Min: $0.1000)
2026-02-17 22:54:41 |WARN  |❌ WETH/USDC ignored: Not profitable enough (Net $-0.1018)
2026-02-17 22:54:41 |INFO  |Tick: No signals generated (spreads too tight or API error)
2026-02-17 22:54:43 |INFO  |pair:WETH/USDC
2026-02-17 22:54:43 |INFO  |Generatiing signal for WETH/USDC...
2026-02-17 22:54:43 |INFO  |WETH/USDC Prices | CEX: 1981.97 | DEX: 2001.1538374704555
2026-02-17 22:54:43 |INFO  |📊 WETH/USDC Spreads | BuyCex->SellDex: 36.03 bps | BuyDex->SellCex: -95.91 bps | Min Required: 10.00
2026-02-17 22:54:43 |INFO  |💰 WETH/USDC Potential PnL: Gross $0.0143 - Fees $0.1159 = Net $-0.1016 (Min: $0.1000)
2026-02-17 22:54:43 |WARN  |❌ WETH/USDC ignored: Not profitable enough (Net $-0.1016)
2026-02-17 22:54:43 |INFO  |Tick: No signals generated (spreads too tight or API error)
2026-02-17 22:54:45 |INFO  |pair:WETH/USDC
2026-02-17 22:54:45 |INFO  |Generatiing signal for WETH/USDC...
2026-02-17 22:54:45 |INFO  |WETH/USDC Prices | CEX: 1981.97 | DEX: 2001.1538374704555
2026-02-17 22:54:45 |INFO  |📊 WETH/USDC Spreads | BuyCex->SellDex: 36.03 bps | BuyDex->SellCex: -95.91 bps | Min Required: 10.00
2026-02-17 22:54:45 |INFO  |💰 WETH/USDC Potential PnL: Gross $0.0143 - Fees $0.1159 = Net $-0.1016 (Min: $0.1000)
2026-02-17 22:54:45 |WARN  |❌ WETH/USDC ignored: Not profitable enough (Net $-0.1016)
2026-02-17 22:54:45 |INFO  |Tick: No signals generated (spreads too tight or API error)
2026-02-17 22:54:48 |INFO  |pair:WETH/USDC
2026-02-17 22:54:48 |INFO  |Generatiing signal for WETH/USDC...
2026-02-17 22:54:48 |INFO  |WETH/USDC Prices | CEX: 1981.98 | DEX: 2001.1538376052968
2026-02-17 22:54:48 |INFO  |📊 WETH/USDC Spreads | BuyCex->SellDex: 35.98 bps | BuyDex->SellCex: -95.86 bps | Min Required: 10.00
2026-02-17 22:54:48 |INFO  |💰 WETH/USDC Potential PnL: Gross $0.0143 - Fees $0.1159 = Net $-0.1016 (Min: $0.1000)
2026-02-17 22:54:48 |WARN  |❌ WETH/USDC ignored: Not profitable enough (Net $-0.1016)
2026-02-17 22:54:48 |INFO  |Tick: No signals generated (spreads too tight or API error)
2026-02-17 22:54:50 |INFO  |pair:WETH/USDC
2026-02-17 22:54:50 |INFO  |Generatiing signal for WETH/USDC...
2026-02-17 22:54:50 |INFO  |WETH/USDC Prices | CEX: 1981.85 | DEX: 2001.1538358456212
2026-02-17 22:54:50 |INFO  |📊 WETH/USDC Spreads | BuyCex->SellDex: 36.64 bps | BuyDex->SellCex: -96.51 bps | Min Required: 10.00
2026-02-17 22:54:50 |INFO  |💰 WETH/USDC Potential PnL: Gross $0.0145 - Fees $0.1159 = Net $-0.1013 (Min: $0.1000)
2026-02-17 22:54:50 |WARN  |❌ WETH/USDC ignored: Not profitable enough (Net $-0.1013)
2026-02-17 22:54:50 |INFO  |Tick: No signals generated (spreads too tight or API error)
2026-02-17 22:54:52 |INFO  |pair:WETH/USDC
2026-02-17 22:54:52 |INFO  |Generatiing signal for WETH/USDC...
2026-02-17 22:54:52 |INFO  |WETH/USDC Prices | CEX: 1981.05 | DEX: 2001.15382506508
2026-02-17 22:54:52 |INFO  |📊 WETH/USDC Spreads | BuyCex->SellDex: 40.69 bps | BuyDex->SellCex: -100.51 bps | Min Required: 10.00
2026-02-17 22:54:52 |INFO  |💰 WETH/USDC Potential PnL: Gross $0.0161 - Fees $0.1158 = Net $-0.0997 (Min: $0.1000)
2026-02-17 22:54:52 |WARN  |❌ WETH/USDC ignored: Not profitable enough (Net $-0.0997)
2026-02-17 22:54:52 |INFO  |Tick: No signals generated (spreads too tight or API error)
2026-02-17 22:54:54 |INFO  |pair:WETH/USDC
2026-02-17 22:54:54 |INFO  |Generatiing signal for WETH/USDC...
2026-02-17 22:54:55 |INFO  |WETH/USDC Prices | CEX: 1981.08 | DEX: 2001.1538254696034
2026-02-17 22:54:55 |INFO  |📊 WETH/USDC Spreads | BuyCex->SellDex: 40.54 bps | BuyDex->SellCex: -100.36 bps | Min Required: 10.00
2026-02-17 22:54:55 |INFO  |💰 WETH/USDC Potential PnL: Gross $0.0161 - Fees $0.1158 = Net $-0.0998 (Min: $0.1000)
2026-02-17 22:54:55 |WARN  |❌ WETH/USDC ignored: Not profitable enough (Net $-0.0998)
2026-02-17 22:54:55 |INFO  |Tick: No signals generated (spreads too tight or API error)
2026-02-17 22:54:57 |INFO  |pair:WETH/USDC
2026-02-17 22:54:57 |INFO  |Generatiing signal for WETH/USDC...
2026-02-17 22:54:57 |INFO  |WETH/USDC Prices | CEX: 1981.08 | DEX: 2001.1538254696034
2026-02-17 22:54:57 |INFO  |📊 WETH/USDC Spreads | BuyCex->SellDex: 40.54 bps | BuyDex->SellCex: -100.36 bps | Min Required: 10.00
2026-02-17 22:54:57 |INFO  |💰 WETH/USDC Potential PnL: Gross $0.0161 - Fees $0.1158 = Net $-0.0998 (Min: $0.1000)
2026-02-17 22:54:57 |WARN  |❌ WETH/USDC ignored: Not profitable enough (Net $-0.0998)
2026-02-17 22:54:57 |INFO  |Tick: No signals generated (spreads too tight or API error)
2026-02-17 22:54:59 |INFO  |pair:WETH/USDC
2026-02-17 22:54:59 |INFO  |Generatiing signal for WETH/USDC...
2026-02-17 22:54:59 |INFO  |WETH/USDC Prices | CEX: 1981.09 | DEX: 2001.153825604444
2026-02-17 22:54:59 |INFO  |📊 WETH/USDC Spreads | BuyCex->SellDex: 40.49 bps | BuyDex->SellCex: -100.31 bps | Min Required: 10.00
2026-02-17 22:54:59 |INFO  |💰 WETH/USDC Potential PnL: Gross $0.0160 - Fees $0.1158 = Net $-0.0998 (Min: $0.1000)
2026-02-17 22:54:59 |WARN  |❌ WETH/USDC ignored: Not profitable enough (Net $-0.0998)
2026-02-17 22:54:59 |INFO  |Tick: No signals generated (spreads too tight or API error)
2026-02-17 22:55:02 |INFO  |pair:WETH/USDC
2026-02-17 22:55:02 |INFO  |Generatiing signal for WETH/USDC...
2026-02-17 22:55:02 |INFO  |WETH/USDC Prices | CEX: 1981.27 | DEX: 2001.1538280248403
2026-02-17 22:55:02 |INFO  |📊 WETH/USDC Spreads | BuyCex->SellDex: 39.58 bps | BuyDex->SellCex: -99.41 bps | Min Required: 10.00
2026-02-17 22:55:02 |INFO  |💰 WETH/USDC Potential PnL: Gross $0.0157 - Fees $0.1159 = Net $-0.1002 (Min: $0.1000)
2026-02-17 22:55:02 |WARN  |❌ WETH/USDC ignored: Not profitable enough (Net $-0.1002)
2026-02-17 22:55:02 |INFO  |Tick: No signals generated (spreads too tight or API error)
2026-02-17 22:55:04 |INFO  |pair:WETH/USDC
2026-02-17 22:55:04 |INFO  |Generatiing signal for WETH/USDC...
2026-02-17 22:55:04 |INFO  |WETH/USDC Prices | CEX: 1981.12 | DEX: 2001.1538260022244
2026-02-17 22:55:04 |INFO  |📊 WETH/USDC Spreads | BuyCex->SellDex: 40.34 bps | BuyDex->SellCex: -100.16 bps | Min Required: 10.00
2026-02-17 22:55:04 |INFO  |💰 WETH/USDC Potential PnL: Gross $0.0160 - Fees $0.1158 = Net $-0.0999 (Min: $0.1000)
2026-02-17 22:55:04 |WARN  |❌ WETH/USDC ignored: Not profitable enough (Net $-0.0999)
2026-02-17 22:55:04 |INFO  |Tick: No signals generated (spreads too tight or API error)
2026-02-17 22:55:05 |INFO  |HEALTH | uptime=675s | last_trade=Nones | cb_open=false | pnl=$0.00 | limit_reached=false
2026-02-17 22:55:07 |INFO  |pair:WETH/USDC
2026-02-17 22:55:07 |INFO  |Generatiing signal for WETH/USDC...
2026-02-17 22:55:08 |INFO  |WETH/USDC Prices | CEX: 1981.36 | DEX: 2001.1538292451523
2026-02-17 22:55:08 |INFO  |📊 WETH/USDC Spreads | BuyCex->SellDex: 39.12 bps | BuyDex->SellCex: -98.96 bps | Min Required: 10.00
2026-02-17 22:55:08 |INFO  |💰 WETH/USDC Potential PnL: Gross $0.0155 - Fees $0.1159 = Net $-0.1003 (Min: $0.1000)
2026-02-17 22:55:08 |WARN  |❌ WETH/USDC ignored: Not profitable enough (Net $-0.1003)
2026-02-17 22:55:08 |INFO  |Tick: No signals generated (spreads too tight or API error)
2026-02-17 22:55:10 |INFO  |pair:WETH/USDC
2026-02-17 22:55:10 |INFO  |Generatiing signal for WETH/USDC...
2026-02-17 22:55:11 |INFO  |WETH/USDC Prices | CEX: 1981.84 | DEX: 2001.153835717522
2026-02-17 22:55:11 |INFO  |📊 WETH/USDC Spreads | BuyCex->SellDex: 36.69 bps | BuyDex->SellCex: -96.56 bps | Min Required: 10.00
2026-02-17 22:55:11 |INFO  |💰 WETH/USDC Potential PnL: Gross $0.0145 - Fees $0.1159 = Net $-0.1013 (Min: $0.1000)
2026-02-17 22:55:11 |WARN  |❌ WETH/USDC ignored: Not profitable enough (Net $-0.1013)
2026-02-17 22:55:11 |INFO  |Tick: No signals generated (spreads too tight or API error)
2026-02-17 22:55:14 |INFO  |pair:WETH/USDC
2026-02-17 22:55:14 |INFO  |Generatiing signal for WETH/USDC...
2026-02-17 22:55:14 |INFO  |WETH/USDC Prices | CEX: 1982.16 | DEX: 2001.1538400324355
2026-02-17 22:55:14 |INFO  |📊 WETH/USDC Spreads | BuyCex->SellDex: 35.07 bps | BuyDex->SellCex: -94.96 bps | Min Required: 10.00
2026-02-17 22:55:14 |INFO  |💰 WETH/USDC Potential PnL: Gross $0.0139 - Fees $0.1159 = Net $-0.1020 (Min: $0.1000)
2026-02-17 22:55:14 |WARN  |❌ WETH/USDC ignored: Not profitable enough (Net $-0.1020)
2026-02-17 22:55:14 |INFO  |Tick: No signals generated (spreads too tight or API error)
2026-02-17 22:55:18 |INFO  |pair:WETH/USDC
2026-02-17 22:55:18 |INFO  |Generatiing signal for WETH/USDC...
2026-02-17 22:55:18 |INFO  |WETH/USDC Prices | CEX: 1982.16 | DEX: 2001.1538400324355
2026-02-17 22:55:18 |INFO  |📊 WETH/USDC Spreads | BuyCex->SellDex: 35.07 bps | BuyDex->SellCex: -94.96 bps | Min Required: 10.00
2026-02-17 22:55:18 |INFO  |💰 WETH/USDC Potential PnL: Gross $0.0139 - Fees $0.1159 = Net $-0.1020 (Min: $0.1000)
2026-02-17 22:55:18 |WARN  |❌ WETH/USDC ignored: Not profitable enough (Net $-0.1020)
2026-02-17 22:55:18 |INFO  |Tick: No signals generated (spreads too tight or API error)
2026-02-17 22:55:20 |INFO  |pair:WETH/USDC
2026-02-17 22:55:20 |INFO  |Generatiing signal for WETH/USDC...
2026-02-17 22:55:21 |INFO  |WETH/USDC Prices | CEX: 1981.77 | DEX: 2001.1538347736346
2026-02-17 22:55:21 |INFO  |📊 WETH/USDC Spreads | BuyCex->SellDex: 37.05 bps | BuyDex->SellCex: -96.91 bps | Min Required: 10.00
2026-02-17 22:55:21 |INFO  |💰 WETH/USDC Potential PnL: Gross $0.0147 - Fees $0.1159 = Net $-0.1012 (Min: $0.1000)
2026-02-17 22:55:21 |WARN  |❌ WETH/USDC ignored: Not profitable enough (Net $-0.1012)
2026-02-17 22:55:21 |INFO  |Tick: No signals generated (spreads too tight or API error)
2026-02-17 22:55:23 |INFO  |pair:WETH/USDC
2026-02-17 22:55:23 |INFO  |Generatiing signal for WETH/USDC...
2026-02-17 22:55:23 |INFO  |WETH/USDC Prices | CEX: 1981.45 | DEX: 2001.1538304587216
2026-02-17 22:55:23 |INFO  |📊 WETH/USDC Spreads | BuyCex->SellDex: 38.67 bps | BuyDex->SellCex: -98.51 bps | Min Required: 10.00
2026-02-17 22:55:23 |INFO  |💰 WETH/USDC Potential PnL: Gross $0.0153 - Fees $0.1159 = Net $-0.1005 (Min: $0.1000)
2026-02-17 22:55:23 |WARN  |❌ WETH/USDC ignored: Not profitable enough (Net $-0.1005)
2026-02-17 22:55:23 |INFO  |Tick: No signals generated (spreads too tight or API error)
2026-02-17 22:55:25 |INFO  |pair:WETH/USDC
2026-02-17 22:55:25 |INFO  |Generatiing signal for WETH/USDC...
2026-02-17 22:55:26 |INFO  |WETH/USDC Prices | CEX: 1981.21 | DEX: 2001.1538272157945
2026-02-17 22:55:26 |INFO  |📊 WETH/USDC Spreads | BuyCex->SellDex: 39.88 bps | BuyDex->SellCex: -99.71 bps | Min Required: 10.00
2026-02-17 22:55:26 |INFO  |💰 WETH/USDC Potential PnL: Gross $0.0158 - Fees $0.1158 = Net $-0.1000 (Min: $0.1000)
2026-02-17 22:55:26 |WARN  |❌ WETH/USDC ignored: Not profitable enough (Net $-0.1000)
2026-02-17 22:55:26 |INFO  |Tick: No signals generated (spreads too tight or API error)
2026-02-17 22:55:28 |INFO  |pair:WETH/USDC
2026-02-17 22:55:28 |INFO  |Generatiing signal for WETH/USDC...
2026-02-17 22:55:29 |INFO  |WETH/USDC Prices | CEX: 1981.44 | DEX: 2001.1538303238808
2026-02-17 22:55:29 |INFO  |📊 WETH/USDC Spreads | BuyCex->SellDex: 38.72 bps | BuyDex->SellCex: -98.56 bps | Min Required: 10.00
2026-02-17 22:55:29 |INFO  |💰 WETH/USDC Potential PnL: Gross $0.0153 - Fees $0.1159 = Net $-0.1005 (Min: $0.1000)
2026-02-17 22:55:29 |WARN  |❌ WETH/USDC ignored: Not profitable enough (Net $-0.1005)
2026-02-17 22:55:29 |INFO  |Tick: No signals generated (spreads too tight or API error)
2026-02-17 22:55:31 |INFO  |pair:WETH/USDC
2026-02-17 22:55:31 |INFO  |Generatiing signal for WETH/USDC...
2026-02-17 22:55:31 |INFO  |WETH/USDC Prices | CEX: 1981.8 | DEX: 2001.1538351781578
2026-02-17 22:55:31 |INFO  |📊 WETH/USDC Spreads | BuyCex->SellDex: 36.89 bps | BuyDex->SellCex: -96.76 bps | Min Required: 10.00
2026-02-17 22:55:31 |INFO  |💰 WETH/USDC Potential PnL: Gross $0.0146 - Fees $0.1159 = Net $-0.1012 (Min: $0.1000)
2026-02-17 22:55:31 |WARN  |❌ WETH/USDC ignored: Not profitable enough (Net $-0.1012)
2026-02-17 22:55:31 |INFO  |Tick: No signals generated (spreads too tight or API error)
2026-02-17 22:55:33 |INFO  |pair:WETH/USDC
2026-02-17 22:55:33 |INFO  |Generatiing signal for WETH/USDC...
2026-02-17 22:55:34 |INFO  |WETH/USDC Prices | CEX: 1982 | DEX: 2001.1538378749785
2026-02-17 22:55:34 |INFO  |📊 WETH/USDC Spreads | BuyCex->SellDex: 35.88 bps | BuyDex->SellCex: -95.76 bps | Min Required: 10.00
2026-02-17 22:55:34 |INFO  |💰 WETH/USDC Potential PnL: Gross $0.0142 - Fees $0.1159 = Net $-0.1016 (Min: $0.1000)
2026-02-17 22:55:34 |WARN  |❌ WETH/USDC ignored: Not profitable enough (Net $-0.1016)
2026-02-17 22:55:34 |INFO  |Tick: No signals generated (spreads too tight or API error)
2026-02-17 22:55:36 |INFO  |pair:WETH/USDC
2026-02-17 22:55:36 |INFO  |Generatiing signal for WETH/USDC...
2026-02-17 22:55:37 |INFO  |WETH/USDC Prices | CEX: 1981.82 | DEX: 2001.15383544784
2026-02-17 22:55:37 |INFO  |📊 WETH/USDC Spreads | BuyCex->SellDex: 36.79 bps | BuyDex->SellCex: -96.66 bps | Min Required: 10.00
2026-02-17 22:55:37 |INFO  |💰 WETH/USDC Potential PnL: Gross $0.0146 - Fees $0.1159 = Net $-0.1013 (Min: $0.1000)
2026-02-17 22:55:37 |WARN  |❌ WETH/USDC ignored: Not profitable enough (Net $-0.1013)
2026-02-17 22:55:37 |INFO  |Tick: No signals generated (spreads too tight or API error)
2026-02-17 22:55:39 |INFO  |pair:WETH/USDC
2026-02-17 22:55:39 |INFO  |Generatiing signal for WETH/USDC...
2026-02-17 22:55:39 |INFO  |WETH/USDC Prices | CEX: 1981.47 | DEX: 2001.1538307284038
2026-02-17 22:55:39 |INFO  |📊 WETH/USDC Spreads | BuyCex->SellDex: 38.56 bps | BuyDex->SellCex: -98.41 bps | Min Required: 10.00
2026-02-17 22:55:39 |INFO  |💰 WETH/USDC Potential PnL: Gross $0.0153 - Fees $0.1159 = Net $-0.1006 (Min: $0.1000)
2026-02-17 22:55:39 |WARN  |❌ WETH/USDC ignored: Not profitable enough (Net $-0.1006)
2026-02-17 22:55:39 |INFO  |Tick: No signals generated (spreads too tight or API error)
2026-02-17 22:55:41 |INFO  |pair:WETH/USDC
2026-02-17 22:55:41 |INFO  |Generatiing signal for WETH/USDC...
2026-02-17 22:55:41 |INFO  |WETH/USDC Prices | CEX: 1981.61 | DEX: 2001.1538326161785
2026-02-17 22:55:41 |INFO  |📊 WETH/USDC Spreads | BuyCex->SellDex: 37.86 bps | BuyDex->SellCex: -97.71 bps | Min Required: 10.00
2026-02-17 22:55:41 |INFO  |💰 WETH/USDC Potential PnL: Gross $0.0150 - Fees $0.1159 = Net $-0.1008 (Min: $0.1000)
2026-02-17 22:55:41 |WARN  |❌ WETH/USDC ignored: Not profitable enough (Net $-0.1008)
2026-02-17 22:55:41 |INFO  |Tick: No signals generated (spreads too tight or API error)
2026-02-17 22:55:43 |INFO  |pair:WETH/USDC
2026-02-17 22:55:43 |INFO  |Generatiing signal for WETH/USDC...
2026-02-17 22:55:44 |INFO  |WETH/USDC Prices | CEX: 1981.62 | DEX: 2001.1538327510195
2026-02-17 22:55:44 |INFO  |📊 WETH/USDC Spreads | BuyCex->SellDex: 37.80 bps | BuyDex->SellCex: -97.66 bps | Min Required: 10.00
2026-02-17 22:55:44 |INFO  |💰 WETH/USDC Potential PnL: Gross $0.0150 - Fees $0.1159 = Net $-0.1009 (Min: $0.1000)
2026-02-17 22:55:44 |WARN  |❌ WETH/USDC ignored: Not profitable enough (Net $-0.1009)
2026-02-17 22:55:44 |INFO  |Tick: No signals generated (spreads too tight or API error)
2026-02-17 22:55:46 |INFO  |pair:WETH/USDC
2026-02-17 22:55:46 |INFO  |Generatiing signal for WETH/USDC...
2026-02-17 22:55:46 |INFO  |WETH/USDC Prices | CEX: 1981.62 | DEX: 2001.1538327510195
2026-02-17 22:55:46 |INFO  |📊 WETH/USDC Spreads | BuyCex->SellDex: 37.80 bps | BuyDex->SellCex: -97.66 bps | Min Required: 10.00
2026-02-17 22:55:46 |INFO  |💰 WETH/USDC Potential PnL: Gross $0.0150 - Fees $0.1159 = Net $-0.1009 (Min: $0.1000)
2026-02-17 22:55:46 |WARN  |❌ WETH/USDC ignored: Not profitable enough (Net $-0.1009)
2026-02-17 22:55:46 |INFO  |Tick: No signals generated (spreads too tight or API error)
2026-02-17 22:55:48 |INFO  |pair:WETH/USDC
2026-02-17 22:55:48 |INFO  |Generatiing signal for WETH/USDC...
2026-02-17 22:55:48 |INFO  |WETH/USDC Prices | CEX: 1981.62 | DEX: 2001.1538327510195
2026-02-17 22:55:48 |INFO  |📊 WETH/USDC Spreads | BuyCex->SellDex: 37.80 bps | BuyDex->SellCex: -97.66 bps | Min Required: 10.00
2026-02-17 22:55:48 |INFO  |💰 WETH/USDC Potential PnL: Gross $0.0150 - Fees $0.1159 = Net $-0.1009 (Min: $0.1000)
2026-02-17 22:55:48 |WARN  |❌ WETH/USDC ignored: Not profitable enough (Net $-0.1009)
2026-02-17 22:55:48 |INFO  |Tick: No signals generated (spreads too tight or API error)
2026-02-17 22:55:50 |INFO  |pair:WETH/USDC
2026-02-17 22:55:50 |INFO  |Generatiing signal for WETH/USDC...
2026-02-17 22:55:51 |INFO  |WETH/USDC Prices | CEX: 1981.62 | DEX: 2001.1538327510195
2026-02-17 22:55:51 |INFO  |📊 WETH/USDC Spreads | BuyCex->SellDex: 37.80 bps | BuyDex->SellCex: -97.66 bps | Min Required: 10.00
2026-02-17 22:55:51 |INFO  |💰 WETH/USDC Potential PnL: Gross $0.0150 - Fees $0.1159 = Net $-0.1009 (Min: $0.1000)
2026-02-17 22:55:51 |WARN  |❌ WETH/USDC ignored: Not profitable enough (Net $-0.1009)
2026-02-17 22:55:51 |INFO  |Tick: No signals generated (spreads too tight or API error)
2026-02-17 22:55:53 |INFO  |pair:WETH/USDC
2026-02-17 22:55:53 |INFO  |Generatiing signal for WETH/USDC...
2026-02-17 22:55:53 |INFO  |WETH/USDC Prices | CEX: 1981.62 | DEX: 2001.1538327510195
2026-02-17 22:55:53 |INFO  |📊 WETH/USDC Spreads | BuyCex->SellDex: 37.80 bps | BuyDex->SellCex: -97.66 bps | Min Required: 10.00
2026-02-17 22:55:53 |INFO  |💰 WETH/USDC Potential PnL: Gross $0.0150 - Fees $0.1159 = Net $-0.1009 (Min: $0.1000)
2026-02-17 22:55:53 |WARN  |❌ WETH/USDC ignored: Not profitable enough (Net $-0.1009)
2026-02-17 22:55:53 |INFO  |Tick: No signals generated (spreads too tight or API error)
2026-02-17 22:55:55 |INFO  |pair:WETH/USDC
2026-02-17 22:55:55 |INFO  |Generatiing signal for WETH/USDC...
2026-02-17 22:55:55 |INFO  |WETH/USDC Prices | CEX: 1981.62 | DEX: 2001.1538327510195
2026-02-17 22:55:55 |INFO  |📊 WETH/USDC Spreads | BuyCex->SellDex: 37.80 bps | BuyDex->SellCex: -97.66 bps | Min Required: 10.00
2026-02-17 22:55:55 |INFO  |💰 WETH/USDC Potential PnL: Gross $0.0150 - Fees $0.1159 = Net $-0.1009 (Min: $0.1000)
2026-02-17 22:55:55 |WARN  |❌ WETH/USDC ignored: Not profitable enough (Net $-0.1009)
2026-02-17 22:55:55 |INFO  |Tick: No signals generated (spreads too tight or API error)
2026-02-17 22:55:57 |INFO  |pair:WETH/USDC
2026-02-17 22:55:57 |INFO  |Generatiing signal for WETH/USDC...
2026-02-17 22:55:58 |INFO  |WETH/USDC Prices | CEX: 1981.62 | DEX: 2001.1538327510195
2026-02-17 22:55:58 |INFO  |📊 WETH/USDC Spreads | BuyCex->SellDex: 37.80 bps | BuyDex->SellCex: -97.66 bps | Min Required: 10.00
2026-02-17 22:55:58 |INFO  |💰 WETH/USDC Potential PnL: Gross $0.0150 - Fees $0.1159 = Net $-0.1009 (Min: $0.1000)
2026-02-17 22:55:58 |WARN  |❌ WETH/USDC ignored: Not profitable enough (Net $-0.1009)
2026-02-17 22:55:58 |INFO  |Tick: No signals generated (spreads too tight or API error)
2026-02-17 22:56:00 |INFO  |pair:WETH/USDC
2026-02-17 22:56:00 |INFO  |Generatiing signal for WETH/USDC...
2026-02-17 22:56:00 |INFO  |WETH/USDC Prices | CEX: 1981.57 | DEX: 2001.1538320768145
2026-02-17 22:56:00 |INFO  |📊 WETH/USDC Spreads | BuyCex->SellDex: 38.06 bps | BuyDex->SellCex: -97.91 bps | Min Required: 10.00
2026-02-17 22:56:00 |INFO  |💰 WETH/USDC Potential PnL: Gross $0.0151 - Fees $0.1159 = Net $-0.1008 (Min: $0.1000)
2026-02-17 22:56:00 |WARN  |❌ WETH/USDC ignored: Not profitable enough (Net $-0.1008)
2026-02-17 22:56:00 |INFO  |Tick: No signals generated (spreads too tight or API error)
2026-02-17 22:56:03 |INFO  |pair:WETH/USDC
2026-02-17 22:56:03 |INFO  |Generatiing signal for WETH/USDC...
2026-02-17 22:56:03 |INFO  |WETH/USDC Prices | CEX: 1981.45 | DEX: 2001.1538304587216
2026-02-17 22:56:03 |INFO  |📊 WETH/USDC Spreads | BuyCex->SellDex: 38.67 bps | BuyDex->SellCex: -98.51 bps | Min Required: 10.00
2026-02-17 22:56:03 |INFO  |💰 WETH/USDC Potential PnL: Gross $0.0153 - Fees $0.1159 = Net $-0.1005 (Min: $0.1000)
2026-02-17 22:56:03 |WARN  |❌ WETH/USDC ignored: Not profitable enough (Net $-0.1005)
2026-02-17 22:56:03 |INFO  |Tick: No signals generated (spreads too tight or API error)
2026-02-17 22:56:05 |INFO  |pair:WETH/USDC
2026-02-17 22:56:05 |INFO  |Generatiing signal for WETH/USDC...
2026-02-17 22:56:06 |INFO  |WETH/USDC Prices | CEX: 1981.37 | DEX: 2001.153829373251
2026-02-17 22:56:06 |INFO  |📊 WETH/USDC Spreads | BuyCex->SellDex: 39.07 bps | BuyDex->SellCex: -98.91 bps | Min Required: 10.00
2026-02-17 22:56:06 |INFO  |💰 WETH/USDC Potential PnL: Gross $0.0155 - Fees $0.1159 = Net $-0.1004 (Min: $0.1000)
2026-02-17 22:56:06 |WARN  |❌ WETH/USDC ignored: Not profitable enough (Net $-0.1004)
2026-02-17 22:56:06 |INFO  |Tick: No signals generated (spreads too tight or API error)
2026-02-17 22:56:07 |INFO  |HEALTH | uptime=736s | last_trade=Nones | cb_open=false | pnl=$0.00 | limit_reached=false
2026-02-17 22:56:07 |INFO  |pair:WETH/USDC
2026-02-17 22:56:07 |INFO  |Generatiing signal for WETH/USDC...
2026-02-17 22:56:08 |INFO  |WETH/USDC Prices | CEX: 1981.29 | DEX: 2001.1538283012644
2026-02-17 22:56:08 |INFO  |📊 WETH/USDC Spreads | BuyCex->SellDex: 39.48 bps | BuyDex->SellCex: -99.31 bps | Min Required: 10.00
2026-02-17 22:56:08 |INFO  |💰 WETH/USDC Potential PnL: Gross $0.0156 - Fees $0.1159 = Net $-0.1002 (Min: $0.1000)
2026-02-17 22:56:08 |WARN  |❌ WETH/USDC ignored: Not profitable enough (Net $-0.1002)
2026-02-17 22:56:08 |INFO  |Tick: No signals generated (spreads too tight or API error)
2026-02-17 22:56:10 |INFO  |pair:WETH/USDC
2026-02-17 22:56:10 |INFO  |Generatiing signal for WETH/USDC...
2026-02-17 22:56:10 |INFO  |WETH/USDC Prices | CEX: 1981.79 | DEX: 2001.1538350433173
2026-02-17 22:56:10 |INFO  |📊 WETH/USDC Spreads | BuyCex->SellDex: 36.94 bps | BuyDex->SellCex: -96.81 bps | Min Required: 10.00
2026-02-17 22:56:10 |INFO  |💰 WETH/USDC Potential PnL: Gross $0.0146 - Fees $0.1159 = Net $-0.1012 (Min: $0.1000)
2026-02-17 22:56:10 |WARN  |❌ WETH/USDC ignored: Not profitable enough (Net $-0.1012)
2026-02-17 22:56:10 |INFO  |Tick: No signals generated (spreads too tight or API error)
2026-02-17 22:56:12 |INFO  |pair:WETH/USDC
2026-02-17 22:56:12 |INFO  |Generatiing signal for WETH/USDC...
2026-02-17 22:56:12 |INFO  |WETH/USDC Prices | CEX: 1981.79 | DEX: 2001.1538350433173
2026-02-17 22:56:12 |INFO  |📊 WETH/USDC Spreads | BuyCex->SellDex: 36.94 bps | BuyDex->SellCex: -96.81 bps | Min Required: 10.00
2026-02-17 22:56:12 |INFO  |💰 WETH/USDC Potential PnL: Gross $0.0146 - Fees $0.1159 = Net $-0.1012 (Min: $0.1000)
2026-02-17 22:56:12 |WARN  |❌ WETH/USDC ignored: Not profitable enough (Net $-0.1012)
2026-02-17 22:56:12 |INFO  |Tick: No signals generated (spreads too tight or API error)
2026-02-17 22:56:14 |INFO  |pair:WETH/USDC
2026-02-17 22:56:14 |INFO  |Generatiing signal for WETH/USDC...
2026-02-17 22:56:15 |INFO  |WETH/USDC Prices | CEX: 1982 | DEX: 2001.1538378749785
2026-02-17 22:56:15 |INFO  |📊 WETH/USDC Spreads | BuyCex->SellDex: 35.88 bps | BuyDex->SellCex: -95.76 bps | Min Required: 10.00
2026-02-17 22:56:15 |INFO  |💰 WETH/USDC Potential PnL: Gross $0.0142 - Fees $0.1159 = Net $-0.1016 (Min: $0.1000)
2026-02-17 22:56:15 |WARN  |❌ WETH/USDC ignored: Not profitable enough (Net $-0.1016)
2026-02-17 22:56:15 |INFO  |Tick: No signals generated (spreads too tight or API error)
2026-02-17 22:56:17 |INFO  |pair:WETH/USDC
2026-02-17 22:56:17 |INFO  |Generatiing signal for WETH/USDC...
2026-02-17 22:56:17 |INFO  |WETH/USDC Prices | CEX: 1982 | DEX: 2001.1538378749785
2026-02-17 22:56:17 |INFO  |📊 WETH/USDC Spreads | BuyCex->SellDex: 35.88 bps | BuyDex->SellCex: -95.76 bps | Min Required: 10.00
2026-02-17 22:56:17 |INFO  |💰 WETH/USDC Potential PnL: Gross $0.0142 - Fees $0.1159 = Net $-0.1016 (Min: $0.1000)
2026-02-17 22:56:17 |WARN  |❌ WETH/USDC ignored: Not profitable enough (Net $-0.1016)
2026-02-17 22:56:17 |INFO  |Tick: No signals generated (spreads too tight or API error)
2026-02-17 22:56:20 |INFO  |pair:WETH/USDC
2026-02-17 22:56:20 |INFO  |Generatiing signal for WETH/USDC...
2026-02-17 22:56:20 |INFO  |WETH/USDC Prices | CEX: 1982 | DEX: 2001.1538378749785
2026-02-17 22:56:20 |INFO  |📊 WETH/USDC Spreads | BuyCex->SellDex: 35.88 bps | BuyDex->SellCex: -95.76 bps | Min Required: 10.00
2026-02-17 22:56:20 |INFO  |💰 WETH/USDC Potential PnL: Gross $0.0142 - Fees $0.1159 = Net $-0.1016 (Min: $0.1000)
2026-02-17 22:56:20 |WARN  |❌ WETH/USDC ignored: Not profitable enough (Net $-0.1016)
2026-02-17 22:56:20 |INFO  |Tick: No signals generated (spreads too tight or API error)
2026-02-17 22:56:22 |INFO  |pair:WETH/USDC
2026-02-17 22:56:22 |INFO  |Generatiing signal for WETH/USDC...
2026-02-17 22:56:23 |INFO  |WETH/USDC Prices | CEX: 1982 | DEX: 2001.1538378749785
2026-02-17 22:56:23 |INFO  |📊 WETH/USDC Spreads | BuyCex->SellDex: 35.88 bps | BuyDex->SellCex: -95.76 bps | Min Required: 10.00
2026-02-17 22:56:23 |INFO  |💰 WETH/USDC Potential PnL: Gross $0.0142 - Fees $0.1159 = Net $-0.1016 (Min: $0.1000)
2026-02-17 22:56:23 |WARN  |❌ WETH/USDC ignored: Not profitable enough (Net $-0.1016)
2026-02-17 22:56:23 |INFO  |Tick: No signals generated (spreads too tight or API error)
2026-02-17 22:56:25 |INFO  |pair:WETH/USDC
2026-02-17 22:56:25 |INFO  |Generatiing signal for WETH/USDC...
2026-02-17 22:56:25 |INFO  |WETH/USDC Prices | CEX: 1982 | DEX: 2001.1538378749785
2026-02-17 22:56:25 |INFO  |📊 WETH/USDC Spreads | BuyCex->SellDex: 35.88 bps | BuyDex->SellCex: -95.76 bps | Min Required: 10.00
2026-02-17 22:56:25 |INFO  |💰 WETH/USDC Potential PnL: Gross $0.0142 - Fees $0.1159 = Net $-0.1016 (Min: $0.1000)
2026-02-17 22:56:25 |WARN  |❌ WETH/USDC ignored: Not profitable enough (Net $-0.1016)
2026-02-17 22:56:25 |INFO  |Tick: No signals generated (spreads too tight or API error)
2026-02-17 22:56:27 |INFO  |pair:WETH/USDC
2026-02-17 22:56:27 |INFO  |Generatiing signal for WETH/USDC...
2026-02-17 22:56:28 |INFO  |WETH/USDC Prices | CEX: 1982 | DEX: 2001.1538378749785
2026-02-17 22:56:28 |INFO  |📊 WETH/USDC Spreads | BuyCex->SellDex: 35.88 bps | BuyDex->SellCex: -95.76 bps | Min Required: 10.00
2026-02-17 22:56:28 |INFO  |💰 WETH/USDC Potential PnL: Gross $0.0142 - Fees $0.1159 = Net $-0.1016 (Min: $0.1000)
2026-02-17 22:56:28 |WARN  |❌ WETH/USDC ignored: Not profitable enough (Net $-0.1016)
2026-02-17 22:56:28 |INFO  |Tick: No signals generated (spreads too tight or API error)
2026-02-17 22:56:30 |INFO  |pair:WETH/USDC
2026-02-17 22:56:30 |INFO  |Generatiing signal for WETH/USDC...
2026-02-17 22:56:31 |INFO  |WETH/USDC Prices | CEX: 1982.02 | DEX: 2001.1538381379187
2026-02-17 22:56:31 |INFO  |📊 WETH/USDC Spreads | BuyCex->SellDex: 35.78 bps | BuyDex->SellCex: -95.66 bps | Min Required: 10.00
2026-02-17 22:56:31 |INFO  |💰 WETH/USDC Potential PnL: Gross $0.0142 - Fees $0.1159 = Net $-0.1017 (Min: $0.1000)
2026-02-17 22:56:31 |WARN  |❌ WETH/USDC ignored: Not profitable enough (Net $-0.1017)
2026-02-17 22:56:31 |INFO  |Tick: No signals generated (spreads too tight or API error)
2026-02-17 22:56:33 |INFO  |pair:WETH/USDC
2026-02-17 22:56:33 |INFO  |Generatiing signal for WETH/USDC...
2026-02-17 22:56:34 |INFO  |WETH/USDC Prices | CEX: 1981.92 | DEX: 2001.15383679625
2026-02-17 22:56:34 |INFO  |📊 WETH/USDC Spreads | BuyCex->SellDex: 36.29 bps | BuyDex->SellCex: -96.16 bps | Min Required: 10.00
2026-02-17 22:56:34 |INFO  |💰 WETH/USDC Potential PnL: Gross $0.0144 - Fees $0.1159 = Net $-0.1015 (Min: $0.1000)
2026-02-17 22:56:34 |WARN  |❌ WETH/USDC ignored: Not profitable enough (Net $-0.1015)
2026-02-17 22:56:34 |INFO  |Tick: No signals generated (spreads too tight or API error)
2026-02-17 22:56:36 |INFO  |pair:WETH/USDC
2026-02-17 22:56:36 |INFO  |Generatiing signal for WETH/USDC...
2026-02-17 22:56:36 |INFO  |WETH/USDC Prices | CEX: 1981.88 | DEX: 2001.1538362568863
2026-02-17 22:56:36 |INFO  |📊 WETH/USDC Spreads | BuyCex->SellDex: 36.49 bps | BuyDex->SellCex: -96.36 bps | Min Required: 10.00
2026-02-17 22:56:36 |INFO  |💰 WETH/USDC Potential PnL: Gross $0.0145 - Fees $0.1159 = Net $-0.1014 (Min: $0.1000)
2026-02-17 22:56:36 |WARN  |❌ WETH/USDC ignored: Not profitable enough (Net $-0.1014)
2026-02-17 22:56:36 |INFO  |Tick: No signals generated (spreads too tight or API error)
2026-02-17 22:56:38 |INFO  |pair:WETH/USDC
2026-02-17 22:56:38 |INFO  |Generatiing signal for WETH/USDC...
2026-02-17 22:56:39 |INFO  |WETH/USDC Prices | CEX: 1981.88 | DEX: 2001.1538362568863
2026-02-17 22:56:39 |INFO  |📊 WETH/USDC Spreads | BuyCex->SellDex: 36.49 bps | BuyDex->SellCex: -96.36 bps | Min Required: 10.00
2026-02-17 22:56:39 |INFO  |💰 WETH/USDC Potential PnL: Gross $0.0145 - Fees $0.1159 = Net $-0.1014 (Min: $0.1000)
2026-02-17 22:56:39 |WARN  |❌ WETH/USDC ignored: Not profitable enough (Net $-0.1014)
2026-02-17 22:56:39 |INFO  |Tick: No signals generated (spreads too tight or API error)
2026-02-17 22:56:40 |INFO  |pair:WETH/USDC
2026-02-17 22:56:40 |INFO  |Generatiing signal for WETH/USDC...
2026-02-17 22:56:41 |INFO  |WETH/USDC Prices | CEX: 1982.08 | DEX: 2001.153838946965
2026-02-17 22:56:41 |INFO  |📊 WETH/USDC Spreads | BuyCex->SellDex: 35.48 bps | BuyDex->SellCex: -95.36 bps | Min Required: 10.00
2026-02-17 22:56:41 |INFO  |💰 WETH/USDC Potential PnL: Gross $0.0141 - Fees $0.1159 = Net $-0.1018 (Min: $0.1000)
2026-02-17 22:56:41 |WARN  |❌ WETH/USDC ignored: Not profitable enough (Net $-0.1018)
2026-02-17 22:56:41 |INFO  |Tick: No signals generated (spreads too tight or API error)
2026-02-17 22:56:43 |INFO  |pair:WETH/USDC
2026-02-17 22:56:43 |INFO  |Generatiing signal for WETH/USDC...
2026-02-17 22:56:44 |INFO  |WETH/USDC Prices | CEX: 1982.08 | DEX: 2001.153838946965
2026-02-17 22:56:44 |INFO  |📊 WETH/USDC Spreads | BuyCex->SellDex: 35.48 bps | BuyDex->SellCex: -95.36 bps | Min Required: 10.00
2026-02-17 22:56:44 |INFO  |💰 WETH/USDC Potential PnL: Gross $0.0141 - Fees $0.1159 = Net $-0.1018 (Min: $0.1000)
2026-02-17 22:56:44 |WARN  |❌ WETH/USDC ignored: Not profitable enough (Net $-0.1018)
2026-02-17 22:56:44 |INFO  |Tick: No signals generated (spreads too tight or API error)
2026-02-17 22:56:45 |INFO  |pair:WETH/USDC
2026-02-17 22:56:45 |INFO  |Generatiing signal for WETH/USDC...
2026-02-17 22:56:46 |INFO  |WETH/USDC Prices | CEX: 1982.16 | DEX: 2001.1538400324355
2026-02-17 22:56:46 |INFO  |📊 WETH/USDC Spreads | BuyCex->SellDex: 35.07 bps | BuyDex->SellCex: -94.96 bps | Min Required: 10.00
2026-02-17 22:56:46 |INFO  |💰 WETH/USDC Potential PnL: Gross $0.0139 - Fees $0.1159 = Net $-0.1020 (Min: $0.1000)
2026-02-17 22:56:46 |WARN  |❌ WETH/USDC ignored: Not profitable enough (Net $-0.1020)
2026-02-17 22:56:46 |INFO  |Tick: No signals generated (spreads too tight or API error)
2026-02-17 22:56:48 |INFO  |pair:WETH/USDC
2026-02-17 22:56:48 |INFO  |Generatiing signal for WETH/USDC...
2026-02-17 22:56:48 |INFO  |WETH/USDC Prices | CEX: 1982.16 | DEX: 2001.1538400324355
2026-02-17 22:56:48 |INFO  |📊 WETH/USDC Spreads | BuyCex->SellDex: 35.07 bps | BuyDex->SellCex: -94.96 bps | Min Required: 10.00
2026-02-17 22:56:48 |INFO  |💰 WETH/USDC Potential PnL: Gross $0.0139 - Fees $0.1159 = Net $-0.1020 (Min: $0.1000)
2026-02-17 22:56:48 |WARN  |❌ WETH/USDC ignored: Not profitable enough (Net $-0.1020)
2026-02-17 22:56:48 |INFO  |Tick: No signals generated (spreads too tight or API error)
2026-02-17 22:56:50 |INFO  |pair:WETH/USDC
2026-02-17 22:56:50 |INFO  |Generatiing signal for WETH/USDC...
2026-02-17 22:56:51 |INFO  |WETH/USDC Prices | CEX: 1982.16 | DEX: 2001.1538400324355
2026-02-17 22:56:51 |INFO  |📊 WETH/USDC Spreads | BuyCex->SellDex: 35.07 bps | BuyDex->SellCex: -94.96 bps | Min Required: 10.00
2026-02-17 22:56:51 |INFO  |💰 WETH/USDC Potential PnL: Gross $0.0139 - Fees $0.1159 = Net $-0.1020 (Min: $0.1000)
2026-02-17 22:56:51 |WARN  |❌ WETH/USDC ignored: Not profitable enough (Net $-0.1020)
2026-02-17 22:56:51 |INFO  |Tick: No signals generated (spreads too tight or API error)
2026-02-17 22:56:53 |INFO  |pair:WETH/USDC
2026-02-17 22:56:53 |INFO  |Generatiing signal for WETH/USDC...
2026-02-17 22:56:53 |INFO  |WETH/USDC Prices | CEX: 1982.07 | DEX: 2001.1538388188653
2026-02-17 22:56:53 |INFO  |📊 WETH/USDC Spreads | BuyCex->SellDex: 35.53 bps | BuyDex->SellCex: -95.41 bps | Min Required: 10.00
2026-02-17 22:56:53 |INFO  |💰 WETH/USDC Potential PnL: Gross $0.0141 - Fees $0.1159 = Net $-0.1018 (Min: $0.1000)
2026-02-17 22:56:53 |WARN  |❌ WETH/USDC ignored: Not profitable enough (Net $-0.1018)
2026-02-17 22:56:53 |INFO  |Tick: No signals generated (spreads too tight or API error)
2026-02-17 22:56:55 |INFO  |pair:WETH/USDC
2026-02-17 22:56:55 |INFO  |Generatiing signal for WETH/USDC...
2026-02-17 22:56:55 |INFO  |WETH/USDC Prices | CEX: 1981.98 | DEX: 2001.1538376052968
2026-02-17 22:56:55 |INFO  |📊 WETH/USDC Spreads | BuyCex->SellDex: 35.98 bps | BuyDex->SellCex: -95.86 bps | Min Required: 10.00
2026-02-17 22:56:55 |INFO  |💰 WETH/USDC Potential PnL: Gross $0.0143 - Fees $0.1159 = Net $-0.1016 (Min: $0.1000)
2026-02-17 22:56:55 |WARN  |❌ WETH/USDC ignored: Not profitable enough (Net $-0.1016)
2026-02-17 22:56:55 |INFO  |Tick: No signals generated (spreads too tight or API error)
2026-02-17 22:56:57 |INFO  |pair:WETH/USDC
2026-02-17 22:56:57 |INFO  |Generatiing signal for WETH/USDC...
2026-02-17 22:56:58 |INFO  |WETH/USDC Prices | CEX: 1982.04 | DEX: 2001.153838414343
2026-02-17 22:56:58 |INFO  |📊 WETH/USDC Spreads | BuyCex->SellDex: 35.68 bps | BuyDex->SellCex: -95.56 bps | Min Required: 10.00
2026-02-17 22:56:58 |INFO  |💰 WETH/USDC Potential PnL: Gross $0.0141 - Fees $0.1159 = Net $-0.1017 (Min: $0.1000)
2026-02-17 22:56:58 |WARN  |❌ WETH/USDC ignored: Not profitable enough (Net $-0.1017)
2026-02-17 22:56:58 |INFO  |Tick: No signals generated (spreads too tight or API error)
2026-02-17 22:57:00 |INFO  |pair:WETH/USDC
2026-02-17 22:57:00 |INFO  |Generatiing signal for WETH/USDC...
2026-02-17 22:57:00 |INFO  |WETH/USDC Prices | CEX: 1982.04 | DEX: 2001.153838414343
2026-02-17 22:57:00 |INFO  |📊 WETH/USDC Spreads | BuyCex->SellDex: 35.68 bps | BuyDex->SellCex: -95.56 bps | Min Required: 10.00
2026-02-17 22:57:00 |INFO  |💰 WETH/USDC Potential PnL: Gross $0.0141 - Fees $0.1159 = Net $-0.1017 (Min: $0.1000)
2026-02-17 22:57:00 |WARN  |❌ WETH/USDC ignored: Not profitable enough (Net $-0.1017)
2026-02-17 22:57:00 |INFO  |Tick: No signals generated (spreads too tight or API error)
2026-02-17 22:57:03 |INFO  |pair:WETH/USDC
2026-02-17 22:57:03 |INFO  |Generatiing signal for WETH/USDC...
2026-02-17 22:57:03 |INFO  |WETH/USDC Prices | CEX: 1982.04 | DEX: 2001.153838414343
2026-02-17 22:57:03 |INFO  |📊 WETH/USDC Spreads | BuyCex->SellDex: 35.68 bps | BuyDex->SellCex: -95.56 bps | Min Required: 10.00
2026-02-17 22:57:03 |INFO  |💰 WETH/USDC Potential PnL: Gross $0.0141 - Fees $0.1159 = Net $-0.1017 (Min: $0.1000)
2026-02-17 22:57:03 |WARN  |❌ WETH/USDC ignored: Not profitable enough (Net $-0.1017)
2026-02-17 22:57:03 |INFO  |Tick: No signals generated (spreads too tight or API error)
2026-02-17 22:57:05 |INFO  |pair:WETH/USDC
2026-02-17 22:57:05 |INFO  |Generatiing signal for WETH/USDC...
2026-02-17 22:57:05 |INFO  |WETH/USDC Prices | CEX: 1982.04 | DEX: 2001.153838414343
2026-02-17 22:57:05 |INFO  |📊 WETH/USDC Spreads | BuyCex->SellDex: 35.68 bps | BuyDex->SellCex: -95.56 bps | Min Required: 10.00
2026-02-17 22:57:05 |INFO  |💰 WETH/USDC Potential PnL: Gross $0.0141 - Fees $0.1159 = Net $-0.1017 (Min: $0.1000)
2026-02-17 22:57:05 |WARN  |❌ WETH/USDC ignored: Not profitable enough (Net $-0.1017)
2026-02-17 22:57:05 |INFO  |Tick: No signals generated (spreads too tight or API error)
2026-02-17 22:57:08 |INFO  |pair:WETH/USDC
2026-02-17 22:57:08 |INFO  |Generatiing signal for WETH/USDC...
2026-02-17 22:57:08 |INFO  |WETH/USDC Prices | CEX: 1981.05 | DEX: 2001.15382506508
2026-02-17 22:57:08 |INFO  |📊 WETH/USDC Spreads | BuyCex->SellDex: 40.69 bps | BuyDex->SellCex: -100.51 bps | Min Required: 10.00
2026-02-17 22:57:08 |INFO  |💰 WETH/USDC Potential PnL: Gross $0.0161 - Fees $0.1158 = Net $-0.0997 (Min: $0.1000)
2026-02-17 22:57:08 |WARN  |❌ WETH/USDC ignored: Not profitable enough (Net $-0.0997)
2026-02-17 22:57:08 |INFO  |Tick: No signals generated (spreads too tight or API error)
2026-02-17 22:57:09 |INFO  |HEALTH | uptime=799s | last_trade=Nones | cb_open=false | pnl=$0.00 | limit_reached=false
2026-02-17 22:57:10 |INFO  |pair:WETH/USDC
2026-02-17 22:57:10 |INFO  |Generatiing signal for WETH/USDC...
2026-02-17 22:57:11 |INFO  |WETH/USDC Prices | CEX: 1981.8 | DEX: 2001.1538351781578
2026-02-17 22:57:11 |INFO  |📊 WETH/USDC Spreads | BuyCex->SellDex: 36.89 bps | BuyDex->SellCex: -96.76 bps | Min Required: 10.00
2026-02-17 22:57:11 |INFO  |💰 WETH/USDC Potential PnL: Gross $0.0146 - Fees $0.1159 = Net $-0.1012 (Min: $0.1000)
2026-02-17 22:57:11 |WARN  |❌ WETH/USDC ignored: Not profitable enough (Net $-0.1012)
2026-02-17 22:57:11 |INFO  |Tick: No signals generated (spreads too tight or API error)
2026-02-17 22:57:12 |INFO  |pair:WETH/USDC
2026-02-17 22:57:12 |INFO  |Generatiing signal for WETH/USDC...
2026-02-17 22:57:13 |INFO  |WETH/USDC Prices | CEX: 1982.05 | DEX: 2001.1538385491835
2026-02-17 22:57:13 |INFO  |📊 WETH/USDC Spreads | BuyCex->SellDex: 35.63 bps | BuyDex->SellCex: -95.51 bps | Min Required: 10.00
2026-02-17 22:57:13 |INFO  |💰 WETH/USDC Potential PnL: Gross $0.0141 - Fees $0.1159 = Net $-0.1017 (Min: $0.1000)
2026-02-17 22:57:13 |WARN  |❌ WETH/USDC ignored: Not profitable enough (Net $-0.1017)
2026-02-17 22:57:13 |INFO  |Tick: No signals generated (spreads too tight or API error)
2026-02-17 22:57:15 |INFO  |pair:WETH/USDC
2026-02-17 22:57:15 |INFO  |Generatiing signal for WETH/USDC...
2026-02-17 22:57:15 |INFO  |WETH/USDC Prices | CEX: 1982.05 | DEX: 2001.1538385491835
2026-02-17 22:57:15 |INFO  |📊 WETH/USDC Spreads | BuyCex->SellDex: 35.63 bps | BuyDex->SellCex: -95.51 bps | Min Required: 10.00
2026-02-17 22:57:15 |INFO  |💰 WETH/USDC Potential PnL: Gross $0.0141 - Fees $0.1159 = Net $-0.1017 (Min: $0.1000)
2026-02-17 22:57:15 |WARN  |❌ WETH/USDC ignored: Not profitable enough (Net $-0.1017)
2026-02-17 22:57:15 |INFO  |Tick: No signals generated (spreads too tight or API error)
2026-02-17 22:57:17 |INFO  |pair:WETH/USDC
2026-02-17 22:57:17 |INFO  |Generatiing signal for WETH/USDC...
2026-02-17 22:57:18 |INFO  |WETH/USDC Prices | CEX: 1981.72 | DEX: 2001.1538340994298
2026-02-17 22:57:18 |INFO  |📊 WETH/USDC Spreads | BuyCex->SellDex: 37.30 bps | BuyDex->SellCex: -97.16 bps | Min Required: 10.00
2026-02-17 22:57:18 |INFO  |💰 WETH/USDC Potential PnL: Gross $0.0148 - Fees $0.1159 = Net $-0.1011 (Min: $0.1000)
2026-02-17 22:57:18 |WARN  |❌ WETH/USDC ignored: Not profitable enough (Net $-0.1011)
2026-02-17 22:57:18 |INFO  |Tick: No signals generated (spreads too tight or API error)
2026-02-17 22:57:20 |INFO  |pair:WETH/USDC
2026-02-17 22:57:20 |INFO  |Generatiing signal for WETH/USDC...
2026-02-17 22:57:20 |INFO  |WETH/USDC Prices | CEX: 1981.69 | DEX: 2001.1538336949066
2026-02-17 22:57:20 |INFO  |📊 WETH/USDC Spreads | BuyCex->SellDex: 37.45 bps | BuyDex->SellCex: -97.31 bps | Min Required: 10.00
2026-02-17 22:57:20 |INFO  |💰 WETH/USDC Potential PnL: Gross $0.0148 - Fees $0.1159 = Net $-0.1010 (Min: $0.1000)
2026-02-17 22:57:20 |WARN  |❌ WETH/USDC ignored: Not profitable enough (Net $-0.1010)
2026-02-17 22:57:20 |INFO  |Tick: No signals generated (spreads too tight or API error)
2026-02-17 22:57:22 |INFO  |pair:WETH/USDC
2026-02-17 22:57:22 |INFO  |Generatiing signal for WETH/USDC...
2026-02-17 22:57:22 |INFO  |WETH/USDC Prices | CEX: 1981.69 | DEX: 2001.1538336949066
2026-02-17 22:57:22 |INFO  |📊 WETH/USDC Spreads | BuyCex->SellDex: 37.45 bps | BuyDex->SellCex: -97.31 bps | Min Required: 10.00
2026-02-17 22:57:22 |INFO  |💰 WETH/USDC Potential PnL: Gross $0.0148 - Fees $0.1159 = Net $-0.1010 (Min: $0.1000)
2026-02-17 22:57:22 |WARN  |❌ WETH/USDC ignored: Not profitable enough (Net $-0.1010)
2026-02-17 22:57:22 |INFO  |Tick: No signals generated (spreads too tight or API error)
2026-02-17 22:57:24 |INFO  |pair:WETH/USDC
2026-02-17 22:57:24 |INFO  |Generatiing signal for WETH/USDC...
2026-02-17 22:57:24 |INFO  |WETH/USDC Prices | CEX: 1981.69 | DEX: 2001.1538336949066
2026-02-17 22:57:24 |INFO  |📊 WETH/USDC Spreads | BuyCex->SellDex: 37.45 bps | BuyDex->SellCex: -97.31 bps | Min Required: 10.00
2026-02-17 22:57:24 |INFO  |💰 WETH/USDC Potential PnL: Gross $0.0148 - Fees $0.1159 = Net $-0.1010 (Min: $0.1000)
2026-02-17 22:57:24 |WARN  |❌ WETH/USDC ignored: Not profitable enough (Net $-0.1010)
2026-02-17 22:57:24 |INFO  |Tick: No signals generated (spreads too tight or API error)
2026-02-17 22:57:27 |INFO  |pair:WETH/USDC
2026-02-17 22:57:27 |INFO  |Generatiing signal for WETH/USDC...
2026-02-17 22:57:28 |INFO  |WETH/USDC Prices | CEX: 1981.69 | DEX: 2001.1538336949066
2026-02-17 22:57:28 |INFO  |📊 WETH/USDC Spreads | BuyCex->SellDex: 37.45 bps | BuyDex->SellCex: -97.31 bps | Min Required: 10.00
2026-02-17 22:57:28 |INFO  |💰 WETH/USDC Potential PnL: Gross $0.0148 - Fees $0.1159 = Net $-0.1010 (Min: $0.1000)
2026-02-17 22:57:28 |WARN  |❌ WETH/USDC ignored: Not profitable enough (Net $-0.1010)
2026-02-17 22:57:28 |INFO  |Tick: No signals generated (spreads too tight or API error)
2026-02-17 22:57:30 |INFO  |pair:WETH/USDC
2026-02-17 22:57:30 |INFO  |Generatiing signal for WETH/USDC...
2026-02-17 22:57:31 |INFO  |WETH/USDC Prices | CEX: 1981.69 | DEX: 2001.1538336949066
2026-02-17 22:57:31 |INFO  |📊 WETH/USDC Spreads | BuyCex->SellDex: 37.45 bps | BuyDex->SellCex: -97.31 bps | Min Required: 10.00
2026-02-17 22:57:31 |INFO  |💰 WETH/USDC Potential PnL: Gross $0.0148 - Fees $0.1159 = Net $-0.1010 (Min: $0.1000)
2026-02-17 22:57:31 |WARN  |❌ WETH/USDC ignored: Not profitable enough (Net $-0.1010)
2026-02-17 22:57:31 |INFO  |Tick: No signals generated (spreads too tight or API error)
2026-02-17 22:57:33 |INFO  |pair:WETH/USDC
2026-02-17 22:57:33 |INFO  |Generatiing signal for WETH/USDC...
2026-02-17 22:57:33 |INFO  |WETH/USDC Prices | CEX: 1981.92 | DEX: 2001.15383679625
2026-02-17 22:57:33 |INFO  |📊 WETH/USDC Spreads | BuyCex->SellDex: 36.29 bps | BuyDex->SellCex: -96.16 bps | Min Required: 10.00
2026-02-17 22:57:33 |INFO  |💰 WETH/USDC Potential PnL: Gross $0.0144 - Fees $0.1159 = Net $-0.1015 (Min: $0.1000)
2026-02-17 22:57:33 |WARN  |❌ WETH/USDC ignored: Not profitable enough (Net $-0.1015)
2026-02-17 22:57:33 |INFO  |Tick: No signals generated (spreads too tight or API error)
2026-02-17 22:57:35 |INFO  |pair:WETH/USDC
2026-02-17 22:57:35 |INFO  |Generatiing signal for WETH/USDC...
2026-02-17 22:57:36 |INFO  |WETH/USDC Prices | CEX: 1982 | DEX: 2001.1538378749785
2026-02-17 22:57:36 |INFO  |📊 WETH/USDC Spreads | BuyCex->SellDex: 35.88 bps | BuyDex->SellCex: -95.76 bps | Min Required: 10.00
2026-02-17 22:57:36 |INFO  |💰 WETH/USDC Potential PnL: Gross $0.0142 - Fees $0.1159 = Net $-0.1016 (Min: $0.1000)
2026-02-17 22:57:36 |WARN  |❌ WETH/USDC ignored: Not profitable enough (Net $-0.1016)
2026-02-17 22:57:36 |INFO  |Tick: No signals generated (spreads too tight or API error)
2026-02-17 22:57:38 |INFO  |pair:WETH/USDC
2026-02-17 22:57:38 |INFO  |Generatiing signal for WETH/USDC...
2026-02-17 22:57:39 |INFO  |WETH/USDC Prices | CEX: 1981.92 | DEX: 2001.15383679625
2026-02-17 22:57:39 |INFO  |📊 WETH/USDC Spreads | BuyCex->SellDex: 36.29 bps | BuyDex->SellCex: -96.16 bps | Min Required: 10.00
2026-02-17 22:57:39 |INFO  |💰 WETH/USDC Potential PnL: Gross $0.0144 - Fees $0.1159 = Net $-0.1015 (Min: $0.1000)
2026-02-17 22:57:39 |WARN  |❌ WETH/USDC ignored: Not profitable enough (Net $-0.1015)
2026-02-17 22:57:39 |INFO  |Tick: No signals generated (spreads too tight or API error)
2026-02-17 22:57:42 |INFO  |pair:WETH/USDC
2026-02-17 22:57:42 |INFO  |Generatiing signal for WETH/USDC...
2026-02-17 22:57:42 |INFO  |WETH/USDC Prices | CEX: 1981.92 | DEX: 2001.15383679625
2026-02-17 22:57:42 |INFO  |📊 WETH/USDC Spreads | BuyCex->SellDex: 36.29 bps | BuyDex->SellCex: -96.16 bps | Min Required: 10.00
2026-02-17 22:57:42 |INFO  |💰 WETH/USDC Potential PnL: Gross $0.0144 - Fees $0.1159 = Net $-0.1015 (Min: $0.1000)
2026-02-17 22:57:42 |WARN  |❌ WETH/USDC ignored: Not profitable enough (Net $-0.1015)
2026-02-17 22:57:42 |INFO  |Tick: No signals generated (spreads too tight or API error)
2026-02-17 22:57:44 |INFO  |pair:WETH/USDC
2026-02-17 22:57:44 |INFO  |Generatiing signal for WETH/USDC...
2026-02-17 22:57:44 |INFO  |WETH/USDC Prices | CEX: 1981.79 | DEX: 2001.1538350433173
2026-02-17 22:57:44 |INFO  |📊 WETH/USDC Spreads | BuyCex->SellDex: 36.94 bps | BuyDex->SellCex: -96.81 bps | Min Required: 10.00
2026-02-17 22:57:44 |INFO  |💰 WETH/USDC Potential PnL: Gross $0.0146 - Fees $0.1159 = Net $-0.1012 (Min: $0.1000)
2026-02-17 22:57:44 |WARN  |❌ WETH/USDC ignored: Not profitable enough (Net $-0.1012)
2026-02-17 22:57:44 |INFO  |Tick: No signals generated (spreads too tight or API error)
2026-02-17 22:57:47 |INFO  |pair:WETH/USDC
2026-02-17 22:57:47 |INFO  |Generatiing signal for WETH/USDC...
2026-02-17 22:57:47 |INFO  |WETH/USDC Prices | CEX: 1981.79 | DEX: 2001.1538350433173
2026-02-17 22:57:47 |INFO  |📊 WETH/USDC Spreads | BuyCex->SellDex: 36.94 bps | BuyDex->SellCex: -96.81 bps | Min Required: 10.00
2026-02-17 22:57:47 |INFO  |💰 WETH/USDC Potential PnL: Gross $0.0146 - Fees $0.1159 = Net $-0.1012 (Min: $0.1000)
2026-02-17 22:57:47 |WARN  |❌ WETH/USDC ignored: Not profitable enough (Net $-0.1012)
2026-02-17 22:57:47 |INFO  |Tick: No signals generated (spreads too tight or API error)
2026-02-17 22:57:49 |INFO  |pair:WETH/USDC
2026-02-17 22:57:49 |INFO  |Generatiing signal for WETH/USDC...
2026-02-17 22:57:50 |INFO  |WETH/USDC Prices | CEX: 1981.79 | DEX: 2001.1538350433173
2026-02-17 22:57:50 |INFO  |📊 WETH/USDC Spreads | BuyCex->SellDex: 36.94 bps | BuyDex->SellCex: -96.81 bps | Min Required: 10.00
2026-02-17 22:57:50 |INFO  |💰 WETH/USDC Potential PnL: Gross $0.0146 - Fees $0.1159 = Net $-0.1012 (Min: $0.1000)
2026-02-17 22:57:50 |WARN  |❌ WETH/USDC ignored: Not profitable enough (Net $-0.1012)
2026-02-17 22:57:50 |INFO  |Tick: No signals generated (spreads too tight or API error)
2026-02-17 22:57:52 |INFO  |pair:WETH/USDC
2026-02-17 22:57:52 |INFO  |Generatiing signal for WETH/USDC...
2026-02-17 22:57:52 |INFO  |WETH/USDC Prices | CEX: 1981.79 | DEX: 2001.1538350433173
2026-02-17 22:57:52 |INFO  |📊 WETH/USDC Spreads | BuyCex->SellDex: 36.94 bps | BuyDex->SellCex: -96.81 bps | Min Required: 10.00
2026-02-17 22:57:52 |INFO  |💰 WETH/USDC Potential PnL: Gross $0.0146 - Fees $0.1159 = Net $-0.1012 (Min: $0.1000)
2026-02-17 22:57:52 |WARN  |❌ WETH/USDC ignored: Not profitable enough (Net $-0.1012)
2026-02-17 22:57:52 |INFO  |Tick: No signals generated (spreads too tight or API error)
2026-02-17 22:57:54 |INFO  |pair:WETH/USDC
2026-02-17 22:57:54 |INFO  |Generatiing signal for WETH/USDC...
2026-02-17 22:57:55 |INFO  |WETH/USDC Prices | CEX: 1981.79 | DEX: 2001.1538350433173
2026-02-17 22:57:55 |INFO  |📊 WETH/USDC Spreads | BuyCex->SellDex: 36.94 bps | BuyDex->SellCex: -96.81 bps | Min Required: 10.00
2026-02-17 22:57:55 |INFO  |💰 WETH/USDC Potential PnL: Gross $0.0146 - Fees $0.1159 = Net $-0.1012 (Min: $0.1000)
2026-02-17 22:57:55 |WARN  |❌ WETH/USDC ignored: Not profitable enough (Net $-0.1012)
2026-02-17 22:57:55 |INFO  |Tick: No signals generated (spreads too tight or API error)
2026-02-17 22:57:57 |INFO  |pair:WETH/USDC
2026-02-17 22:57:57 |INFO  |Generatiing signal for WETH/USDC...
2026-02-17 22:57:57 |INFO  |WETH/USDC Prices | CEX: 1981.99 | DEX: 2001.1538377401378
2026-02-17 22:57:57 |INFO  |📊 WETH/USDC Spreads | BuyCex->SellDex: 35.93 bps | BuyDex->SellCex: -95.81 bps | Min Required: 10.00
2026-02-17 22:57:57 |INFO  |💰 WETH/USDC Potential PnL: Gross $0.0142 - Fees $0.1159 = Net $-0.1016 (Min: $0.1000)
2026-02-17 22:57:57 |WARN  |❌ WETH/USDC ignored: Not profitable enough (Net $-0.1016)
2026-02-17 22:57:57 |INFO  |Tick: No signals generated (spreads too tight or API error)
2026-02-17 22:57:59 |INFO  |pair:WETH/USDC
2026-02-17 22:57:59 |INFO  |Generatiing signal for WETH/USDC...
2026-02-17 22:58:00 |INFO  |WETH/USDC Prices | CEX: 1982.08 | DEX: 2001.153838946965
2026-02-17 22:58:00 |INFO  |📊 WETH/USDC Spreads | BuyCex->SellDex: 35.48 bps | BuyDex->SellCex: -95.36 bps | Min Required: 10.00
2026-02-17 22:58:00 |INFO  |💰 WETH/USDC Potential PnL: Gross $0.0141 - Fees $0.1159 = Net $-0.1018 (Min: $0.1000)
2026-02-17 22:58:00 |WARN  |❌ WETH/USDC ignored: Not profitable enough (Net $-0.1018)
2026-02-17 22:58:00 |INFO  |Tick: No signals generated (spreads too tight or API error)
2026-02-17 22:58:02 |INFO  |pair:WETH/USDC
2026-02-17 22:58:02 |INFO  |Generatiing signal for WETH/USDC...
2026-02-17 22:58:02 |INFO  |WETH/USDC Prices | CEX: 1981.97 | DEX: 2001.1538374704555
2026-02-17 22:58:02 |INFO  |📊 WETH/USDC Spreads | BuyCex->SellDex: 36.03 bps | BuyDex->SellCex: -95.91 bps | Min Required: 10.00
2026-02-17 22:58:02 |INFO  |💰 WETH/USDC Potential PnL: Gross $0.0143 - Fees $0.1159 = Net $-0.1016 (Min: $0.1000)
2026-02-17 22:58:02 |WARN  |❌ WETH/USDC ignored: Not profitable enough (Net $-0.1016)
2026-02-17 22:58:02 |INFO  |Tick: No signals generated (spreads too tight or API error)
2026-02-17 22:58:05 |INFO  |pair:WETH/USDC
2026-02-17 22:58:05 |INFO  |Generatiing signal for WETH/USDC...
2026-02-17 22:58:05 |INFO  |WETH/USDC Prices | CEX: 1982.17 | DEX: 2001.153840167276
2026-02-17 22:58:05 |INFO  |📊 WETH/USDC Spreads | BuyCex->SellDex: 35.02 bps | BuyDex->SellCex: -94.91 bps | Min Required: 10.00
2026-02-17 22:58:05 |INFO  |💰 WETH/USDC Potential PnL: Gross $0.0139 - Fees $0.1159 = Net $-0.1020 (Min: $0.1000)
2026-02-17 22:58:05 |WARN  |❌ WETH/USDC ignored: Not profitable enough (Net $-0.1020)
2026-02-17 22:58:05 |INFO  |Tick: No signals generated (spreads too tight or API error)
2026-02-17 22:58:07 |INFO  |pair:WETH/USDC
2026-02-17 22:58:07 |INFO  |Generatiing signal for WETH/USDC...
2026-02-17 22:58:07 |INFO  |WETH/USDC Prices | CEX: 1981.97 | DEX: 2001.1538374704555
2026-02-17 22:58:07 |INFO  |📊 WETH/USDC Spreads | BuyCex->SellDex: 36.03 bps | BuyDex->SellCex: -95.91 bps | Min Required: 10.00
2026-02-17 22:58:07 |INFO  |💰 WETH/USDC Potential PnL: Gross $0.0143 - Fees $0.1159 = Net $-0.1016 (Min: $0.1000)
2026-02-17 22:58:07 |WARN  |❌ WETH/USDC ignored: Not profitable enough (Net $-0.1016)
2026-02-17 22:58:07 |INFO  |Tick: No signals generated (spreads too tight or API error)
2026-02-17 22:58:09 |INFO  |pair:WETH/USDC
2026-02-17 22:58:09 |INFO  |Generatiing signal for WETH/USDC...
2026-02-17 22:58:10 |INFO  |WETH/USDC Prices | CEX: 1981.97 | DEX: 2001.1538374704555
2026-02-17 22:58:10 |INFO  |📊 WETH/USDC Spreads | BuyCex->SellDex: 36.03 bps | BuyDex->SellCex: -95.91 bps | Min Required: 10.00
2026-02-17 22:58:10 |INFO  |💰 WETH/USDC Potential PnL: Gross $0.0143 - Fees $0.1159 = Net $-0.1016 (Min: $0.1000)
2026-02-17 22:58:10 |WARN  |❌ WETH/USDC ignored: Not profitable enough (Net $-0.1016)
2026-02-17 22:58:10 |INFO  |Tick: No signals generated (spreads too tight or API error)
2026-02-17 22:58:11 |INFO  |HEALTH | uptime=860s | last_trade=Nones | cb_open=false | pnl=$0.00 | limit_reached=false
2026-02-17 22:58:12 |INFO  |pair:WETH/USDC
2026-02-17 22:58:12 |INFO  |Generatiing signal for WETH/USDC...
2026-02-17 22:58:12 |INFO  |WETH/USDC Prices | CEX: 1981.95 | DEX: 2001.1538372007733
2026-02-17 22:58:12 |INFO  |📊 WETH/USDC Spreads | BuyCex->SellDex: 36.13 bps | BuyDex->SellCex: -96.21 bps | Min Required: 10.00
2026-02-17 22:58:12 |INFO  |💰 WETH/USDC Potential PnL: Gross $0.0143 - Fees $0.1159 = Net $-0.1015 (Min: $0.1000)
2026-02-17 22:58:12 |WARN  |❌ WETH/USDC ignored: Not profitable enough (Net $-0.1015)
2026-02-17 22:58:12 |INFO  |Tick: No signals generated (spreads too tight or API error)
2026-02-17 22:58:14 |INFO  |pair:WETH/USDC
2026-02-17 22:58:14 |INFO  |Generatiing signal for WETH/USDC...
2026-02-17 22:58:14 |INFO  |WETH/USDC Prices | CEX: 1981.31 | DEX: 2001.1538285642048
2026-02-17 22:58:14 |INFO  |📊 WETH/USDC Spreads | BuyCex->SellDex: 39.38 bps | BuyDex->SellCex: -99.21 bps | Min Required: 10.00
2026-02-17 22:58:14 |INFO  |💰 WETH/USDC Potential PnL: Gross $0.0156 - Fees $0.1159 = Net $-0.1002 (Min: $0.1000)
2026-02-17 22:58:14 |WARN  |❌ WETH/USDC ignored: Not profitable enough (Net $-0.1002)
2026-02-17 22:58:14 |INFO  |Tick: No signals generated (spreads too tight or API error)
2026-02-17 22:58:16 |INFO  |pair:WETH/USDC
2026-02-17 22:58:16 |INFO  |Generatiing signal for WETH/USDC...
2026-02-17 22:58:16 |INFO  |WETH/USDC Prices | CEX: 1981.31 | DEX: 2001.1538285642048
2026-02-17 22:58:16 |INFO  |📊 WETH/USDC Spreads | BuyCex->SellDex: 39.38 bps | BuyDex->SellCex: -99.21 bps | Min Required: 10.00
2026-02-17 22:58:16 |INFO  |💰 WETH/USDC Potential PnL: Gross $0.0156 - Fees $0.1159 = Net $-0.1002 (Min: $0.1000)
2026-02-17 22:58:16 |WARN  |❌ WETH/USDC ignored: Not profitable enough (Net $-0.1002)
2026-02-17 22:58:16 |INFO  |Tick: No signals generated (spreads too tight or API error)
2026-02-17 22:58:18 |INFO  |pair:WETH/USDC
2026-02-17 22:58:18 |INFO  |Generatiing signal for WETH/USDC...
2026-02-17 22:58:19 |INFO  |WETH/USDC Prices | CEX: 1981.31 | DEX: 2001.1538285642048
2026-02-17 22:58:19 |INFO  |📊 WETH/USDC Spreads | BuyCex->SellDex: 39.38 bps | BuyDex->SellCex: -99.21 bps | Min Required: 10.00
2026-02-17 22:58:19 |INFO  |💰 WETH/USDC Potential PnL: Gross $0.0156 - Fees $0.1159 = Net $-0.1002 (Min: $0.1000)
2026-02-17 22:58:19 |WARN  |❌ WETH/USDC ignored: Not profitable enough (Net $-0.1002)
2026-02-17 22:58:19 |INFO  |Tick: No signals generated (spreads too tight or API error)
2026-02-17 22:58:21 |INFO  |pair:WETH/USDC
2026-02-17 22:58:21 |INFO  |Generatiing signal for WETH/USDC...
2026-02-17 22:58:21 |INFO  |WETH/USDC Prices | CEX: 1981.31 | DEX: 2001.1538285642048
2026-02-17 22:58:21 |INFO  |📊 WETH/USDC Spreads | BuyCex->SellDex: 39.38 bps | BuyDex->SellCex: -99.21 bps | Min Required: 10.00
2026-02-17 22:58:21 |INFO  |💰 WETH/USDC Potential PnL: Gross $0.0156 - Fees $0.1159 = Net $-0.1002 (Min: $0.1000)
2026-02-17 22:58:21 |WARN  |❌ WETH/USDC ignored: Not profitable enough (Net $-0.1002)
2026-02-17 22:58:21 |INFO  |Tick: No signals generated (spreads too tight or API error)
2026-02-17 22:58:23 |INFO  |pair:WETH/USDC
2026-02-17 22:58:23 |INFO  |Generatiing signal for WETH/USDC...
2026-02-17 22:58:23 |INFO  |WETH/USDC Prices | CEX: 1981.31 | DEX: 2001.1538285642048
2026-02-17 22:58:23 |INFO  |📊 WETH/USDC Spreads | BuyCex->SellDex: 39.38 bps | BuyDex->SellCex: -99.21 bps | Min Required: 10.00
2026-02-17 22:58:23 |INFO  |💰 WETH/USDC Potential PnL: Gross $0.0156 - Fees $0.1159 = Net $-0.1002 (Min: $0.1000)
2026-02-17 22:58:23 |WARN  |❌ WETH/USDC ignored: Not profitable enough (Net $-0.1002)
2026-02-17 22:58:23 |INFO  |Tick: No signals generated (spreads too tight or API error)
2026-02-17 22:58:25 |INFO  |pair:WETH/USDC
2026-02-17 22:58:25 |INFO  |Generatiing signal for WETH/USDC...
2026-02-17 22:58:26 |INFO  |WETH/USDC Prices | CEX: 1981.29 | DEX: 2001.1538283012644
2026-02-17 22:58:26 |INFO  |📊 WETH/USDC Spreads | BuyCex->SellDex: 39.48 bps | BuyDex->SellCex: -99.31 bps | Min Required: 10.00
2026-02-17 22:58:26 |INFO  |💰 WETH/USDC Potential PnL: Gross $0.0156 - Fees $0.1159 = Net $-0.1002 (Min: $0.1000)
2026-02-17 22:58:26 |WARN  |❌ WETH/USDC ignored: Not profitable enough (Net $-0.1002)
2026-02-17 22:58:26 |INFO  |Tick: No signals generated (spreads too tight or API error)
2026-02-17 22:58:28 |INFO  |pair:WETH/USDC
2026-02-17 22:58:28 |INFO  |Generatiing signal for WETH/USDC...
2026-02-17 22:58:28 |INFO  |WETH/USDC Prices | CEX: 1981.29 | DEX: 2001.1538283012644
2026-02-17 22:58:28 |INFO  |📊 WETH/USDC Spreads | BuyCex->SellDex: 39.48 bps | BuyDex->SellCex: -99.31 bps | Min Required: 10.00
2026-02-17 22:58:28 |INFO  |💰 WETH/USDC Potential PnL: Gross $0.0156 - Fees $0.1159 = Net $-0.1002 (Min: $0.1000)
2026-02-17 22:58:28 |WARN  |❌ WETH/USDC ignored: Not profitable enough (Net $-0.1002)
2026-02-17 22:58:28 |INFO  |Tick: No signals generated (spreads too tight or API error)
2026-02-17 22:58:31 |INFO  |pair:WETH/USDC
2026-02-17 22:58:31 |INFO  |Generatiing signal for WETH/USDC...
2026-02-17 22:58:31 |INFO  |WETH/USDC Prices | CEX: 1981.76 | DEX: 2001.1538346387943
2026-02-17 22:58:31 |INFO  |📊 WETH/USDC Spreads | BuyCex->SellDex: 37.10 bps | BuyDex->SellCex: -96.96 bps | Min Required: 10.00
2026-02-17 22:58:31 |INFO  |💰 WETH/USDC Potential PnL: Gross $0.0147 - Fees $0.1159 = Net $-0.1012 (Min: $0.1000)
2026-02-17 22:58:31 |WARN  |❌ WETH/USDC ignored: Not profitable enough (Net $-0.1012)
2026-02-17 22:58:31 |INFO  |Tick: No signals generated (spreads too tight or API error)
2026-02-17 22:58:33 |INFO  |pair:WETH/USDC
2026-02-17 22:58:33 |INFO  |Generatiing signal for WETH/USDC...
2026-02-17 22:58:34 |INFO  |WETH/USDC Prices | CEX: 1981.35 | DEX: 2001.153829110311
2026-02-17 22:58:34 |INFO  |📊 WETH/USDC Spreads | BuyCex->SellDex: 39.17 bps | BuyDex->SellCex: -99.21 bps | Min Required: 10.00
2026-02-17 22:58:34 |INFO  |💰 WETH/USDC Potential PnL: Gross $0.0155 - Fees $0.1159 = Net $-0.1003 (Min: $0.1000)
2026-02-17 22:58:34 |WARN  |❌ WETH/USDC ignored: Not profitable enough (Net $-0.1003)
2026-02-17 22:58:34 |INFO  |Tick: No signals generated (spreads too tight or API error)
2026-02-17 22:58:36 |INFO  |pair:WETH/USDC
2026-02-17 22:58:36 |INFO  |Generatiing signal for WETH/USDC...
2026-02-17 22:58:36 |INFO  |WETH/USDC Prices | CEX: 1981.68 | DEX: 2001.1538335600653
2026-02-17 22:58:36 |INFO  |📊 WETH/USDC Spreads | BuyCex->SellDex: 37.50 bps | BuyDex->SellCex: -97.36 bps | Min Required: 10.00
2026-02-17 22:58:36 |INFO  |💰 WETH/USDC Potential PnL: Gross $0.0149 - Fees $0.1159 = Net $-0.1010 (Min: $0.1000)
2026-02-17 22:58:36 |WARN  |❌ WETH/USDC ignored: Not profitable enough (Net $-0.1010)
2026-02-17 22:58:36 |INFO  |Tick: No signals generated (spreads too tight or API error)
2026-02-17 22:58:38 |INFO  |pair:WETH/USDC
2026-02-17 22:58:38 |INFO  |Generatiing signal for WETH/USDC...
2026-02-17 22:58:39 |INFO  |WETH/USDC Prices | CEX: 1981.68 | DEX: 2001.1538335600653
2026-02-17 22:58:39 |INFO  |📊 WETH/USDC Spreads | BuyCex->SellDex: 37.50 bps | BuyDex->SellCex: -97.36 bps | Min Required: 10.00
2026-02-17 22:58:39 |INFO  |💰 WETH/USDC Potential PnL: Gross $0.0149 - Fees $0.1159 = Net $-0.1010 (Min: $0.1000)
2026-02-17 22:58:39 |WARN  |❌ WETH/USDC ignored: Not profitable enough (Net $-0.1010)
2026-02-17 22:58:39 |INFO  |Tick: No signals generated (spreads too tight or API error)
2026-02-17 22:58:41 |INFO  |pair:WETH/USDC
2026-02-17 22:58:41 |INFO  |Generatiing signal for WETH/USDC...
2026-02-17 22:58:41 |INFO  |WETH/USDC Prices | CEX: 1981.68 | DEX: 2001.1538335600653
2026-02-17 22:58:41 |INFO  |📊 WETH/USDC Spreads | BuyCex->SellDex: 37.50 bps | BuyDex->SellCex: -97.36 bps | Min Required: 10.00
2026-02-17 22:58:41 |INFO  |💰 WETH/USDC Potential PnL: Gross $0.0149 - Fees $0.1159 = Net $-0.1010 (Min: $0.1000)
2026-02-17 22:58:41 |WARN  |❌ WETH/USDC ignored: Not profitable enough (Net $-0.1010)
2026-02-17 22:58:41 |INFO  |Tick: No signals generated (spreads too tight or API error)
2026-02-17 22:58:43 |INFO  |pair:WETH/USDC
2026-02-17 22:58:43 |INFO  |Generatiing signal for WETH/USDC...
2026-02-17 22:58:44 |INFO  |WETH/USDC Prices | CEX: 1981.68 | DEX: 2001.1538335600653
2026-02-17 22:58:44 |INFO  |📊 WETH/USDC Spreads | BuyCex->SellDex: 37.50 bps | BuyDex->SellCex: -97.36 bps | Min Required: 10.00
2026-02-17 22:58:44 |INFO  |💰 WETH/USDC Potential PnL: Gross $0.0149 - Fees $0.1159 = Net $-0.1010 (Min: $0.1000)
2026-02-17 22:58:44 |WARN  |❌ WETH/USDC ignored: Not profitable enough (Net $-0.1010)
2026-02-17 22:58:44 |INFO  |Tick: No signals generated (spreads too tight or API error)
2026-02-17 22:58:46 |INFO  |pair:WETH/USDC
2026-02-17 22:58:46 |INFO  |Generatiing signal for WETH/USDC...
2026-02-17 22:58:46 |INFO  |WETH/USDC Prices | CEX: 1981.68 | DEX: 2001.1538335600653
2026-02-17 22:58:46 |INFO  |📊 WETH/USDC Spreads | BuyCex->SellDex: 37.50 bps | BuyDex->SellCex: -97.36 bps | Min Required: 10.00
2026-02-17 22:58:46 |INFO  |💰 WETH/USDC Potential PnL: Gross $0.0149 - Fees $0.1159 = Net $-0.1010 (Min: $0.1000)
2026-02-17 22:58:46 |WARN  |❌ WETH/USDC ignored: Not profitable enough (Net $-0.1010)
2026-02-17 22:58:46 |INFO  |Tick: No signals generated (spreads too tight or API error)
2026-02-17 22:58:48 |INFO  |pair:WETH/USDC
2026-02-17 22:58:48 |INFO  |Generatiing signal for WETH/USDC...
2026-02-17 22:58:49 |INFO  |WETH/USDC Prices | CEX: 1981.21 | DEX: 2001.1538272157945
2026-02-17 22:58:49 |INFO  |📊 WETH/USDC Spreads | BuyCex->SellDex: 39.88 bps | BuyDex->SellCex: -99.71 bps | Min Required: 10.00
2026-02-17 22:58:49 |INFO  |💰 WETH/USDC Potential PnL: Gross $0.0158 - Fees $0.1158 = Net $-0.1000 (Min: $0.1000)
2026-02-17 22:58:49 |WARN  |❌ WETH/USDC ignored: Not profitable enough (Net $-0.1000)
2026-02-17 22:58:49 |INFO  |Tick: No signals generated (spreads too tight or API error)
2026-02-17 22:58:50 |INFO  |pair:WETH/USDC
2026-02-17 22:58:50 |INFO  |Generatiing signal for WETH/USDC...
2026-02-17 22:58:51 |INFO  |WETH/USDC Prices | CEX: 1981.21 | DEX: 2001.1538272157945
2026-02-17 22:58:51 |INFO  |📊 WETH/USDC Spreads | BuyCex->SellDex: 39.88 bps | BuyDex->SellCex: -99.71 bps | Min Required: 10.00
2026-02-17 22:58:51 |INFO  |💰 WETH/USDC Potential PnL: Gross $0.0158 - Fees $0.1158 = Net $-0.1000 (Min: $0.1000)
2026-02-17 22:58:51 |WARN  |❌ WETH/USDC ignored: Not profitable enough (Net $-0.1000)
2026-02-17 22:58:51 |INFO  |Tick: No signals generated (spreads too tight or API error)
2026-02-17 22:58:53 |INFO  |pair:WETH/USDC
2026-02-17 22:58:53 |INFO  |Generatiing signal for WETH/USDC...
2026-02-17 22:58:53 |INFO  |WETH/USDC Prices | CEX: 1981.21 | DEX: 2001.1538272157945
2026-02-17 22:58:53 |INFO  |📊 WETH/USDC Spreads | BuyCex->SellDex: 39.88 bps | BuyDex->SellCex: -99.71 bps | Min Required: 10.00
2026-02-17 22:58:53 |INFO  |💰 WETH/USDC Potential PnL: Gross $0.0158 - Fees $0.1158 = Net $-0.1000 (Min: $0.1000)
2026-02-17 22:58:53 |WARN  |❌ WETH/USDC ignored: Not profitable enough (Net $-0.1000)
2026-02-17 22:58:53 |INFO  |Tick: No signals generated (spreads too tight or API error)
2026-02-17 22:58:55 |INFO  |pair:WETH/USDC
2026-02-17 22:58:55 |INFO  |Generatiing signal for WETH/USDC...
2026-02-17 22:58:56 |INFO  |WETH/USDC Prices | CEX: 1981.44 | DEX: 2001.1538303238808
2026-02-17 22:58:56 |INFO  |📊 WETH/USDC Spreads | BuyCex->SellDex: 38.72 bps | BuyDex->SellCex: -98.56 bps | Min Required: 10.00
2026-02-17 22:58:56 |INFO  |💰 WETH/USDC Potential PnL: Gross $0.0153 - Fees $0.1159 = Net $-0.1005 (Min: $0.1000)
2026-02-17 22:58:56 |WARN  |❌ WETH/USDC ignored: Not profitable enough (Net $-0.1005)
2026-02-17 22:58:56 |INFO  |Tick: No signals generated (spreads too tight or API error)
2026-02-17 22:58:58 |INFO  |pair:WETH/USDC
2026-02-17 22:58:58 |INFO  |Generatiing signal for WETH/USDC...
2026-02-17 22:58:58 |INFO  |WETH/USDC Prices | CEX: 1981.52 | DEX: 2001.1538314026093
2026-02-17 22:58:58 |INFO  |📊 WETH/USDC Spreads | BuyCex->SellDex: 38.31 bps | BuyDex->SellCex: -98.16 bps | Min Required: 10.00
2026-02-17 22:58:58 |INFO  |💰 WETH/USDC Potential PnL: Gross $0.0152 - Fees $0.1159 = Net $-0.1007 (Min: $0.1000)
2026-02-17 22:58:58 |WARN  |❌ WETH/USDC ignored: Not profitable enough (Net $-0.1007)
2026-02-17 22:58:58 |INFO  |Tick: No signals generated (spreads too tight or API error)
2026-02-17 22:59:00 |INFO  |pair:WETH/USDC
2026-02-17 22:59:00 |INFO  |Generatiing signal for WETH/USDC...
2026-02-17 22:59:00 |INFO  |WETH/USDC Prices | CEX: 1981.52 | DEX: 2001.1538314026093
2026-02-17 22:59:00 |INFO  |📊 WETH/USDC Spreads | BuyCex->SellDex: 38.31 bps | BuyDex->SellCex: -98.16 bps | Min Required: 10.00
2026-02-17 22:59:00 |INFO  |💰 WETH/USDC Potential PnL: Gross $0.0152 - Fees $0.1159 = Net $-0.1007 (Min: $0.1000)
2026-02-17 22:59:00 |WARN  |❌ WETH/USDC ignored: Not profitable enough (Net $-0.1007)
2026-02-17 22:59:00 |INFO  |Tick: No signals generated (spreads too tight or API error)
2026-02-17 22:59:02 |INFO  |pair:WETH/USDC
2026-02-17 22:59:02 |INFO  |Generatiing signal for WETH/USDC...
2026-02-17 22:59:03 |INFO  |WETH/USDC Prices | CEX: 1981.21 | DEX: 2001.1538272157945
2026-02-17 22:59:03 |INFO  |📊 WETH/USDC Spreads | BuyCex->SellDex: 39.88 bps | BuyDex->SellCex: -99.71 bps | Min Required: 10.00
2026-02-17 22:59:03 |INFO  |💰 WETH/USDC Potential PnL: Gross $0.0158 - Fees $0.1158 = Net $-0.1000 (Min: $0.1000)
2026-02-17 22:59:03 |WARN  |❌ WETH/USDC ignored: Not profitable enough (Net $-0.1000)
2026-02-17 22:59:03 |INFO  |Tick: No signals generated (spreads too tight or API error)
2026-02-17 22:59:05 |INFO  |pair:WETH/USDC
2026-02-17 22:59:05 |INFO  |Generatiing signal for WETH/USDC...
2026-02-17 22:59:05 |INFO  |WETH/USDC Prices | CEX: 1981.21 | DEX: 2001.1538272157945
2026-02-17 22:59:05 |INFO  |📊 WETH/USDC Spreads | BuyCex->SellDex: 39.88 bps | BuyDex->SellCex: -99.71 bps | Min Required: 10.00
2026-02-17 22:59:05 |INFO  |💰 WETH/USDC Potential PnL: Gross $0.0158 - Fees $0.1158 = Net $-0.1000 (Min: $0.1000)
2026-02-17 22:59:05 |WARN  |❌ WETH/USDC ignored: Not profitable enough (Net $-0.1000)
2026-02-17 22:59:05 |INFO  |Tick: No signals generated (spreads too tight or API error)
2026-02-17 22:59:08 |INFO  |pair:WETH/USDC
2026-02-17 22:59:08 |INFO  |Generatiing signal for WETH/USDC...
2026-02-17 22:59:08 |INFO  |WETH/USDC Prices | CEX: 1981.13 | DEX: 2001.1538261438075
2026-02-17 22:59:08 |INFO  |📊 WETH/USDC Spreads | BuyCex->SellDex: 40.29 bps | BuyDex->SellCex: -100.11 bps | Min Required: 10.00
2026-02-17 22:59:08 |INFO  |💰 WETH/USDC Potential PnL: Gross $0.0160 - Fees $0.1158 = Net $-0.0999 (Min: $0.1000)
2026-02-17 22:59:08 |WARN  |❌ WETH/USDC ignored: Not profitable enough (Net $-0.0999)
2026-02-17 22:59:08 |INFO  |Tick: No signals generated (spreads too tight or API error)
2026-02-17 22:59:10 |INFO  |pair:WETH/USDC
2026-02-17 22:59:10 |INFO  |Generatiing signal for WETH/USDC...
2026-02-17 22:59:11 |INFO  |WETH/USDC Prices | CEX: 1981.13 | DEX: 2001.1538261438075
2026-02-17 22:59:11 |INFO  |📊 WETH/USDC Spreads | BuyCex->SellDex: 40.29 bps | BuyDex->SellCex: -100.11 bps | Min Required: 10.00
2026-02-17 22:59:11 |INFO  |💰 WETH/USDC Potential PnL: Gross $0.0160 - Fees $0.1158 = Net $-0.0999 (Min: $0.1000)
2026-02-17 22:59:11 |WARN  |❌ WETH/USDC ignored: Not profitable enough (Net $-0.0999)
2026-02-17 22:59:11 |INFO  |Tick: No signals generated (spreads too tight or API error)
2026-02-17 22:59:12 |INFO  |HEALTH | uptime=922s | last_trade=Nones | cb_open=false | pnl=$0.00 | limit_reached=false
2026-02-17 22:59:13 |INFO  |pair:WETH/USDC
2026-02-17 22:59:13 |INFO  |Generatiing signal for WETH/USDC...
2026-02-17 22:59:13 |INFO  |WETH/USDC Prices | CEX: 1980.97 | DEX: 2001.153823986351
2026-02-17 22:59:13 |INFO  |📊 WETH/USDC Spreads | BuyCex->SellDex: 41.10 bps | BuyDex->SellCex: -100.91 bps | Min Required: 10.00
2026-02-17 22:59:13 |INFO  |💰 WETH/USDC Potential PnL: Gross $0.0163 - Fees $0.1158 = Net $-0.0996 (Min: $0.1000)
2026-02-17 22:59:13 |WARN  |❌ WETH/USDC ignored: Not profitable enough (Net $-0.0996)
2026-02-17 22:59:13 |INFO  |Tick: No signals generated (spreads too tight or API error)
2026-02-17 22:59:15 |INFO  |pair:WETH/USDC
2026-02-17 22:59:15 |INFO  |Generatiing signal for WETH/USDC...
2026-02-17 22:59:15 |INFO  |WETH/USDC Prices | CEX: 1980.97 | DEX: 2001.153823986351
2026-02-17 22:59:15 |INFO  |📊 WETH/USDC Spreads | BuyCex->SellDex: 41.10 bps | BuyDex->SellCex: -100.91 bps | Min Required: 10.00
2026-02-17 22:59:15 |INFO  |💰 WETH/USDC Potential PnL: Gross $0.0163 - Fees $0.1158 = Net $-0.0996 (Min: $0.1000)
2026-02-17 22:59:15 |WARN  |❌ WETH/USDC ignored: Not profitable enough (Net $-0.0996)
2026-02-17 22:59:15 |INFO  |Tick: No signals generated (spreads too tight or API error)
2026-02-17 22:59:18 |INFO  |pair:WETH/USDC
2026-02-17 22:59:18 |INFO  |Generatiing signal for WETH/USDC...
2026-02-17 22:59:18 |INFO  |WETH/USDC Prices | CEX: 1981.13 | DEX: 2001.1538261438075
2026-02-17 22:59:18 |INFO  |📊 WETH/USDC Spreads | BuyCex->SellDex: 40.29 bps | BuyDex->SellCex: -100.11 bps | Min Required: 10.00
2026-02-17 22:59:18 |INFO  |💰 WETH/USDC Potential PnL: Gross $0.0160 - Fees $0.1158 = Net $-0.0999 (Min: $0.1000)
2026-02-17 22:59:18 |WARN  |❌ WETH/USDC ignored: Not profitable enough (Net $-0.0999)
2026-02-17 22:59:18 |INFO  |Tick: No signals generated (spreads too tight or API error)
2026-02-17 22:59:20 |INFO  |pair:WETH/USDC
2026-02-17 22:59:20 |INFO  |Generatiing signal for WETH/USDC...
2026-02-17 22:59:20 |INFO  |WETH/USDC Prices | CEX: 1981.13 | DEX: 2001.1538261438075
2026-02-17 22:59:20 |INFO  |📊 WETH/USDC Spreads | BuyCex->SellDex: 40.29 bps | BuyDex->SellCex: -100.11 bps | Min Required: 10.00
2026-02-17 22:59:20 |INFO  |💰 WETH/USDC Potential PnL: Gross $0.0160 - Fees $0.1158 = Net $-0.0999 (Min: $0.1000)
2026-02-17 22:59:20 |WARN  |❌ WETH/USDC ignored: Not profitable enough (Net $-0.0999)
2026-02-17 22:59:20 |INFO  |Tick: No signals generated (spreads too tight or API error)
2026-02-17 22:59:22 |INFO  |pair:WETH/USDC
2026-02-17 22:59:22 |INFO  |Generatiing signal for WETH/USDC...
2026-02-17 22:59:22 |INFO  |WETH/USDC Prices | CEX: 1981.13 | DEX: 2001.1538261438075
2026-02-17 22:59:22 |INFO  |📊 WETH/USDC Spreads | BuyCex->SellDex: 40.29 bps | BuyDex->SellCex: -100.11 bps | Min Required: 10.00
2026-02-17 22:59:22 |INFO  |💰 WETH/USDC Potential PnL: Gross $0.0160 - Fees $0.1158 = Net $-0.0999 (Min: $0.1000)
2026-02-17 22:59:22 |WARN  |❌ WETH/USDC ignored: Not profitable enough (Net $-0.0999)
2026-02-17 22:59:22 |INFO  |Tick: No signals generated (spreads too tight or API error)
2026-02-17 22:59:24 |INFO  |pair:WETH/USDC
2026-02-17 22:59:24 |INFO  |Generatiing signal for WETH/USDC...
2026-02-17 22:59:25 |INFO  |WETH/USDC Prices | CEX: 1981.65 | DEX: 2001.1538331555416
2026-02-17 22:59:25 |INFO  |📊 WETH/USDC Spreads | BuyCex->SellDex: 37.65 bps | BuyDex->SellCex: -97.51 bps | Min Required: 10.00
2026-02-17 22:59:25 |INFO  |💰 WETH/USDC Potential PnL: Gross $0.0149 - Fees $0.1159 = Net $-0.1009 (Min: $0.1000)
2026-02-17 22:59:25 |WARN  |❌ WETH/USDC ignored: Not profitable enough (Net $-0.1009)
2026-02-17 22:59:25 |INFO  |Tick: No signals generated (spreads too tight or API error)
2026-02-17 22:59:27 |INFO  |pair:WETH/USDC
2026-02-17 22:59:27 |INFO  |Generatiing signal for WETH/USDC...
2026-02-17 22:59:27 |INFO  |WETH/USDC Prices | CEX: 1981.23 | DEX: 2001.1538274922182
2026-02-17 22:59:27 |INFO  |📊 WETH/USDC Spreads | BuyCex->SellDex: 39.78 bps | BuyDex->SellCex: -99.61 bps | Min Required: 10.00
2026-02-17 22:59:27 |INFO  |💰 WETH/USDC Potential PnL: Gross $0.0158 - Fees $0.1158 = Net $-0.1001 (Min: $0.1000)
2026-02-17 22:59:27 |WARN  |❌ WETH/USDC ignored: Not profitable enough (Net $-0.1001)
2026-02-17 22:59:27 |INFO  |Tick: No signals generated (spreads too tight or API error)
2026-02-17 22:59:30 |INFO  |pair:WETH/USDC
2026-02-17 22:59:30 |INFO  |Generatiing signal for WETH/USDC...
2026-02-17 22:59:30 |INFO  |WETH/USDC Prices | CEX: 1981.41 | DEX: 2001.1538299193571
2026-02-17 22:59:30 |INFO  |📊 WETH/USDC Spreads | BuyCex->SellDex: 38.87 bps | BuyDex->SellCex: -98.71 bps | Min Required: 10.00
2026-02-17 22:59:30 |INFO  |💰 WETH/USDC Potential PnL: Gross $0.0154 - Fees $0.1159 = Net $-0.1004 (Min: $0.1000)
2026-02-17 22:59:30 |WARN  |❌ WETH/USDC ignored: Not profitable enough (Net $-0.1004)
2026-02-17 22:59:30 |INFO  |Tick: No signals generated (spreads too tight or API error)
2026-02-17 22:59:33 |INFO  |pair:WETH/USDC
2026-02-17 22:59:33 |INFO  |Generatiing signal for WETH/USDC...
2026-02-17 22:59:33 |INFO  |WETH/USDC Prices | CEX: 1981.44 | DEX: 2001.1538303238808
2026-02-17 22:59:33 |INFO  |📊 WETH/USDC Spreads | BuyCex->SellDex: 38.72 bps | BuyDex->SellCex: -98.56 bps | Min Required: 10.00
2026-02-17 22:59:33 |INFO  |💰 WETH/USDC Potential PnL: Gross $0.0153 - Fees $0.1159 = Net $-0.1005 (Min: $0.1000)
2026-02-17 22:59:33 |WARN  |❌ WETH/USDC ignored: Not profitable enough (Net $-0.1005)
2026-02-17 22:59:33 |INFO  |Tick: No signals generated (spreads too tight or API error)
2026-02-17 22:59:35 |INFO  |pair:WETH/USDC
2026-02-17 22:59:35 |INFO  |Generatiing signal for WETH/USDC...
2026-02-17 22:59:35 |INFO  |WETH/USDC Prices | CEX: 1981.44 | DEX: 2001.1538303238808
2026-02-17 22:59:35 |INFO  |📊 WETH/USDC Spreads | BuyCex->SellDex: 38.72 bps | BuyDex->SellCex: -98.56 bps | Min Required: 10.00
2026-02-17 22:59:35 |INFO  |💰 WETH/USDC Potential PnL: Gross $0.0153 - Fees $0.1159 = Net $-0.1005 (Min: $0.1000)
2026-02-17 22:59:35 |WARN  |❌ WETH/USDC ignored: Not profitable enough (Net $-0.1005)
2026-02-17 22:59:35 |INFO  |Tick: No signals generated (spreads too tight or API error)
2026-02-17 22:59:38 |INFO  |pair:WETH/USDC
2026-02-17 22:59:38 |INFO  |Generatiing signal for WETH/USDC...
2026-02-17 22:59:38 |INFO  |WETH/USDC Prices | CEX: 1981.44 | DEX: 2001.1538303238808
2026-02-17 22:59:38 |INFO  |📊 WETH/USDC Spreads | BuyCex->SellDex: 38.72 bps | BuyDex->SellCex: -98.56 bps | Min Required: 10.00
2026-02-17 22:59:38 |INFO  |💰 WETH/USDC Potential PnL: Gross $0.0153 - Fees $0.1159 = Net $-0.1005 (Min: $0.1000)
2026-02-17 22:59:38 |WARN  |❌ WETH/USDC ignored: Not profitable enough (Net $-0.1005)
2026-02-17 22:59:38 |INFO  |Tick: No signals generated (spreads too tight or API error)
2026-02-17 22:59:40 |INFO  |pair:WETH/USDC
2026-02-17 22:59:40 |INFO  |Generatiing signal for WETH/USDC...
2026-02-17 22:59:41 |INFO  |WETH/USDC Prices | CEX: 1981.44 | DEX: 2001.1538303238808
2026-02-17 22:59:41 |INFO  |📊 WETH/USDC Spreads | BuyCex->SellDex: 38.72 bps | BuyDex->SellCex: -98.56 bps | Min Required: 10.00
2026-02-17 22:59:41 |INFO  |💰 WETH/USDC Potential PnL: Gross $0.0153 - Fees $0.1159 = Net $-0.1005 (Min: $0.1000)
2026-02-17 22:59:41 |WARN  |❌ WETH/USDC ignored: Not profitable enough (Net $-0.1005)
2026-02-17 22:59:41 |INFO  |Tick: No signals generated (spreads too tight or API error)
2026-02-17 22:59:43 |INFO  |pair:WETH/USDC
2026-02-17 22:59:43 |INFO  |Generatiing signal for WETH/USDC...
2026-02-17 22:59:43 |INFO  |WETH/USDC Prices | CEX: 1981.44 | DEX: 2001.1538303238808
2026-02-17 22:59:43 |INFO  |📊 WETH/USDC Spreads | BuyCex->SellDex: 38.72 bps | BuyDex->SellCex: -98.56 bps | Min Required: 10.00
2026-02-17 22:59:43 |INFO  |💰 WETH/USDC Potential PnL: Gross $0.0153 - Fees $0.1159 = Net $-0.1005 (Min: $0.1000)
2026-02-17 22:59:43 |WARN  |❌ WETH/USDC ignored: Not profitable enough (Net $-0.1005)
2026-02-17 22:59:43 |INFO  |Tick: No signals generated (spreads too tight or API error)
2026-02-17 22:59:46 |INFO  |pair:WETH/USDC
2026-02-17 22:59:46 |INFO  |Generatiing signal for WETH/USDC...
2026-02-17 22:59:46 |INFO  |WETH/USDC Prices | CEX: 1981.44 | DEX: 2001.1538303238808
2026-02-17 22:59:46 |INFO  |📊 WETH/USDC Spreads | BuyCex->SellDex: 38.72 bps | BuyDex->SellCex: -98.56 bps | Min Required: 10.00
2026-02-17 22:59:46 |INFO  |💰 WETH/USDC Potential PnL: Gross $0.0153 - Fees $0.1159 = Net $-0.1005 (Min: $0.1000)
2026-02-17 22:59:46 |WARN  |❌ WETH/USDC ignored: Not profitable enough (Net $-0.1005)
2026-02-17 22:59:46 |INFO  |Tick: No signals generated (spreads too tight or API error)
2026-02-17 22:59:48 |INFO  |pair:WETH/USDC
2026-02-17 22:59:48 |INFO  |Generatiing signal for WETH/USDC...
2026-02-17 22:59:48 |INFO  |WETH/USDC Prices | CEX: 1981.41 | DEX: 2001.1538299193571
2026-02-17 22:59:48 |INFO  |📊 WETH/USDC Spreads | BuyCex->SellDex: 38.87 bps | BuyDex->SellCex: -98.71 bps | Min Required: 10.00
2026-02-17 22:59:48 |INFO  |💰 WETH/USDC Potential PnL: Gross $0.0154 - Fees $0.1159 = Net $-0.1004 (Min: $0.1000)
2026-02-17 22:59:48 |WARN  |❌ WETH/USDC ignored: Not profitable enough (Net $-0.1004)
2026-02-17 22:59:48 |INFO  |Tick: No signals generated (spreads too tight or API error)
2026-02-17 22:59:50 |INFO  |pair:WETH/USDC
2026-02-17 22:59:50 |INFO  |Generatiing signal for WETH/USDC...
2026-02-17 22:59:51 |INFO  |WETH/USDC Prices | CEX: 1981.41 | DEX: 2001.1538299193571
2026-02-17 22:59:51 |INFO  |📊 WETH/USDC Spreads | BuyCex->SellDex: 38.87 bps | BuyDex->SellCex: -98.71 bps | Min Required: 10.00
2026-02-17 22:59:51 |INFO  |💰 WETH/USDC Potential PnL: Gross $0.0154 - Fees $0.1159 = Net $-0.1004 (Min: $0.1000)
2026-02-17 22:59:51 |WARN  |❌ WETH/USDC ignored: Not profitable enough (Net $-0.1004)
2026-02-17 22:59:51 |INFO  |Tick: No signals generated (spreads too tight or API error)
2026-02-17 22:59:53 |INFO  |pair:WETH/USDC
2026-02-17 22:59:53 |INFO  |Generatiing signal for WETH/USDC...
2026-02-17 22:59:53 |INFO  |WETH/USDC Prices | CEX: 1981.6 | DEX: 2001.1538324745954
2026-02-17 22:59:53 |INFO  |📊 WETH/USDC Spreads | BuyCex->SellDex: 37.91 bps | BuyDex->SellCex: -97.76 bps | Min Required: 10.00
2026-02-17 22:59:53 |INFO  |💰 WETH/USDC Potential PnL: Gross $0.0150 - Fees $0.1159 = Net $-0.1008 (Min: $0.1000)
2026-02-17 22:59:53 |WARN  |❌ WETH/USDC ignored: Not profitable enough (Net $-0.1008)
2026-02-17 22:59:53 |INFO  |Tick: No signals generated (spreads too tight or API error)
2026-02-17 22:59:55 |INFO  |pair:WETH/USDC
2026-02-17 22:59:55 |INFO  |Generatiing signal for WETH/USDC...
2026-02-17 22:59:55 |INFO  |WETH/USDC Prices | CEX: 1981.68 | DEX: 2001.1538335600653
2026-02-17 22:59:55 |INFO  |📊 WETH/USDC Spreads | BuyCex->SellDex: 37.50 bps | BuyDex->SellCex: -97.36 bps | Min Required: 10.00
2026-02-17 22:59:55 |INFO  |💰 WETH/USDC Potential PnL: Gross $0.0149 - Fees $0.1159 = Net $-0.1010 (Min: $0.1000)
2026-02-17 22:59:55 |WARN  |❌ WETH/USDC ignored: Not profitable enough (Net $-0.1010)
2026-02-17 22:59:55 |INFO  |Tick: No signals generated (spreads too tight or API error)
2026-02-17 22:59:57 |INFO  |pair:WETH/USDC
2026-02-17 22:59:57 |INFO  |Generatiing signal for WETH/USDC...
2026-02-17 22:59:58 |INFO  |WETH/USDC Prices | CEX: 1981.45 | DEX: 2001.1538304587216
2026-02-17 22:59:58 |INFO  |📊 WETH/USDC Spreads | BuyCex->SellDex: 38.67 bps | BuyDex->SellCex: -98.51 bps | Min Required: 10.00
2026-02-17 22:59:58 |INFO  |💰 WETH/USDC Potential PnL: Gross $0.0153 - Fees $0.1159 = Net $-0.1005 (Min: $0.1000)
2026-02-17 22:59:58 |WARN  |❌ WETH/USDC ignored: Not profitable enough (Net $-0.1005)
2026-02-17 22:59:58 |INFO  |Tick: No signals generated (spreads too tight or API error)
2026-02-17 23:00:00 |INFO  |pair:WETH/USDC
2026-02-17 23:00:00 |INFO  |Generatiing signal for WETH/USDC...
2026-02-17 23:00:00 |INFO  |WETH/USDC Prices | CEX: 1981.2 | DEX: 2001.1538270876954
2026-02-17 23:00:00 |INFO  |📊 WETH/USDC Spreads | BuyCex->SellDex: 39.93 bps | BuyDex->SellCex: -99.76 bps | Min Required: 10.00
2026-02-17 23:00:00 |INFO  |💰 WETH/USDC Potential PnL: Gross $0.0158 - Fees $0.1158 = Net $-0.1000 (Min: $0.1000)
2026-02-17 23:00:00 |WARN  |❌ WETH/USDC ignored: Not profitable enough (Net $-0.1000)
2026-02-17 23:00:00 |INFO  |Tick: No signals generated (spreads too tight or API error)
2026-02-17 23:00:03 |INFO  |pair:WETH/USDC
2026-02-17 23:00:03 |INFO  |Generatiing signal for WETH/USDC...
2026-02-17 23:00:03 |INFO  |WETH/USDC Prices | CEX: 1981.35 | DEX: 2001.153829110311
2026-02-17 23:00:03 |INFO  |📊 WETH/USDC Spreads | BuyCex->SellDex: 39.17 bps | BuyDex->SellCex: -99.21 bps | Min Required: 10.00
2026-02-17 23:00:03 |INFO  |💰 WETH/USDC Potential PnL: Gross $0.0155 - Fees $0.1159 = Net $-0.1003 (Min: $0.1000)
2026-02-17 23:00:03 |WARN  |❌ WETH/USDC ignored: Not profitable enough (Net $-0.1003)
2026-02-17 23:00:03 |INFO  |Tick: No signals generated (spreads too tight or API error)
2026-02-17 23:00:05 |INFO  |pair:WETH/USDC
2026-02-17 23:00:05 |INFO  |Generatiing signal for WETH/USDC...
2026-02-17 23:00:05 |INFO  |WETH/USDC Prices | CEX: 1981.55 | DEX: 2001.1538318071323
2026-02-17 23:00:05 |INFO  |📊 WETH/USDC Spreads | BuyCex->SellDex: 38.16 bps | BuyDex->SellCex: -98.21 bps | Min Required: 10.00
2026-02-17 23:00:05 |INFO  |💰 WETH/USDC Potential PnL: Gross $0.0151 - Fees $0.1159 = Net $-0.1007 (Min: $0.1000)
2026-02-17 23:00:05 |WARN  |❌ WETH/USDC ignored: Not profitable enough (Net $-0.1007)
2026-02-17 23:00:05 |INFO  |Tick: No signals generated (spreads too tight or API error)
2026-02-17 23:00:07 |INFO  |pair:WETH/USDC
2026-02-17 23:00:07 |INFO  |Generatiing signal for WETH/USDC...
2026-02-17 23:00:08 |INFO  |WETH/USDC Prices | CEX: 1981.6 | DEX: 2001.1538324745954
2026-02-17 23:00:08 |INFO  |📊 WETH/USDC Spreads | BuyCex->SellDex: 37.91 bps | BuyDex->SellCex: -97.76 bps | Min Required: 10.00
2026-02-17 23:00:08 |INFO  |💰 WETH/USDC Potential PnL: Gross $0.0150 - Fees $0.1159 = Net $-0.1008 (Min: $0.1000)
2026-02-17 23:00:08 |WARN  |❌ WETH/USDC ignored: Not profitable enough (Net $-0.1008)
2026-02-17 23:00:08 |INFO  |Tick: No signals generated (spreads too tight or API error)
2026-02-17 23:00:10 |INFO  |pair:WETH/USDC
2026-02-17 23:00:10 |INFO  |Generatiing signal for WETH/USDC...
2026-02-17 23:00:10 |INFO  |WETH/USDC Prices | CEX: 1981.16 | DEX: 2001.1538265483314
2026-02-17 23:00:10 |INFO  |📊 WETH/USDC Spreads | BuyCex->SellDex: 40.14 bps | BuyDex->SellCex: -99.96 bps | Min Required: 10.00
2026-02-17 23:00:10 |INFO  |💰 WETH/USDC Potential PnL: Gross $0.0159 - Fees $0.1158 = Net $-0.0999 (Min: $0.1000)
2026-02-17 23:00:10 |WARN  |❌ WETH/USDC ignored: Not profitable enough (Net $-0.0999)
2026-02-17 23:00:10 |INFO  |Tick: No signals generated (spreads too tight or API error)
2026-02-17 23:00:12 |INFO  |pair:WETH/USDC
2026-02-17 23:00:12 |INFO  |Generatiing signal for WETH/USDC...
2026-02-17 23:00:12 |INFO  |WETH/USDC Prices | CEX: 1980.93 | DEX: 2001.1538234469874
2026-02-17 23:00:12 |INFO  |📊 WETH/USDC Spreads | BuyCex->SellDex: 41.30 bps | BuyDex->SellCex: -101.11 bps | Min Required: 10.00
2026-02-17 23:00:12 |INFO  |💰 WETH/USDC Potential PnL: Gross $0.0164 - Fees $0.1158 = Net $-0.0995 (Min: $0.1000)
2026-02-17 23:00:12 |WARN  |❌ WETH/USDC ignored: Not profitable enough (Net $-0.0995)
2026-02-17 23:00:12 |INFO  |Tick: No signals generated (spreads too tight or API error)
2026-02-17 23:00:13 |INFO  |HEALTH | uptime=983s | last_trade=Nones | cb_open=false | pnl=$0.00 | limit_reached=false
2026-02-17 23:00:14 |INFO  |pair:WETH/USDC
2026-02-17 23:00:14 |INFO  |Generatiing signal for WETH/USDC...
2026-02-17 23:00:15 |INFO  |WETH/USDC Prices | CEX: 1980.93 | DEX: 2001.1538234469874
2026-02-17 23:00:15 |INFO  |📊 WETH/USDC Spreads | BuyCex->SellDex: 41.30 bps | BuyDex->SellCex: -101.11 bps | Min Required: 10.00
2026-02-17 23:00:15 |INFO  |💰 WETH/USDC Potential PnL: Gross $0.0164 - Fees $0.1158 = Net $-0.0995 (Min: $0.1000)
2026-02-17 23:00:15 |WARN  |❌ WETH/USDC ignored: Not profitable enough (Net $-0.0995)
2026-02-17 23:00:15 |INFO  |Tick: No signals generated (spreads too tight or API error)
2026-02-17 23:00:17 |INFO  |pair:WETH/USDC
2026-02-17 23:00:17 |INFO  |Generatiing signal for WETH/USDC...
2026-02-17 23:00:17 |INFO  |WETH/USDC Prices | CEX: 1980.76 | DEX: 2001.15382115469
2026-02-17 23:00:17 |INFO  |📊 WETH/USDC Spreads | BuyCex->SellDex: 42.16 bps | BuyDex->SellCex: -101.96 bps | Min Required: 10.00
2026-02-17 23:00:17 |INFO  |💰 WETH/USDC Potential PnL: Gross $0.0167 - Fees $0.1158 = Net $-0.0991 (Min: $0.1000)
2026-02-17 23:00:17 |WARN  |❌ WETH/USDC ignored: Not profitable enough (Net $-0.0991)
2026-02-17 23:00:17 |INFO  |Tick: No signals generated (spreads too tight or API error)
2026-02-17 23:00:19 |INFO  |pair:WETH/USDC
2026-02-17 23:00:19 |INFO  |Generatiing signal for WETH/USDC...
2026-02-17 23:00:19 |INFO  |WETH/USDC Prices | CEX: 1981.28 | DEX: 2001.1538281664243
2026-02-17 23:00:19 |INFO  |📊 WETH/USDC Spreads | BuyCex->SellDex: 39.53 bps | BuyDex->SellCex: -99.36 bps | Min Required: 10.00
2026-02-17 23:00:19 |INFO  |💰 WETH/USDC Potential PnL: Gross $0.0157 - Fees $0.1159 = Net $-0.1002 (Min: $0.1000)
2026-02-17 23:00:19 |WARN  |❌ WETH/USDC ignored: Not profitable enough (Net $-0.1002)
2026-02-17 23:00:19 |INFO  |Tick: No signals generated (spreads too tight or API error)
2026-02-17 23:00:22 |INFO  |pair:WETH/USDC
2026-02-17 23:00:22 |INFO  |Generatiing signal for WETH/USDC...
2026-02-17 23:00:22 |INFO  |WETH/USDC Prices | CEX: 1981.28 | DEX: 2001.1538281664243
2026-02-17 23:00:22 |INFO  |📊 WETH/USDC Spreads | BuyCex->SellDex: 39.53 bps | BuyDex->SellCex: -99.36 bps | Min Required: 10.00
2026-02-17 23:00:22 |INFO  |💰 WETH/USDC Potential PnL: Gross $0.0157 - Fees $0.1159 = Net $-0.1002 (Min: $0.1000)
2026-02-17 23:00:22 |WARN  |❌ WETH/USDC ignored: Not profitable enough (Net $-0.1002)
2026-02-17 23:00:22 |INFO  |Tick: No signals generated (spreads too tight or API error)
2026-02-17 23:00:24 |INFO  |pair:WETH/USDC
2026-02-17 23:00:24 |INFO  |Generatiing signal for WETH/USDC...
2026-02-17 23:00:25 |INFO  |WETH/USDC Prices | CEX: 1980.79 | DEX: 2001.1538215524713
2026-02-17 23:00:25 |INFO  |📊 WETH/USDC Spreads | BuyCex->SellDex: 42.21 bps | BuyDex->SellCex: -101.81 bps | Min Required: 10.00
2026-02-17 23:00:25 |INFO  |💰 WETH/USDC Potential PnL: Gross $0.0166 - Fees $0.1158 = Net $-0.0992 (Min: $0.1000)
2026-02-17 23:00:25 |WARN  |❌ WETH/USDC ignored: Not profitable enough (Net $-0.0992)
2026-02-17 23:00:25 |INFO  |Tick: No signals generated (spreads too tight or API error)
2026-02-17 23:00:27 |INFO  |pair:WETH/USDC
2026-02-17 23:00:27 |INFO  |Generatiing signal for WETH/USDC...
2026-02-17 23:00:27 |INFO  |WETH/USDC Prices | CEX: 1980.79 | DEX: 2001.1538215524713
2026-02-17 23:00:27 |INFO  |📊 WETH/USDC Spreads | BuyCex->SellDex: 42.21 bps | BuyDex->SellCex: -101.81 bps | Min Required: 10.00
2026-02-17 23:00:27 |INFO  |💰 WETH/USDC Potential PnL: Gross $0.0166 - Fees $0.1158 = Net $-0.0992 (Min: $0.1000)
2026-02-17 23:00:27 |WARN  |❌ WETH/USDC ignored: Not profitable enough (Net $-0.0992)
2026-02-17 23:00:27 |INFO  |Tick: No signals generated (spreads too tight or API error)
2026-02-17 23:00:29 |INFO  |pair:WETH/USDC
2026-02-17 23:00:29 |INFO  |Generatiing signal for WETH/USDC...
2026-02-17 23:00:30 |INFO  |WETH/USDC Prices | CEX: 1980.85 | DEX: 2001.1538223615175
2026-02-17 23:00:30 |INFO  |📊 WETH/USDC Spreads | BuyCex->SellDex: 41.71 bps | BuyDex->SellCex: -101.51 bps | Min Required: 10.00
2026-02-17 23:00:30 |INFO  |💰 WETH/USDC Potential PnL: Gross $0.0165 - Fees $0.1158 = Net $-0.0993 (Min: $0.1000)
2026-02-17 23:00:30 |WARN  |❌ WETH/USDC ignored: Not profitable enough (Net $-0.0993)
2026-02-17 23:00:30 |INFO  |Tick: No signals generated (spreads too tight or API error)
2026-02-17 23:00:32 |INFO  |pair:WETH/USDC
2026-02-17 23:00:32 |INFO  |Generatiing signal for WETH/USDC...
2026-02-17 23:00:33 |INFO  |WETH/USDC Prices | CEX: 1980.85 | DEX: 2001.1538223615175
2026-02-17 23:00:33 |INFO  |📊 WETH/USDC Spreads | BuyCex->SellDex: 41.71 bps | BuyDex->SellCex: -101.51 bps | Min Required: 10.00
2026-02-17 23:00:33 |INFO  |💰 WETH/USDC Potential PnL: Gross $0.0165 - Fees $0.1158 = Net $-0.0993 (Min: $0.1000)
2026-02-17 23:00:33 |WARN  |❌ WETH/USDC ignored: Not profitable enough (Net $-0.0993)
2026-02-17 23:00:33 |INFO  |Tick: No signals generated (spreads too tight or API error)
2026-02-17 23:00:35 |INFO  |pair:WETH/USDC
2026-02-17 23:00:35 |INFO  |Generatiing signal for WETH/USDC...
2026-02-17 23:00:35 |INFO  |WETH/USDC Prices | CEX: 1980.85 | DEX: 2001.1538223615175
2026-02-17 23:00:35 |INFO  |📊 WETH/USDC Spreads | BuyCex->SellDex: 41.71 bps | BuyDex->SellCex: -101.51 bps | Min Required: 10.00
2026-02-17 23:00:35 |INFO  |💰 WETH/USDC Potential PnL: Gross $0.0165 - Fees $0.1158 = Net $-0.0993 (Min: $0.1000)
2026-02-17 23:00:35 |WARN  |❌ WETH/USDC ignored: Not profitable enough (Net $-0.0993)
2026-02-17 23:00:35 |INFO  |Tick: No signals generated (spreads too tight or API error)
2026-02-17 23:00:37 |INFO  |pair:WETH/USDC
2026-02-17 23:00:37 |INFO  |Generatiing signal for WETH/USDC...
2026-02-17 23:00:38 |INFO  |WETH/USDC Prices | CEX: 1980.85 | DEX: 2001.1538223615175
2026-02-17 23:00:38 |INFO  |📊 WETH/USDC Spreads | BuyCex->SellDex: 41.71 bps | BuyDex->SellCex: -101.51 bps | Min Required: 10.00
2026-02-17 23:00:38 |INFO  |💰 WETH/USDC Potential PnL: Gross $0.0165 - Fees $0.1158 = Net $-0.0993 (Min: $0.1000)
2026-02-17 23:00:38 |WARN  |❌ WETH/USDC ignored: Not profitable enough (Net $-0.0993)
2026-02-17 23:00:38 |INFO  |Tick: No signals generated (spreads too tight or API error)
2026-02-17 23:00:40 |INFO  |pair:WETH/USDC
2026-02-17 23:00:40 |INFO  |Generatiing signal for WETH/USDC...
2026-02-17 23:00:40 |INFO  |WETH/USDC Prices | CEX: 1980.96 | DEX: 2001.1538238515113
2026-02-17 23:00:40 |INFO  |📊 WETH/USDC Spreads | BuyCex->SellDex: 41.15 bps | BuyDex->SellCex: -100.96 bps | Min Required: 10.00
2026-02-17 23:00:40 |INFO  |💰 WETH/USDC Potential PnL: Gross $0.0163 - Fees $0.1158 = Net $-0.0995 (Min: $0.1000)
2026-02-17 23:00:40 |WARN  |❌ WETH/USDC ignored: Not profitable enough (Net $-0.0995)
2026-02-17 23:00:40 |INFO  |Tick: No signals generated (spreads too tight or API error)
2026-02-17 23:00:42 |INFO  |pair:WETH/USDC
2026-02-17 23:00:42 |INFO  |Generatiing signal for WETH/USDC...
2026-02-17 23:00:43 |INFO  |WETH/USDC Prices | CEX: 1981.6 | DEX: 2001.1538324745954
2026-02-17 23:00:43 |INFO  |📊 WETH/USDC Spreads | BuyCex->SellDex: 37.91 bps | BuyDex->SellCex: -97.76 bps | Min Required: 10.00
2026-02-17 23:00:43 |INFO  |💰 WETH/USDC Potential PnL: Gross $0.0150 - Fees $0.1159 = Net $-0.1008 (Min: $0.1000)
2026-02-17 23:00:43 |WARN  |❌ WETH/USDC ignored: Not profitable enough (Net $-0.1008)
2026-02-17 23:00:43 |INFO  |Tick: No signals generated (spreads too tight or API error)
2026-02-17 23:00:45 |INFO  |pair:WETH/USDC
2026-02-17 23:00:45 |INFO  |Generatiing signal for WETH/USDC...
2026-02-17 23:00:45 |INFO  |WETH/USDC Prices | CEX: 1981.6 | DEX: 2001.1538324745954
2026-02-17 23:00:45 |INFO  |📊 WETH/USDC Spreads | BuyCex->SellDex: 37.91 bps | BuyDex->SellCex: -97.76 bps | Min Required: 10.00
2026-02-17 23:00:45 |INFO  |💰 WETH/USDC Potential PnL: Gross $0.0150 - Fees $0.1159 = Net $-0.1008 (Min: $0.1000)
2026-02-17 23:00:45 |WARN  |❌ WETH/USDC ignored: Not profitable enough (Net $-0.1008)
2026-02-17 23:00:45 |INFO  |Tick: No signals generated (spreads too tight or API error)
2026-02-17 23:00:47 |INFO  |pair:WETH/USDC
2026-02-17 23:00:47 |INFO  |Generatiing signal for WETH/USDC...
2026-02-17 23:00:47 |INFO  |WETH/USDC Prices | CEX: 1981.92 | DEX: 2001.15383679625
2026-02-17 23:00:47 |INFO  |📊 WETH/USDC Spreads | BuyCex->SellDex: 36.29 bps | BuyDex->SellCex: -96.16 bps | Min Required: 10.00
2026-02-17 23:00:47 |INFO  |💰 WETH/USDC Potential PnL: Gross $0.0144 - Fees $0.1159 = Net $-0.1015 (Min: $0.1000)
2026-02-17 23:00:47 |WARN  |❌ WETH/USDC ignored: Not profitable enough (Net $-0.1015)
2026-02-17 23:00:47 |INFO  |Tick: No signals generated (spreads too tight or API error)
2026-02-17 23:00:49 |INFO  |pair:WETH/USDC
2026-02-17 23:00:49 |INFO  |Generatiing signal for WETH/USDC...
2026-02-17 23:00:50 |INFO  |WETH/USDC Prices | CEX: 1982.4 | DEX: 2001.153843268621
2026-02-17 23:00:50 |INFO  |📊 WETH/USDC Spreads | BuyCex->SellDex: 33.86 bps | BuyDex->SellCex: -93.77 bps | Min Required: 10.00
2026-02-17 23:00:50 |INFO  |💰 WETH/USDC Potential PnL: Gross $0.0134 - Fees $0.1159 = Net $-0.1024 (Min: $0.1000)
2026-02-17 23:00:50 |WARN  |❌ WETH/USDC ignored: Not profitable enough (Net $-0.1024)
2026-02-17 23:00:50 |INFO  |Tick: No signals generated (spreads too tight or API error)
2026-02-17 23:00:52 |INFO  |pair:WETH/USDC
2026-02-17 23:00:52 |INFO  |Generatiing signal for WETH/USDC...
2026-02-17 23:00:53 |INFO  |WETH/USDC Prices | CEX: 1982.71 | DEX: 2001.1538474486929
2026-02-17 23:00:53 |INFO  |📊 WETH/USDC Spreads | BuyCex->SellDex: 32.29 bps | BuyDex->SellCex: -92.22 bps | Min Required: 10.00
2026-02-17 23:00:53 |INFO  |💰 WETH/USDC Potential PnL: Gross $0.0128 - Fees $0.1159 = Net $-0.1031 (Min: $0.1000)
2026-02-17 23:00:53 |WARN  |❌ WETH/USDC ignored: Not profitable enough (Net $-0.1031)
2026-02-17 23:00:53 |INFO  |Tick: No signals generated (spreads too tight or API error)
2026-02-17 23:00:55 |INFO  |pair:WETH/USDC
2026-02-17 23:00:55 |INFO  |Generatiing signal for WETH/USDC...
2026-02-17 23:00:56 |INFO  |WETH/USDC Prices | CEX: 1982.92 | DEX: 2001.1538502803542
2026-02-17 23:00:56 |INFO  |📊 WETH/USDC Spreads | BuyCex->SellDex: 31.22 bps | BuyDex->SellCex: -91.17 bps | Min Required: 10.00
2026-02-17 23:00:56 |INFO  |💰 WETH/USDC Potential PnL: Gross $0.0124 - Fees $0.1159 = Net $-0.1035 (Min: $0.1000)
2026-02-17 23:00:56 |WARN  |❌ WETH/USDC ignored: Not profitable enough (Net $-0.1035)
2026-02-17 23:00:56 |INFO  |Tick: No signals generated (spreads too tight or API error)
2026-02-17 23:00:58 |INFO  |pair:WETH/USDC
2026-02-17 23:00:58 |INFO  |Generatiing signal for WETH/USDC...
2026-02-17 23:00:58 |INFO  |WETH/USDC Prices | CEX: 1982.92 | DEX: 2001.1538502803542
2026-02-17 23:00:58 |INFO  |📊 WETH/USDC Spreads | BuyCex->SellDex: 31.22 bps | BuyDex->SellCex: -91.17 bps | Min Required: 10.00
2026-02-17 23:00:58 |INFO  |💰 WETH/USDC Potential PnL: Gross $0.0124 - Fees $0.1159 = Net $-0.1035 (Min: $0.1000)
2026-02-17 23:00:58 |WARN  |❌ WETH/USDC ignored: Not profitable enough (Net $-0.1035)
2026-02-17 23:00:58 |INFO  |Tick: No signals generated (spreads too tight or API error)
2026-02-17 23:21:00 |INFO  |pair:WETH/USDC
2026-02-17 23:21:00 |INFO  |Generatiing signal for WETH/USDC...
2026-02-17 23:21:00 |INFO  |WETH/USDC Prices | CEX: 1982.57 | DEX: 2001.1538455609173
2026-02-17 23:21:00 |INFO  |📊 WETH/USDC Spreads | BuyCex->SellDex: 33.00 bps | BuyDex->SellCex: -92.92 bps | Min Required: 10.00
2026-02-17 23:21:00 |INFO  |💰 WETH/USDC Potential PnL: Gross $0.0131 - Fees $0.1159 = Net $-0.1028 (Min: $0.1000)
2026-02-17 23:21:00 |WARN  |❌ WETH/USDC ignored: Not profitable enough (Net $-0.1028)
2026-02-17 23:21:00 |INFO  |Tick: No signals generated (spreads too tight or API error)
2026-02-17 23:21:02 |INFO  |pair:WETH/USDC
2026-02-17 23:21:02 |INFO  |Generatiing signal for WETH/USDC...
2026-02-17 23:21:03 |INFO  |WETH/USDC Prices | CEX: 1982.88 | DEX: 2001.1538497409902
2026-02-17 23:21:03 |INFO  |📊 WETH/USDC Spreads | BuyCex->SellDex: 31.43 bps | BuyDex->SellCex: -91.37 bps | Min Required: 10.00
2026-02-17 23:21:03 |INFO  |💰 WETH/USDC Potential PnL: Gross $0.0125 - Fees $0.1159 = Net $-0.1034 (Min: $0.1000)
2026-02-17 23:21:03 |WARN  |❌ WETH/USDC ignored: Not profitable enough (Net $-0.1034)
2026-02-17 23:21:03 |INFO  |Tick: No signals generated (spreads too tight or API error)
2026-02-17 23:21:05 |INFO  |pair:WETH/USDC
2026-02-17 23:21:05 |INFO  |Generatiing signal for WETH/USDC...
2026-02-17 23:21:05 |INFO  |WETH/USDC Prices | CEX: 1982.57 | DEX: 2001.1538455609173
2026-02-17 23:21:05 |INFO  |📊 WETH/USDC Spreads | BuyCex->SellDex: 33.00 bps | BuyDex->SellCex: -92.92 bps | Min Required: 10.00
2026-02-17 23:21:05 |INFO  |💰 WETH/USDC Potential PnL: Gross $0.0131 - Fees $0.1159 = Net $-0.1028 (Min: $0.1000)
2026-02-17 23:21:05 |WARN  |❌ WETH/USDC ignored: Not profitable enough (Net $-0.1028)
2026-02-17 23:21:05 |INFO  |Tick: No signals generated (spreads too tight or API error)
2026-02-17 23:21:07 |INFO  |pair:WETH/USDC
2026-02-17 23:21:07 |INFO  |Generatiing signal for WETH/USDC...
2026-02-17 23:21:08 |INFO  |WETH/USDC Prices | CEX: 1982.8 | DEX: 2001.1538486622621
2026-02-17 23:21:08 |INFO  |📊 WETH/USDC Spreads | BuyCex->SellDex: 31.83 bps | BuyDex->SellCex: -91.77 bps | Min Required: 10.00
2026-02-17 23:21:08 |INFO  |💰 WETH/USDC Potential PnL: Gross $0.0126 - Fees $0.1159 = Net $-0.1032 (Min: $0.1000)
2026-02-17 23:21:08 |WARN  |❌ WETH/USDC ignored: Not profitable enough (Net $-0.1032)
2026-02-17 23:21:08 |INFO  |Tick: No signals generated (spreads too tight or API error)
2026-02-17 23:21:10 |INFO  |pair:WETH/USDC
2026-02-17 23:21:10 |INFO  |Generatiing signal for WETH/USDC...
2026-02-17 23:21:10 |INFO  |WETH/USDC Prices | CEX: 1982.8 | DEX: 2001.1538486622621
2026-02-17 23:21:10 |INFO  |📊 WETH/USDC Spreads | BuyCex->SellDex: 31.83 bps | BuyDex->SellCex: -91.77 bps | Min Required: 10.00
2026-02-17 23:21:10 |INFO  |💰 WETH/USDC Potential PnL: Gross $0.0126 - Fees $0.1159 = Net $-0.1032 (Min: $0.1000)
2026-02-17 23:21:10 |WARN  |❌ WETH/USDC ignored: Not profitable enough (Net $-0.1032)
2026-02-17 23:21:10 |INFO  |Tick: No signals generated (spreads too tight or API error)
2026-02-17 23:21:12 |INFO  |pair:WETH/USDC
2026-02-17 23:21:12 |INFO  |Generatiing signal for WETH/USDC...
2026-02-17 23:21:12 |INFO  |WETH/USDC Prices | CEX: 1982.98 | DEX: 2001.1538510894009
2026-02-17 23:21:12 |INFO  |📊 WETH/USDC Spreads | BuyCex->SellDex: 30.92 bps | BuyDex->SellCex: -90.87 bps | Min Required: 10.00
2026-02-17 23:21:12 |INFO  |💰 WETH/USDC Potential PnL: Gross $0.0123 - Fees $0.1159 = Net $-0.1036 (Min: $0.1000)
2026-02-17 23:21:12 |WARN  |❌ WETH/USDC ignored: Not profitable enough (Net $-0.1036)
2026-02-17 23:21:12 |INFO  |Tick: No signals generated (spreads too tight or API error)
2026-02-17 23:21:13 |INFO  |HEALTH | uptime=1043s | last_trade=Nones | cb_open=false | pnl=$0.00 | limit_reached=false
2026-02-17 23:21:14 |INFO  |pair:WETH/USDC
2026-02-17 23:21:14 |INFO  |Generatiing signal for WETH/USDC...
2026-02-17 23:21:15 |INFO  |WETH/USDC Prices | CEX: 1982.98 | DEX: 2001.1538510894009
2026-02-17 23:21:15 |INFO  |📊 WETH/USDC Spreads | BuyCex->SellDex: 30.92 bps | BuyDex->SellCex: -90.87 bps | Min Required: 10.00
2026-02-17 23:21:15 |INFO  |💰 WETH/USDC Potential PnL: Gross $0.0123 - Fees $0.1159 = Net $-0.1036 (Min: $0.1000)
2026-02-17 23:21:15 |WARN  |❌ WETH/USDC ignored: Not profitable enough (Net $-0.1036)
2026-02-17 23:21:15 |INFO  |Tick: No signals generated (spreads too tight or API error)
2026-02-17 23:21:17 |INFO  |pair:WETH/USDC
2026-02-17 23:21:17 |INFO  |Generatiing signal for WETH/USDC...
2026-02-17 23:21:17 |INFO  |WETH/USDC Prices | CEX: 1982.98 | DEX: 2001.1538510894009
2026-02-17 23:21:17 |INFO  |📊 WETH/USDC Spreads | BuyCex->SellDex: 30.92 bps | BuyDex->SellCex: -90.87 bps | Min Required: 10.00
2026-02-17 23:21:17 |INFO  |💰 WETH/USDC Potential PnL: Gross $0.0123 - Fees $0.1159 = Net $-0.1036 (Min: $0.1000)
2026-02-17 23:21:17 |WARN  |❌ WETH/USDC ignored: Not profitable enough (Net $-0.1036)
2026-02-17 23:21:17 |INFO  |Tick: No signals generated (spreads too tight or API error)
2026-02-17 23:21:19 |INFO  |pair:WETH/USDC
2026-02-17 23:21:19 |INFO  |Generatiing signal for WETH/USDC...
2026-02-17 23:21:19 |INFO  |WETH/USDC Prices | CEX: 1982.92 | DEX: 2001.1538502803542
2026-02-17 23:21:19 |INFO  |📊 WETH/USDC Spreads | BuyCex->SellDex: 31.22 bps | BuyDex->SellCex: -91.17 bps | Min Required: 10.00
2026-02-17 23:21:19 |INFO  |💰 WETH/USDC Potential PnL: Gross $0.0124 - Fees $0.1159 = Net $-0.1035 (Min: $0.1000)
2026-02-17 23:21:19 |WARN  |❌ WETH/USDC ignored: Not profitable enough (Net $-0.1035)
2026-02-17 23:21:19 |INFO  |Tick: No signals generated (spreads too tight or API error)
2026-02-17 23:21:21 |INFO  |pair:WETH/USDC
2026-02-17 23:21:21 |INFO  |Generatiing signal for WETH/USDC...
2026-02-17 23:21:22 |INFO  |WETH/USDC Prices | CEX: 1983.2 | DEX: 2001.1538540559034
2026-02-17 23:21:22 |INFO  |📊 WETH/USDC Spreads | BuyCex->SellDex: 29.81 bps | BuyDex->SellCex: -89.77 bps | Min Required: 10.00
2026-02-17 23:21:22 |INFO  |💰 WETH/USDC Potential PnL: Gross $0.0118 - Fees $0.1159 = Net $-0.1040 (Min: $0.1000)
2026-02-17 23:21:22 |WARN  |❌ WETH/USDC ignored: Not profitable enough (Net $-0.1040)
2026-02-17 23:21:22 |INFO  |Tick: No signals generated (spreads too tight or API error)
2026-02-17 23:21:24 |INFO  |pair:WETH/USDC
2026-02-17 23:21:24 |INFO  |Generatiing signal for WETH/USDC...
2026-02-17 23:21:25 |INFO  |WETH/USDC Prices | CEX: 1983.08 | DEX: 2001.1538524378109
2026-02-17 23:21:25 |INFO  |📊 WETH/USDC Spreads | BuyCex->SellDex: 30.41 bps | BuyDex->SellCex: -90.37 bps | Min Required: 10.00
2026-02-17 23:21:25 |INFO  |💰 WETH/USDC Potential PnL: Gross $0.0121 - Fees $0.1159 = Net $-0.1038 (Min: $0.1000)
2026-02-17 23:21:25 |WARN  |❌ WETH/USDC ignored: Not profitable enough (Net $-0.1038)
2026-02-17 23:21:25 |INFO  |Tick: No signals generated (spreads too tight or API error)
2026-02-17 23:21:27 |INFO  |pair:WETH/USDC
2026-02-17 23:21:27 |INFO  |Generatiing signal for WETH/USDC...
2026-02-17 23:21:27 |INFO  |WETH/USDC Prices | CEX: 1983.08 | DEX: 2001.1538524378109
2026-02-17 23:21:27 |INFO  |📊 WETH/USDC Spreads | BuyCex->SellDex: 30.41 bps | BuyDex->SellCex: -90.37 bps | Min Required: 10.00
2026-02-17 23:21:27 |INFO  |💰 WETH/USDC Potential PnL: Gross $0.0121 - Fees $0.1159 = Net $-0.1038 (Min: $0.1000)
2026-02-17 23:21:27 |WARN  |❌ WETH/USDC ignored: Not profitable enough (Net $-0.1038)
2026-02-17 23:21:27 |INFO  |Tick: No signals generated (spreads too tight or API error)
2026-02-17 23:21:29 |INFO  |pair:WETH/USDC
2026-02-17 23:21:29 |INFO  |Generatiing signal for WETH/USDC...
2026-02-17 23:21:30 |INFO  |WETH/USDC Prices | CEX: 1982.81 | DEX: 2001.1538487971025
2026-02-17 23:21:30 |INFO  |📊 WETH/USDC Spreads | BuyCex->SellDex: 31.78 bps | BuyDex->SellCex: -91.72 bps | Min Required: 10.00
2026-02-17 23:21:30 |INFO  |💰 WETH/USDC Potential PnL: Gross $0.0126 - Fees $0.1159 = Net $-0.1033 (Min: $0.1000)
2026-02-17 23:21:30 |WARN  |❌ WETH/USDC ignored: Not profitable enough (Net $-0.1033)
2026-02-17 23:21:30 |INFO  |Tick: No signals generated (spreads too tight or API error)
2026-02-17 23:21:33 |INFO  |pair:WETH/USDC
2026-02-17 23:21:33 |INFO  |Generatiing signal for WETH/USDC...
2026-02-17 23:21:33 |INFO  |WETH/USDC Prices | CEX: 1982.73 | DEX: 2001.1538477116324
2026-02-17 23:21:33 |INFO  |📊 WETH/USDC Spreads | BuyCex->SellDex: 32.19 bps | BuyDex->SellCex: -92.12 bps | Min Required: 10.00
2026-02-17 23:21:33 |INFO  |💰 WETH/USDC Potential PnL: Gross $0.0128 - Fees $0.1159 = Net $-0.1031 (Min: $0.1000)
2026-02-17 23:21:33 |WARN  |❌ WETH/USDC ignored: Not profitable enough (Net $-0.1031)
2026-02-17 23:21:33 |INFO  |Tick: No signals generated (spreads too tight or API error)
2026-02-17 23:21:35 |INFO  |pair:WETH/USDC
2026-02-17 23:21:35 |INFO  |Generatiing signal for WETH/USDC...
2026-02-17 23:21:36 |INFO  |WETH/USDC Prices | CEX: 1982.73 | DEX: 2001.1538477116324
2026-02-17 23:21:36 |INFO  |📊 WETH/USDC Spreads | BuyCex->SellDex: 32.19 bps | BuyDex->SellCex: -92.12 bps | Min Required: 10.00
2026-02-17 23:21:36 |INFO  |💰 WETH/USDC Potential PnL: Gross $0.0128 - Fees $0.1159 = Net $-0.1031 (Min: $0.1000)
2026-02-17 23:21:36 |WARN  |❌ WETH/USDC ignored: Not profitable enough (Net $-0.1031)
2026-02-17 23:21:36 |INFO  |Tick: No signals generated (spreads too tight or API error)
2026-02-17 23:21:38 |INFO  |pair:WETH/USDC
2026-02-17 23:21:38 |INFO  |Generatiing signal for WETH/USDC...
2026-02-17 23:21:39 |INFO  |WETH/USDC Prices | CEX: 1982.58 | DEX: 2001.1538456890169
2026-02-17 23:21:39 |INFO  |📊 WETH/USDC Spreads | BuyCex->SellDex: 32.94 bps | BuyDex->SellCex: -92.87 bps | Min Required: 10.00
2026-02-17 23:21:39 |INFO  |💰 WETH/USDC Potential PnL: Gross $0.0131 - Fees $0.1159 = Net $-0.1028 (Min: $0.1000)
2026-02-17 23:21:39 |WARN  |❌ WETH/USDC ignored: Not profitable enough (Net $-0.1028)
2026-02-17 23:21:39 |INFO  |Tick: No signals generated (spreads too tight or API error)
2026-02-17 23:21:41 |INFO  |pair:WETH/USDC
2026-02-17 23:21:41 |INFO  |Generatiing signal for WETH/USDC...
2026-02-17 23:21:41 |INFO  |WETH/USDC Prices | CEX: 1982.49 | DEX: 2001.1538444821892
2026-02-17 23:21:41 |INFO  |📊 WETH/USDC Spreads | BuyCex->SellDex: 33.40 bps | BuyDex->SellCex: -93.32 bps | Min Required: 10.00
2026-02-17 23:21:41 |INFO  |💰 WETH/USDC Potential PnL: Gross $0.0132 - Fees $0.1159 = Net $-0.1026 (Min: $0.1000)
2026-02-17 23:21:41 |WARN  |❌ WETH/USDC ignored: Not profitable enough (Net $-0.1026)
2026-02-17 23:21:41 |INFO  |Tick: No signals generated (spreads too tight or API error)
2026-02-17 23:21:43 |INFO  |pair:WETH/USDC
2026-02-17 23:21:43 |INFO  |Generatiing signal for WETH/USDC...
2026-02-17 23:21:44 |INFO  |WETH/USDC Prices | CEX: 1982.49 | DEX: 2001.1538444821892
2026-02-17 23:21:44 |INFO  |📊 WETH/USDC Spreads | BuyCex->SellDex: 33.40 bps | BuyDex->SellCex: -93.32 bps | Min Required: 10.00
2026-02-17 23:21:44 |INFO  |💰 WETH/USDC Potential PnL: Gross $0.0132 - Fees $0.1159 = Net $-0.1026 (Min: $0.1000)
2026-02-17 23:21:44 |WARN  |❌ WETH/USDC ignored: Not profitable enough (Net $-0.1026)
2026-02-17 23:21:44 |INFO  |Tick: No signals generated (spreads too tight or API error)
2026-02-17 23:21:46 |INFO  |pair:WETH/USDC
2026-02-17 23:21:46 |INFO  |Generatiing signal for WETH/USDC...
2026-02-17 23:21:46 |INFO  |WETH/USDC Prices | CEX: 1982.41 | DEX: 2001.1538434034612
2026-02-17 23:21:46 |INFO  |📊 WETH/USDC Spreads | BuyCex->SellDex: 33.80 bps | BuyDex->SellCex: -93.72 bps | Min Required: 10.00
2026-02-17 23:21:46 |INFO  |💰 WETH/USDC Potential PnL: Gross $0.0134 - Fees $0.1159 = Net $-0.1025 (Min: $0.1000)
2026-02-17 23:21:46 |WARN  |❌ WETH/USDC ignored: Not profitable enough (Net $-0.1025)
2026-02-17 23:21:46 |INFO  |Tick: No signals generated (spreads too tight or API error)
2026-02-17 23:21:48 |INFO  |pair:WETH/USDC
2026-02-17 23:21:48 |INFO  |Generatiing signal for WETH/USDC...
2026-02-17 23:21:49 |INFO  |WETH/USDC Prices | CEX: 1982.8 | DEX: 2001.1538486622621
2026-02-17 23:21:49 |INFO  |📊 WETH/USDC Spreads | BuyCex->SellDex: 31.83 bps | BuyDex->SellCex: -91.77 bps | Min Required: 10.00
2026-02-17 23:21:49 |INFO  |💰 WETH/USDC Potential PnL: Gross $0.0126 - Fees $0.1159 = Net $-0.1032 (Min: $0.1000)
2026-02-17 23:21:49 |WARN  |❌ WETH/USDC ignored: Not profitable enough (Net $-0.1032)
2026-02-17 23:21:49 |INFO  |Tick: No signals generated (spreads too tight or API error)
2026-02-17 23:21:51 |INFO  |pair:WETH/USDC
2026-02-17 23:21:51 |INFO  |Generatiing signal for WETH/USDC...
2026-02-17 23:21:51 |INFO  |WETH/USDC Prices | CEX: 1982.88 | DEX: 2001.1538497409902
2026-02-17 23:21:51 |INFO  |📊 WETH/USDC Spreads | BuyCex->SellDex: 31.43 bps | BuyDex->SellCex: -91.37 bps | Min Required: 10.00
2026-02-17 23:21:51 |INFO  |💰 WETH/USDC Potential PnL: Gross $0.0125 - Fees $0.1159 = Net $-0.1034 (Min: $0.1000)
2026-02-17 23:21:51 |WARN  |❌ WETH/USDC ignored: Not profitable enough (Net $-0.1034)
2026-02-17 23:21:51 |INFO  |Tick: No signals generated (spreads too tight or API error)
2026-02-17 23:21:53 |INFO  |pair:WETH/USDC
2026-02-17 23:21:53 |INFO  |Generatiing signal for WETH/USDC...
2026-02-17 23:21:54 |INFO  |WETH/USDC Prices | CEX: 1982.88 | DEX: 2001.1538497409902
2026-02-17 23:21:54 |INFO  |📊 WETH/USDC Spreads | BuyCex->SellDex: 31.43 bps | BuyDex->SellCex: -91.37 bps | Min Required: 10.00
2026-02-17 23:21:54 |INFO  |💰 WETH/USDC Potential PnL: Gross $0.0125 - Fees $0.1159 = Net $-0.1034 (Min: $0.1000)
2026-02-17 23:21:54 |WARN  |❌ WETH/USDC ignored: Not profitable enough (Net $-0.1034)
2026-02-17 23:21:54 |INFO  |Tick: No signals generated (spreads too tight or API error)
2026-02-17 23:21:56 |INFO  |pair:WETH/USDC
2026-02-17 23:21:56 |INFO  |Generatiing signal for WETH/USDC...
2026-02-17 23:21:56 |INFO  |WETH/USDC Prices | CEX: 1982.88 | DEX: 2001.1538497409902
2026-02-17 23:21:56 |INFO  |📊 WETH/USDC Spreads | BuyCex->SellDex: 31.43 bps | BuyDex->SellCex: -91.37 bps | Min Required: 10.00
2026-02-17 23:21:56 |INFO  |💰 WETH/USDC Potential PnL: Gross $0.0125 - Fees $0.1159 = Net $-0.1034 (Min: $0.1000)
2026-02-17 23:21:56 |WARN  |❌ WETH/USDC ignored: Not profitable enough (Net $-0.1034)
2026-02-17 23:21:56 |INFO  |Tick: No signals generated (spreads too tight or API error)
2026-02-17 23:21:58 |INFO  |pair:WETH/USDC
2026-02-17 23:21:58 |INFO  |Generatiing signal for WETH/USDC...
2026-02-17 23:21:58 |INFO  |WETH/USDC Prices | CEX: 1982.88 | DEX: 2001.1538497409902
2026-02-17 23:21:58 |INFO  |📊 WETH/USDC Spreads | BuyCex->SellDex: 31.43 bps | BuyDex->SellCex: -91.37 bps | Min Required: 10.00
2026-02-17 23:21:58 |INFO  |💰 WETH/USDC Potential PnL: Gross $0.0125 - Fees $0.1159 = Net $-0.1034 (Min: $0.1000)
2026-02-17 23:21:58 |WARN  |❌ WETH/USDC ignored: Not profitable enough (Net $-0.1034)
2026-02-17 23:21:58 |INFO  |Tick: No signals generated (spreads too tight or API error)
2026-02-17 23:22:00 |INFO  |pair:WETH/USDC
2026-02-17 23:22:00 |INFO  |Generatiing signal for WETH/USDC...
2026-02-17 23:22:21 |INFO  |WETH/USDC Prices | CEX: 1982.65 | DEX: 2001.1538466396462
2026-02-17 23:22:21 |INFO  |📊 WETH/USDC Spreads | BuyCex->SellDex: 32.59 bps | BuyDex->SellCex: -92.52 bps | Min Required: 10.00
2026-02-17 23:22:21 |INFO  |💰 WETH/USDC Potential PnL: Gross $0.0129 - Fees $0.1159 = Net $-0.1029 (Min: $0.1000)
2026-02-17 23:22:21 |WARN  |❌ WETH/USDC ignored: Not profitable enough (Net $-0.1029)
2026-02-17 23:22:21 |INFO  |Tick: No signals generated (spreads too tight or API error)
2026-02-17 23:22:03 |INFO  |pair:WETH/USDC
2026-02-17 23:22:03 |INFO  |Generatiing signal for WETH/USDC...
2026-02-17 23:22:03 |INFO  |WETH/USDC Prices | CEX: 1982.8 | DEX: 2001.1538486622621
2026-02-17 23:22:03 |INFO  |📊 WETH/USDC Spreads | BuyCex->SellDex: 31.83 bps | BuyDex->SellCex: -91.77 bps | Min Required: 10.00
2026-02-17 23:22:03 |INFO  |💰 WETH/USDC Potential PnL: Gross $0.0126 - Fees $0.1159 = Net $-0.1032 (Min: $0.1000)
2026-02-17 23:22:03 |WARN  |❌ WETH/USDC ignored: Not profitable enough (Net $-0.1032)
2026-02-17 23:22:03 |INFO  |Tick: No signals generated (spreads too tight or API error)
2026-02-17 23:22:05 |INFO  |pair:WETH/USDC
2026-02-17 23:22:05 |INFO  |Generatiing signal for WETH/USDC...
2026-02-17 23:22:06 |INFO  |WETH/USDC Prices | CEX: 1982.41 | DEX: 2001.1538434034612
2026-02-17 23:22:06 |INFO  |📊 WETH/USDC Spreads | BuyCex->SellDex: 33.80 bps | BuyDex->SellCex: -93.72 bps | Min Required: 10.00
2026-02-17 23:22:06 |INFO  |💰 WETH/USDC Potential PnL: Gross $0.0134 - Fees $0.1159 = Net $-0.1025 (Min: $0.1000)
2026-02-17 23:22:06 |WARN  |❌ WETH/USDC ignored: Not profitable enough (Net $-0.1025)
2026-02-17 23:22:06 |INFO  |Tick: No signals generated (spreads too tight or API error)
2026-02-17 23:22:08 |INFO  |pair:WETH/USDC
2026-02-17 23:22:08 |INFO  |Generatiing signal for WETH/USDC...
2026-02-17 23:22:08 |INFO  |WETH/USDC Prices | CEX: 1981.51 | DEX: 2001.1538312677678
2026-02-17 23:22:08 |INFO  |📊 WETH/USDC Spreads | BuyCex->SellDex: 38.36 bps | BuyDex->SellCex: -98.21 bps | Min Required: 10.00
2026-02-17 23:22:08 |INFO  |💰 WETH/USDC Potential PnL: Gross $0.0152 - Fees $0.1159 = Net $-0.1006 (Min: $0.1000)
2026-02-17 23:22:08 |WARN  |❌ WETH/USDC ignored: Not profitable enough (Net $-0.1006)
2026-02-17 23:22:08 |INFO  |Tick: No signals generated (spreads too tight or API error)
2026-02-17 23:22:10 |INFO  |pair:WETH/USDC
2026-02-17 23:22:10 |INFO  |Generatiing signal for WETH/USDC...
2026-02-17 23:22:11 |INFO  |WETH/USDC Prices | CEX: 1980.72 | DEX: 2001.153820615326
2026-02-17 23:22:11 |INFO  |📊 WETH/USDC Spreads | BuyCex->SellDex: 42.37 bps | BuyDex->SellCex: -102.16 bps | Min Required: 10.00
2026-02-17 23:22:11 |INFO  |💰 WETH/USDC Potential PnL: Gross $0.0168 - Fees $0.1158 = Net $-0.0991 (Min: $0.1000)
2026-02-17 23:22:11 |WARN  |❌ WETH/USDC ignored: Not profitable enough (Net $-0.0991)
2026-02-17 23:22:11 |INFO  |Tick: No signals generated (spreads too tight or API error)
2026-02-17 23:22:13 |INFO  |pair:WETH/USDC
2026-02-17 23:22:13 |INFO  |Generatiing signal for WETH/USDC...
2026-02-17 23:22:13 |INFO  |WETH/USDC Prices | CEX: 1980.72 | DEX: 2001.153820615326
2026-02-17 23:22:13 |INFO  |📊 WETH/USDC Spreads | BuyCex->SellDex: 42.37 bps | BuyDex->SellCex: -102.16 bps | Min Required: 10.00
2026-02-17 23:22:13 |INFO  |💰 WETH/USDC Potential PnL: Gross $0.0168 - Fees $0.1158 = Net $-0.0991 (Min: $0.1000)
2026-02-17 23:22:13 |WARN  |❌ WETH/USDC ignored: Not profitable enough (Net $-0.0991)
2026-02-17 23:22:13 |INFO  |Tick: No signals generated (spreads too tight or API error)
2026-02-17 23:22:14 |INFO  |HEALTH | uptime=1104s | last_trade=Nones | cb_open=false | pnl=$0.00 | limit_reached=false
2026-02-17 23:22:16 |INFO  |pair:WETH/USDC
2026-02-17 23:22:16 |INFO  |Generatiing signal for WETH/USDC...
2026-02-17 23:22:16 |INFO  |WETH/USDC Prices | CEX: 1980.53 | DEX: 2001.153818053346
2026-02-17 23:22:16 |INFO  |📊 WETH/USDC Spreads | BuyCex->SellDex: 43.33 bps | BuyDex->SellCex: -103.11 bps | Min Required: 10.00
2026-02-17 23:22:16 |INFO  |💰 WETH/USDC Potential PnL: Gross $0.0172 - Fees $0.1158 = Net $-0.0987 (Min: $0.1000)
2026-02-17 23:22:16 |WARN  |❌ WETH/USDC ignored: Not profitable enough (Net $-0.0987)
2026-02-17 23:22:16 |INFO  |Tick: No signals generated (spreads too tight or API error)
2026-02-17 23:22:18 |INFO  |pair:WETH/USDC
2026-02-17 23:22:18 |INFO  |Generatiing signal for WETH/USDC...
2026-02-17 23:22:18 |INFO  |WETH/USDC Prices | CEX: 1980.53 | DEX: 2001.153818053346
2026-02-17 23:22:18 |INFO  |📊 WETH/USDC Spreads | BuyCex->SellDex: 43.33 bps | BuyDex->SellCex: -103.11 bps | Min Required: 10.00
2026-02-17 23:22:18 |INFO  |💰 WETH/USDC Potential PnL: Gross $0.0172 - Fees $0.1158 = Net $-0.0987 (Min: $0.1000)
2026-02-17 23:22:18 |WARN  |❌ WETH/USDC ignored: Not profitable enough (Net $-0.0987)
2026-02-17 23:22:18 |INFO  |Tick: No signals generated (spreads too tight or API error)
2026-02-17 23:22:20 |INFO  |pair:WETH/USDC
2026-02-17 23:22:20 |INFO  |Generatiing signal for WETH/USDC...
2026-02-17 23:22:21 |INFO  |WETH/USDC Prices | CEX: 1979.8 | DEX: 2001.15380820995
2026-02-17 23:22:21 |INFO  |📊 WETH/USDC Spreads | BuyCex->SellDex: 47.03 bps | BuyDex->SellCex: -106.76 bps | Min Required: 10.00
2026-02-17 23:22:21 |INFO  |💰 WETH/USDC Potential PnL: Gross $0.0186 - Fees $0.1158 = Net $-0.0972 (Min: $0.1000)
2026-02-17 23:22:21 |WARN  |❌ WETH/USDC ignored: Not profitable enough (Net $-0.0972)
2026-02-17 23:22:21 |INFO  |Tick: No signals generated (spreads too tight or API error)
2026-02-17 23:22:23 |INFO  |pair:WETH/USDC
2026-02-17 23:22:23 |INFO  |Generatiing signal for WETH/USDC...
2026-02-17 23:22:23 |INFO  |WETH/USDC Prices | CEX: 1980.49 | DEX: 2001.153817513982
2026-02-17 23:22:23 |INFO  |📊 WETH/USDC Spreads | BuyCex->SellDex: 43.53 bps | BuyDex->SellCex: -103.31 bps | Min Required: 10.00
2026-02-17 23:22:23 |INFO  |💰 WETH/USDC Potential PnL: Gross $0.0172 - Fees $0.1158 = Net $-0.0986 (Min: $0.1000)
2026-02-17 23:22:23 |WARN  |❌ WETH/USDC ignored: Not profitable enough (Net $-0.0986)
2026-02-17 23:22:23 |INFO  |Tick: No signals generated (spreads too tight or API error)
2026-02-17 23:22:25 |INFO  |pair:WETH/USDC
2026-02-17 23:22:25 |INFO  |Generatiing signal for WETH/USDC...
2026-02-17 23:22:25 |INFO  |WETH/USDC Prices | CEX: 1980.49 | DEX: 2001.153817513982
2026-02-17 23:22:25 |INFO  |📊 WETH/USDC Spreads | BuyCex->SellDex: 43.53 bps | BuyDex->SellCex: -103.31 bps | Min Required: 10.00
2026-02-17 23:22:25 |INFO  |💰 WETH/USDC Potential PnL: Gross $0.0172 - Fees $0.1158 = Net $-0.0986 (Min: $0.1000)
2026-02-17 23:22:25 |WARN  |❌ WETH/USDC ignored: Not profitable enough (Net $-0.0986)
2026-02-17 23:22:25 |INFO  |Tick: No signals generated (spreads too tight or API error)
2026-02-17 23:22:27 |INFO  |pair:WETH/USDC
2026-02-17 23:22:27 |INFO  |Generatiing signal for WETH/USDC...
2026-02-17 23:22:28 |INFO  |WETH/USDC Prices | CEX: 1980.89 | DEX: 2001.153822907623
2026-02-17 23:22:28 |INFO  |📊 WETH/USDC Spreads | BuyCex->SellDex: 41.50 bps | BuyDex->SellCex: -101.31 bps | Min Required: 10.00
2026-02-17 23:22:28 |INFO  |💰 WETH/USDC Potential PnL: Gross $0.0164 - Fees $0.1158 = Net $-0.0994 (Min: $0.1000)
2026-02-17 23:22:28 |WARN  |❌ WETH/USDC ignored: Not profitable enough (Net $-0.0994)
2026-02-17 23:22:28 |INFO  |Tick: No signals generated (spreads too tight or API error)
2026-02-17 23:22:30 |INFO  |pair:WETH/USDC
2026-02-17 23:22:30 |INFO  |Generatiing signal for WETH/USDC...
2026-02-17 23:22:30 |INFO  |WETH/USDC Prices | CEX: 1980.89 | DEX: 2001.153822907623
2026-02-17 23:22:30 |INFO  |📊 WETH/USDC Spreads | BuyCex->SellDex: 41.50 bps | BuyDex->SellCex: -101.31 bps | Min Required: 10.00
2026-02-17 23:22:30 |INFO  |💰 WETH/USDC Potential PnL: Gross $0.0164 - Fees $0.1158 = Net $-0.0994 (Min: $0.1000)
2026-02-17 23:22:30 |WARN  |❌ WETH/USDC ignored: Not profitable enough (Net $-0.0994)
2026-02-17 23:22:30 |INFO  |Tick: No signals generated (spreads too tight or API error)
2026-02-17 23:22:32 |INFO  |pair:WETH/USDC
2026-02-17 23:22:32 |INFO  |Generatiing signal for WETH/USDC...
2026-02-17 23:22:32 |INFO  |WETH/USDC Prices | CEX: 1981.09 | DEX: 2001.153825604444
2026-02-17 23:22:32 |INFO  |📊 WETH/USDC Spreads | BuyCex->SellDex: 40.49 bps | BuyDex->SellCex: -100.31 bps | Min Required: 10.00
2026-02-17 23:22:32 |INFO  |💰 WETH/USDC Potential PnL: Gross $0.0160 - Fees $0.1158 = Net $-0.0998 (Min: $0.1000)
2026-02-17 23:22:32 |WARN  |❌ WETH/USDC ignored: Not profitable enough (Net $-0.0998)
2026-02-17 23:22:32 |INFO  |Tick: No signals generated (spreads too tight or API error)
2026-02-17 23:22:34 |INFO  |pair:WETH/USDC
2026-02-17 23:22:34 |INFO  |Generatiing signal for WETH/USDC...
2026-02-17 23:22:35 |INFO  |WETH/USDC Prices | CEX: 1980.89 | DEX: 2001.153822907623
2026-02-17 23:22:35 |INFO  |📊 WETH/USDC Spreads | BuyCex->SellDex: 41.50 bps | BuyDex->SellCex: -101.31 bps | Min Required: 10.00
2026-02-17 23:22:35 |INFO  |💰 WETH/USDC Potential PnL: Gross $0.0164 - Fees $0.1158 = Net $-0.0994 (Min: $0.1000)
2026-02-17 23:22:35 |WARN  |❌ WETH/USDC ignored: Not profitable enough (Net $-0.0994)
2026-02-17 23:22:35 |INFO  |Tick: No signals generated (spreads too tight or API error)
2026-02-17 23:22:37 |INFO  |pair:WETH/USDC
2026-02-17 23:22:37 |INFO  |Generatiing signal for WETH/USDC...
2026-02-17 23:22:37 |INFO  |WETH/USDC Prices | CEX: 1980.8 | DEX: 2001.1538216940544
2026-02-17 23:22:37 |INFO  |📊 WETH/USDC Spreads | BuyCex->SellDex: 41.96 bps | BuyDex->SellCex: -101.76 bps | Min Required: 10.00
2026-02-17 23:22:37 |INFO  |💰 WETH/USDC Potential PnL: Gross $0.0166 - Fees $0.1158 = Net $-0.0992 (Min: $0.1000)
2026-02-17 23:22:37 |WARN  |❌ WETH/USDC ignored: Not profitable enough (Net $-0.0992)
2026-02-17 23:22:37 |INFO  |Tick: No signals generated (spreads too tight or API error)
2026-02-17 23:22:41 |INFO  |pair:WETH/USDC
2026-02-17 23:22:41 |INFO  |Generatiing signal for WETH/USDC...
2026-02-17 23:22:41 |INFO  |WETH/USDC Prices | CEX: 1980.8 | DEX: 2001.1538216940544
2026-02-17 23:22:41 |INFO  |📊 WETH/USDC Spreads | BuyCex->SellDex: 41.96 bps | BuyDex->SellCex: -101.76 bps | Min Required: 10.00
2026-02-17 23:22:41 |INFO  |💰 WETH/USDC Potential PnL: Gross $0.0166 - Fees $0.1158 = Net $-0.0992 (Min: $0.1000)
2026-02-17 23:22:41 |WARN  |❌ WETH/USDC ignored: Not profitable enough (Net $-0.0992)
2026-02-17 23:22:41 |INFO  |Tick: No signals generated (spreads too tight or API error)
2026-02-17 23:22:43 |INFO  |pair:WETH/USDC
2026-02-17 23:22:43 |INFO  |Generatiing signal for WETH/USDC...
2026-02-17 23:22:43 |INFO  |WETH/USDC Prices | CEX: 1980.49 | DEX: 2001.153817513982
2026-02-17 23:22:43 |INFO  |📊 WETH/USDC Spreads | BuyCex->SellDex: 43.53 bps | BuyDex->SellCex: -103.31 bps | Min Required: 10.00
2026-02-17 23:22:43 |INFO  |💰 WETH/USDC Potential PnL: Gross $0.0172 - Fees $0.1158 = Net $-0.0986 (Min: $0.1000)
2026-02-17 23:22:43 |WARN  |❌ WETH/USDC ignored: Not profitable enough (Net $-0.0986)
2026-02-17 23:22:43 |INFO  |Tick: No signals generated (spreads too tight or API error)
2026-02-17 23:22:45 |INFO  |pair:WETH/USDC
2026-02-17 23:22:45 |INFO  |Generatiing signal for WETH/USDC...
2026-02-17 23:22:46 |INFO  |WETH/USDC Prices | CEX: 1980.69 | DEX: 2001.1538202108025
2026-02-17 23:22:46 |INFO  |📊 WETH/USDC Spreads | BuyCex->SellDex: 42.52 bps | BuyDex->SellCex: -102.31 bps | Min Required: 10.00
2026-02-17 23:22:46 |INFO  |💰 WETH/USDC Potential PnL: Gross $0.0168 - Fees $0.1158 = Net $-0.0990 (Min: $0.1000)
2026-02-17 23:22:46 |WARN  |❌ WETH/USDC ignored: Not profitable enough (Net $-0.0990)
2026-02-17 23:22:46 |INFO  |Tick: No signals generated (spreads too tight or API error)
2026-02-17 23:22:48 |INFO  |pair:WETH/USDC
2026-02-17 23:22:48 |INFO  |Generatiing signal for WETH/USDC...
2026-02-17 23:22:48 |INFO  |WETH/USDC Prices | CEX: 1980.8 | DEX: 2001.1538216940544
2026-02-17 23:22:48 |INFO  |📊 WETH/USDC Spreads | BuyCex->SellDex: 41.96 bps | BuyDex->SellCex: -101.76 bps | Min Required: 10.00
2026-02-17 23:22:48 |INFO  |💰 WETH/USDC Potential PnL: Gross $0.0166 - Fees $0.1158 = Net $-0.0992 (Min: $0.1000)
2026-02-17 23:22:48 |WARN  |❌ WETH/USDC ignored: Not profitable enough (Net $-0.0992)
2026-02-17 23:22:48 |INFO  |Tick: No signals generated (spreads too tight or API error)
2026-02-17 23:22:50 |INFO  |pair:WETH/USDC
2026-02-17 23:22:50 |INFO  |Generatiing signal for WETH/USDC...
2026-02-17 23:22:51 |INFO  |WETH/USDC Prices | CEX: 1980.8 | DEX: 2001.1538216940544
2026-02-17 23:22:51 |INFO  |📊 WETH/USDC Spreads | BuyCex->SellDex: 41.96 bps | BuyDex->SellCex: -101.76 bps | Min Required: 10.00
2026-02-17 23:22:51 |INFO  |💰 WETH/USDC Potential PnL: Gross $0.0166 - Fees $0.1158 = Net $-0.0992 (Min: $0.1000)
2026-02-17 23:22:51 |WARN  |❌ WETH/USDC ignored: Not profitable enough (Net $-0.0992)
2026-02-17 23:22:51 |INFO  |Tick: No signals generated (spreads too tight or API error)
2026-02-17 23:22:52 |INFO  |pair:WETH/USDC
2026-02-17 23:22:52 |INFO  |Generatiing signal for WETH/USDC...
2026-02-17 23:22:53 |INFO  |WETH/USDC Prices | CEX: 1980.8 | DEX: 2001.1538216940544
2026-02-17 23:22:53 |INFO  |📊 WETH/USDC Spreads | BuyCex->SellDex: 41.96 bps | BuyDex->SellCex: -101.76 bps | Min Required: 10.00
2026-02-17 23:22:53 |INFO  |💰 WETH/USDC Potential PnL: Gross $0.0166 - Fees $0.1158 = Net $-0.0992 (Min: $0.1000)
2026-02-17 23:22:53 |WARN  |❌ WETH/USDC ignored: Not profitable enough (Net $-0.0992)
2026-02-17 23:22:53 |INFO  |Tick: No signals generated (spreads too tight or API error)
2026-02-17 23:22:55 |INFO  |pair:WETH/USDC
2026-02-17 23:22:55 |INFO  |Generatiing signal for WETH/USDC...
2026-02-17 23:22:56 |INFO  |WETH/USDC Prices | CEX: 1980.92 | DEX: 2001.1538233121469
2026-02-17 23:22:56 |INFO  |📊 WETH/USDC Spreads | BuyCex->SellDex: 41.35 bps | BuyDex->SellCex: -101.16 bps | Min Required: 10.00
2026-02-17 23:22:56 |INFO  |💰 WETH/USDC Potential PnL: Gross $0.0164 - Fees $0.1158 = Net $-0.0995 (Min: $0.1000)
2026-02-17 23:22:56 |WARN  |❌ WETH/USDC ignored: Not profitable enough (Net $-0.0995)
2026-02-17 23:22:56 |INFO  |Tick: No signals generated (spreads too tight or API error)
2026-02-17 23:22:58 |INFO  |pair:WETH/USDC
2026-02-17 23:22:58 |INFO  |Generatiing signal for WETH/USDC...
2026-02-17 23:22:58 |INFO  |WETH/USDC Prices | CEX: 1980.49 | DEX: 2001.153817513982
2026-02-17 23:22:58 |INFO  |📊 WETH/USDC Spreads | BuyCex->SellDex: 43.53 bps | BuyDex->SellCex: -103.31 bps | Min Required: 10.00
2026-02-17 23:22:58 |INFO  |💰 WETH/USDC Potential PnL: Gross $0.0172 - Fees $0.1158 = Net $-0.0986 (Min: $0.1000)
2026-02-17 23:22:58 |WARN  |❌ WETH/USDC ignored: Not profitable enough (Net $-0.0986)
2026-02-17 23:22:58 |INFO  |Tick: No signals generated (spreads too tight or API error)
2026-02-17 23:23:00 |INFO  |pair:WETH/USDC
2026-02-17 23:23:00 |INFO  |Generatiing signal for WETH/USDC...
2026-02-17 23:23:00 |INFO  |WETH/USDC Prices | CEX: 1980.17 | DEX: 2001.153813199068
2026-02-17 23:23:00 |INFO  |📊 WETH/USDC Spreads | BuyCex->SellDex: 45.16 bps | BuyDex->SellCex: -104.91 bps | Min Required: 10.00
2026-02-17 23:23:00 |INFO  |💰 WETH/USDC Potential PnL: Gross $0.0179 - Fees $0.1158 = Net $-0.0980 (Min: $0.1000)
2026-02-17 23:23:00 |WARN  |❌ WETH/USDC ignored: Not profitable enough (Net $-0.0980)
2026-02-17 23:23:00 |INFO  |Tick: No signals generated (spreads too tight or API error)
2026-02-17 23:23:02 |INFO  |pair:WETH/USDC
2026-02-17 23:23:02 |INFO  |Generatiing signal for WETH/USDC...
2026-02-17 23:23:03 |INFO  |WETH/USDC Prices | CEX: 1980.48 | DEX: 2001.1538173791412
2026-02-17 23:23:03 |INFO  |📊 WETH/USDC Spreads | BuyCex->SellDex: 43.58 bps | BuyDex->SellCex: -103.36 bps | Min Required: 10.00
2026-02-17 23:23:03 |INFO  |💰 WETH/USDC Potential PnL: Gross $0.0173 - Fees $0.1158 = Net $-0.0986 (Min: $0.1000)
2026-02-17 23:23:03 |WARN  |❌ WETH/USDC ignored: Not profitable enough (Net $-0.0986)
2026-02-17 23:23:03 |INFO  |Tick: No signals generated (spreads too tight or API error)
2026-02-17 23:23:06 |INFO  |pair:WETH/USDC
2026-02-17 23:23:06 |INFO  |Generatiing signal for WETH/USDC...
2026-02-17 23:23:06 |INFO  |WETH/USDC Prices | CEX: 1980.2 | DEX: 2001.1538136035915
2026-02-17 23:23:06 |INFO  |📊 WETH/USDC Spreads | BuyCex->SellDex: 45.00 bps | BuyDex->SellCex: -104.76 bps | Min Required: 10.00
2026-02-17 23:23:06 |INFO  |💰 WETH/USDC Potential PnL: Gross $0.0178 - Fees $0.1158 = Net $-0.0980 (Min: $0.1000)
2026-02-17 23:23:06 |WARN  |❌ WETH/USDC ignored: Not profitable enough (Net $-0.0980)
2026-02-17 23:23:06 |INFO  |Tick: No signals generated (spreads too tight or API error)
2026-02-17 23:23:09 |INFO  |pair:WETH/USDC
2026-02-17 23:23:09 |INFO  |Generatiing signal for WETH/USDC...
2026-02-17 23:23:09 |INFO  |WETH/USDC Prices | CEX: 1980.2 | DEX: 2001.1538136035915
2026-02-17 23:23:09 |INFO  |📊 WETH/USDC Spreads | BuyCex->SellDex: 45.00 bps | BuyDex->SellCex: -104.76 bps | Min Required: 10.00
2026-02-17 23:23:09 |INFO  |💰 WETH/USDC Potential PnL: Gross $0.0178 - Fees $0.1158 = Net $-0.0980 (Min: $0.1000)
2026-02-17 23:23:09 |WARN  |❌ WETH/USDC ignored: Not profitable enough (Net $-0.0980)
2026-02-17 23:23:09 |INFO  |Tick: No signals generated (spreads too tight or API error)
2026-02-17 23:23:12 |INFO  |pair:WETH/USDC
2026-02-17 23:23:12 |INFO  |Generatiing signal for WETH/USDC...
2026-02-17 23:23:12 |INFO  |WETH/USDC Prices | CEX: 1979.54 | DEX: 2001.1538046973408
2026-02-17 23:23:12 |INFO  |📊 WETH/USDC Spreads | BuyCex->SellDex: 48.35 bps | BuyDex->SellCex: -108.06 bps | Min Required: 10.00
2026-02-17 23:23:12 |INFO  |💰 WETH/USDC Potential PnL: Gross $0.0191 - Fees $0.1158 = Net $-0.0967 (Min: $0.1000)
2026-02-17 23:23:12 |WARN  |❌ WETH/USDC ignored: Not profitable enough (Net $-0.0967)
2026-02-17 23:23:12 |INFO  |Tick: No signals generated (spreads too tight or API error)
2026-02-17 23:23:14 |INFO  |pair:WETH/USDC
2026-02-17 23:23:14 |INFO  |Generatiing signal for WETH/USDC...
2026-02-17 23:23:15 |INFO  |WETH/USDC Prices | CEX: 1979.54 | DEX: 2001.1538046973408
2026-02-17 23:23:15 |INFO  |📊 WETH/USDC Spreads | BuyCex->SellDex: 48.35 bps | BuyDex->SellCex: -108.06 bps | Min Required: 10.00
2026-02-17 23:23:15 |INFO  |💰 WETH/USDC Potential PnL: Gross $0.0191 - Fees $0.1158 = Net $-0.0967 (Min: $0.1000)
2026-02-17 23:23:15 |WARN  |❌ WETH/USDC ignored: Not profitable enough (Net $-0.0967)
2026-02-17 23:23:15 |INFO  |Tick: No signals generated (spreads too tight or API error)
2026-02-17 23:23:16 |INFO  |HEALTH | uptime=1166s | last_trade=Nones | cb_open=false | pnl=$0.00 | limit_reached=false
2026-02-17 23:23:17 |INFO  |pair:WETH/USDC
2026-02-17 23:23:17 |INFO  |Generatiing signal for WETH/USDC...
2026-02-17 23:23:18 |INFO  |WETH/USDC Prices | CEX: 1979.42 | DEX: 2001.1538030859904
2026-02-17 23:23:18 |INFO  |📊 WETH/USDC Spreads | BuyCex->SellDex: 48.96 bps | BuyDex->SellCex: -108.66 bps | Min Required: 10.00
2026-02-17 23:23:18 |INFO  |💰 WETH/USDC Potential PnL: Gross $0.0194 - Fees $0.1158 = Net $-0.0965 (Min: $0.1000)
2026-02-17 23:23:18 |WARN  |❌ WETH/USDC ignored: Not profitable enough (Net $-0.0965)
2026-02-17 23:23:18 |INFO  |Tick: No signals generated (spreads too tight or API error)
2026-02-17 23:23:20 |INFO  |pair:WETH/USDC
2026-02-17 23:23:20 |INFO  |Generatiing signal for WETH/USDC...
2026-02-17 23:23:20 |INFO  |WETH/USDC Prices | CEX: 1979.02 | DEX: 2001.153797692349
2026-02-17 23:23:20 |INFO  |📊 WETH/USDC Spreads | BuyCex->SellDex: 50.99 bps | BuyDex->SellCex: -110.66 bps | Min Required: 10.00
2026-02-17 23:23:20 |INFO  |💰 WETH/USDC Potential PnL: Gross $0.0202 - Fees $0.1158 = Net $-0.0956 (Min: $0.1000)
2026-02-17 23:23:20 |WARN  |❌ WETH/USDC ignored: Not profitable enough (Net $-0.0956)
2026-02-17 23:23:20 |INFO  |Tick: No signals generated (spreads too tight or API error)
2026-02-17 23:23:22 |INFO  |pair:WETH/USDC
2026-02-17 23:23:22 |INFO  |Generatiing signal for WETH/USDC...
2026-02-17 23:23:23 |INFO  |WETH/USDC Prices | CEX: 1979.49 | DEX: 2001.1538040298776
2026-02-17 23:23:23 |INFO  |📊 WETH/USDC Spreads | BuyCex->SellDex: 48.61 bps | BuyDex->SellCex: -108.31 bps | Min Required: 10.00
2026-02-17 23:23:23 |INFO  |💰 WETH/USDC Potential PnL: Gross $0.0192 - Fees $0.1158 = Net $-0.0966 (Min: $0.1000)
2026-02-17 23:23:23 |WARN  |❌ WETH/USDC ignored: Not profitable enough (Net $-0.0966)
2026-02-17 23:23:23 |INFO  |Tick: No signals generated (spreads too tight or API error)
2026-02-17 23:23:25 |INFO  |pair:WETH/USDC
2026-02-17 23:23:25 |INFO  |Generatiing signal for WETH/USDC...
2026-02-17 23:23:25 |INFO  |WETH/USDC Prices | CEX: 1979.68 | DEX: 2001.1538065918571
2026-02-17 23:23:25 |INFO  |📊 WETH/USDC Spreads | BuyCex->SellDex: 47.64 bps | BuyDex->SellCex: -107.36 bps | Min Required: 10.00
2026-02-17 23:23:25 |INFO  |💰 WETH/USDC Potential PnL: Gross $0.0189 - Fees $0.1158 = Net $-0.0970 (Min: $0.1000)
2026-02-17 23:23:25 |WARN  |❌ WETH/USDC ignored: Not profitable enough (Net $-0.0970)
2026-02-17 23:23:25 |INFO  |Tick: No signals generated (spreads too tight or API error)
2026-02-17 23:23:27 |INFO  |pair:WETH/USDC
2026-02-17 23:23:27 |INFO  |Generatiing signal for WETH/USDC...
2026-02-17 23:23:27 |INFO  |WETH/USDC Prices | CEX: 1979.51 | DEX: 2001.1538042995594
2026-02-17 23:23:27 |INFO  |📊 WETH/USDC Spreads | BuyCex->SellDex: 48.50 bps | BuyDex->SellCex: -108.21 bps | Min Required: 10.00
2026-02-17 23:23:27 |INFO  |💰 WETH/USDC Potential PnL: Gross $0.0192 - Fees $0.1158 = Net $-0.0966 (Min: $0.1000)
2026-02-17 23:23:27 |WARN  |❌ WETH/USDC ignored: Not profitable enough (Net $-0.0966)
2026-02-17 23:23:27 |INFO  |Tick: No signals generated (spreads too tight or API error)
2026-02-17 23:23:29 |INFO  |pair:WETH/USDC
2026-02-17 23:23:29 |INFO  |Generatiing signal for WETH/USDC...
2026-02-17 23:23:30 |INFO  |WETH/USDC Prices | CEX: 1979.68 | DEX: 2001.1538065918571
2026-02-17 23:23:30 |INFO  |📊 WETH/USDC Spreads | BuyCex->SellDex: 47.64 bps | BuyDex->SellCex: -107.36 bps | Min Required: 10.00
2026-02-17 23:23:30 |INFO  |💰 WETH/USDC Potential PnL: Gross $0.0189 - Fees $0.1158 = Net $-0.0970 (Min: $0.1000)
2026-02-17 23:23:30 |WARN  |❌ WETH/USDC ignored: Not profitable enough (Net $-0.0970)
2026-02-17 23:23:30 |INFO  |Tick: No signals generated (spreads too tight or API error)
2026-02-17 23:23:32 |INFO  |pair:WETH/USDC
2026-02-17 23:23:32 |INFO  |Generatiing signal for WETH/USDC...
2026-02-17 23:23:32 |INFO  |WETH/USDC Prices | CEX: 1979.68 | DEX: 2001.1538065918571
2026-02-17 23:23:32 |INFO  |📊 WETH/USDC Spreads | BuyCex->SellDex: 47.64 bps | BuyDex->SellCex: -107.36 bps | Min Required: 10.00
2026-02-17 23:23:32 |INFO  |💰 WETH/USDC Potential PnL: Gross $0.0189 - Fees $0.1158 = Net $-0.0970 (Min: $0.1000)
2026-02-17 23:23:32 |WARN  |❌ WETH/USDC ignored: Not profitable enough (Net $-0.0970)
2026-02-17 23:23:32 |INFO  |Tick: No signals generated (spreads too tight or API error)
2026-02-17 23:23:35 |INFO  |pair:WETH/USDC
2026-02-17 23:23:35 |INFO  |Generatiing signal for WETH/USDC...
2026-02-17 23:23:35 |INFO  |WETH/USDC Prices | CEX: 1979.84 | DEX: 2001.1538087493147
2026-02-17 23:23:35 |INFO  |📊 WETH/USDC Spreads | BuyCex->SellDex: 46.83 bps | BuyDex->SellCex: -106.56 bps | Min Required: 10.00
2026-02-17 23:23:35 |INFO  |💰 WETH/USDC Potential PnL: Gross $0.0185 - Fees $0.1158 = Net $-0.0973 (Min: $0.1000)
2026-02-17 23:23:35 |WARN  |❌ WETH/USDC ignored: Not profitable enough (Net $-0.0973)
2026-02-17 23:23:35 |INFO  |Tick: No signals generated (spreads too tight or API error)
2026-02-17 23:23:38 |INFO  |pair:WETH/USDC
2026-02-17 23:23:38 |INFO  |Generatiing signal for WETH/USDC...
2026-02-17 23:23:38 |INFO  |WETH/USDC Prices | CEX: 1980.24 | DEX: 2001.1538141429555
2026-02-17 23:23:38 |INFO  |📊 WETH/USDC Spreads | BuyCex->SellDex: 44.80 bps | BuyDex->SellCex: -104.56 bps | Min Required: 10.00
2026-02-17 23:23:38 |INFO  |💰 WETH/USDC Potential PnL: Gross $0.0177 - Fees $0.1158 = Net $-0.0981 (Min: $0.1000)
2026-02-17 23:23:38 |WARN  |❌ WETH/USDC ignored: Not profitable enough (Net $-0.0981)
2026-02-17 23:23:38 |INFO  |Tick: No signals generated (spreads too tight or API error)
2026-02-17 23:23:40 |INFO  |pair:WETH/USDC
2026-02-17 23:23:40 |INFO  |Generatiing signal for WETH/USDC...
2026-02-17 23:23:40 |INFO  |WETH/USDC Prices | CEX: 1980.24 | DEX: 2001.1538141429555
2026-02-17 23:23:40 |INFO  |📊 WETH/USDC Spreads | BuyCex->SellDex: 44.80 bps | BuyDex->SellCex: -104.56 bps | Min Required: 10.00
2026-02-17 23:23:40 |INFO  |💰 WETH/USDC Potential PnL: Gross $0.0177 - Fees $0.1158 = Net $-0.0981 (Min: $0.1000)
2026-02-17 23:23:40 |WARN  |❌ WETH/USDC ignored: Not profitable enough (Net $-0.0981)
2026-02-17 23:23:40 |INFO  |Tick: No signals generated (spreads too tight or API error)
2026-02-17 23:23:43 |INFO  |pair:WETH/USDC
2026-02-17 23:23:43 |INFO  |Generatiing signal for WETH/USDC...
2026-02-17 23:23:43 |INFO  |WETH/USDC Prices | CEX: 1980.24 | DEX: 2001.1538141429555
2026-02-17 23:23:43 |INFO  |📊 WETH/USDC Spreads | BuyCex->SellDex: 44.80 bps | BuyDex->SellCex: -104.56 bps | Min Required: 10.00
2026-02-17 23:23:43 |INFO  |💰 WETH/USDC Potential PnL: Gross $0.0177 - Fees $0.1158 = Net $-0.0981 (Min: $0.1000)
2026-02-17 23:23:43 |WARN  |❌ WETH/USDC ignored: Not profitable enough (Net $-0.0981)
2026-02-17 23:23:43 |INFO  |Tick: No signals generated (spreads too tight or API error)
2026-02-17 23:23:45 |INFO  |pair:WETH/USDC
2026-02-17 23:23:45 |INFO  |Generatiing signal for WETH/USDC...
2026-02-17 23:23:45 |INFO  |WETH/USDC Prices | CEX: 1980.24 | DEX: 2001.1538141429555
2026-02-17 23:23:45 |INFO  |📊 WETH/USDC Spreads | BuyCex->SellDex: 44.80 bps | BuyDex->SellCex: -104.56 bps | Min Required: 10.00
2026-02-17 23:23:45 |INFO  |💰 WETH/USDC Potential PnL: Gross $0.0177 - Fees $0.1158 = Net $-0.0981 (Min: $0.1000)
2026-02-17 23:23:45 |WARN  |❌ WETH/USDC ignored: Not profitable enough (Net $-0.0981)
2026-02-17 23:23:45 |INFO  |Tick: No signals generated (spreads too tight or API error)
2026-02-17 23:23:48 |INFO  |pair:WETH/USDC
2026-02-17 23:23:48 |INFO  |Generatiing signal for WETH/USDC...
2026-02-17 23:23:48 |INFO  |WETH/USDC Prices | CEX: 1979.29 | DEX: 2001.1538013330567
2026-02-17 23:23:48 |INFO  |📊 WETH/USDC Spreads | BuyCex->SellDex: 49.62 bps | BuyDex->SellCex: -109.31 bps | Min Required: 10.00
2026-02-17 23:23:48 |INFO  |💰 WETH/USDC Potential PnL: Gross $0.0196 - Fees $0.1158 = Net $-0.0962 (Min: $0.1000)
2026-02-17 23:23:48 |WARN  |❌ WETH/USDC ignored: Not profitable enough (Net $-0.0962)
2026-02-17 23:23:48 |INFO  |Tick: No signals generated (spreads too tight or API error)
2026-02-17 23:23:50 |INFO  |pair:WETH/USDC
2026-02-17 23:23:50 |INFO  |Generatiing signal for WETH/USDC...
2026-02-17 23:23:51 |INFO  |WETH/USDC Prices | CEX: 1978.64 | DEX: 2001.1537925683895
2026-02-17 23:23:51 |INFO  |📊 WETH/USDC Spreads | BuyCex->SellDex: 52.92 bps | BuyDex->SellCex: -112.55 bps | Min Required: 10.00
2026-02-17 23:23:51 |INFO  |💰 WETH/USDC Potential PnL: Gross $0.0209 - Fees $0.1158 = Net $-0.0949 (Min: $0.1000)
2026-02-17 23:23:51 |WARN  |❌ WETH/USDC ignored: Not profitable enough (Net $-0.0949)
2026-02-17 23:23:51 |INFO  |Tick: No signals generated (spreads too tight or API error)
2026-02-17 23:23:53 |INFO  |pair:WETH/USDC
2026-02-17 23:23:53 |INFO  |Generatiing signal for WETH/USDC...
2026-02-17 23:23:53 |INFO  |WETH/USDC Prices | CEX: 1978.64 | DEX: 2001.1537925683895
2026-02-17 23:23:53 |INFO  |📊 WETH/USDC Spreads | BuyCex->SellDex: 52.92 bps | BuyDex->SellCex: -112.55 bps | Min Required: 10.00
2026-02-17 23:23:53 |INFO  |💰 WETH/USDC Potential PnL: Gross $0.0209 - Fees $0.1158 = Net $-0.0949 (Min: $0.1000)
2026-02-17 23:23:53 |WARN  |❌ WETH/USDC ignored: Not profitable enough (Net $-0.0949)
2026-02-17 23:23:53 |INFO  |Tick: No signals generated (spreads too tight or API error)
2026-02-17 23:23:55 |INFO  |pair:WETH/USDC
2026-02-17 23:23:55 |INFO  |Generatiing signal for WETH/USDC...
2026-02-17 23:23:56 |INFO  |WETH/USDC Prices | CEX: 1978.64 | DEX: 2001.1537925683895
2026-02-17 23:23:56 |INFO  |📊 WETH/USDC Spreads | BuyCex->SellDex: 52.92 bps | BuyDex->SellCex: -112.55 bps | Min Required: 10.00
2026-02-17 23:23:56 |INFO  |💰 WETH/USDC Potential PnL: Gross $0.0209 - Fees $0.1158 = Net $-0.0949 (Min: $0.1000)
2026-02-17 23:23:56 |WARN  |❌ WETH/USDC ignored: Not profitable enough (Net $-0.0949)
2026-02-17 23:23:56 |INFO  |Tick: No signals generated (spreads too tight or API error)
2026-02-17 23:23:58 |INFO  |pair:WETH/USDC
2026-02-17 23:23:58 |INFO  |Generatiing signal for WETH/USDC...
2026-02-17 23:23:58 |INFO  |WETH/USDC Prices | CEX: 1978.13 | DEX: 2001.1537856914963
2026-02-17 23:23:58 |INFO  |📊 WETH/USDC Spreads | BuyCex->SellDex: 55.51 bps | BuyDex->SellCex: -115.10 bps | Min Required: 10.00
2026-02-17 23:23:58 |INFO  |💰 WETH/USDC Potential PnL: Gross $0.0220 - Fees $0.1158 = Net $-0.0939 (Min: $0.1000)
2026-02-17 23:23:58 |WARN  |❌ WETH/USDC ignored: Not profitable enough (Net $-0.0939)
2026-02-17 23:23:58 |INFO  |Tick: No signals generated (spreads too tight or API error)
2026-02-17 23:04:21 |INFO  |pair:WETH/USDC
2026-02-17 23:04:21 |INFO  |Generatiing signal for WETH/USDC...
2026-02-17 23:04:02 |INFO  |WETH/USDC Prices | CEX: 1978.56 | DEX: 2001.1537914829194
2026-02-17 23:04:02 |INFO  |📊 WETH/USDC Spreads | BuyCex->SellDex: 53.33 bps | BuyDex->SellCex: -112.95 bps | Min Required: 10.00
2026-02-17 23:04:02 |INFO  |💰 WETH/USDC Potential PnL: Gross $0.0211 - Fees $0.1158 = Net $-0.0947 (Min: $0.1000)
2026-02-17 23:04:02 |WARN  |❌ WETH/USDC ignored: Not profitable enough (Net $-0.0947)
2026-02-17 23:04:02 |INFO  |Tick: No signals generated (spreads too tight or API error)
2026-02-17 23:04:04 |INFO  |pair:WETH/USDC
2026-02-17 23:04:04 |INFO  |Generatiing signal for WETH/USDC...
2026-02-17 23:04:04 |INFO  |WETH/USDC Prices | CEX: 1978.8 | DEX: 2001.153794725846
2026-02-17 23:04:04 |INFO  |📊 WETH/USDC Spreads | BuyCex->SellDex: 52.11 bps | BuyDex->SellCex: -111.75 bps | Min Required: 10.00
2026-02-17 23:04:04 |INFO  |💰 WETH/USDC Potential PnL: Gross $0.0206 - Fees $0.1158 = Net $-0.0952 (Min: $0.1000)
2026-02-17 23:04:04 |WARN  |❌ WETH/USDC ignored: Not profitable enough (Net $-0.0952)
2026-02-17 23:04:04 |INFO  |Tick: No signals generated (spreads too tight or API error)
2026-02-17 23:04:06 |INFO  |pair:WETH/USDC
2026-02-17 23:04:06 |INFO  |Generatiing signal for WETH/USDC...
2026-02-17 23:04:06 |INFO  |WETH/USDC Prices | CEX: 1978.8 | DEX: 2001.153794725846
2026-02-17 23:04:06 |INFO  |📊 WETH/USDC Spreads | BuyCex->SellDex: 52.11 bps | BuyDex->SellCex: -111.75 bps | Min Required: 10.00
2026-02-17 23:04:06 |INFO  |💰 WETH/USDC Potential PnL: Gross $0.0206 - Fees $0.1158 = Net $-0.0952 (Min: $0.1000)
2026-02-17 23:04:06 |WARN  |❌ WETH/USDC ignored: Not profitable enough (Net $-0.0952)
2026-02-17 23:04:06 |INFO  |Tick: No signals generated (spreads too tight or API error)
2026-02-17 23:04:08 |INFO  |pair:WETH/USDC
2026-02-17 23:04:08 |INFO  |Generatiing signal for WETH/USDC...
2026-02-17 23:04:09 |INFO  |WETH/USDC Prices | CEX: 1978.8 | DEX: 2001.153794725846
2026-02-17 23:04:09 |INFO  |📊 WETH/USDC Spreads | BuyCex->SellDex: 52.11 bps | BuyDex->SellCex: -111.75 bps | Min Required: 10.00
2026-02-17 23:04:09 |INFO  |💰 WETH/USDC Potential PnL: Gross $0.0206 - Fees $0.1158 = Net $-0.0952 (Min: $0.1000)
2026-02-17 23:04:09 |WARN  |❌ WETH/USDC ignored: Not profitable enough (Net $-0.0952)
2026-02-17 23:04:09 |INFO  |Tick: No signals generated (spreads too tight or API error)
2026-02-17 23:04:11 |INFO  |pair:WETH/USDC
2026-02-17 23:04:11 |INFO  |Generatiing signal for WETH/USDC...
2026-02-17 23:04:11 |INFO  |WETH/USDC Prices | CEX: 1978.4 | DEX: 2001.153789332204
2026-02-17 23:04:11 |INFO  |📊 WETH/USDC Spreads | BuyCex->SellDex: 54.14 bps | BuyDex->SellCex: -113.75 bps | Min Required: 10.00
2026-02-17 23:04:11 |INFO  |💰 WETH/USDC Potential PnL: Gross $0.0214 - Fees $0.1158 = Net $-0.0944 (Min: $0.1000)
2026-02-17 23:04:11 |WARN  |❌ WETH/USDC ignored: Not profitable enough (Net $-0.0944)
2026-02-17 23:04:11 |INFO  |Tick: No signals generated (spreads too tight or API error)
2026-02-17 23:04:14 |INFO  |pair:WETH/USDC
2026-02-17 23:04:14 |INFO  |Generatiing signal for WETH/USDC...
2026-02-17 23:04:14 |INFO  |WETH/USDC Prices | CEX: 1978.26 | DEX: 2001.1537874444298
2026-02-17 23:04:14 |INFO  |📊 WETH/USDC Spreads | BuyCex->SellDex: 54.85 bps | BuyDex->SellCex: -114.45 bps | Min Required: 10.00
2026-02-17 23:04:14 |INFO  |💰 WETH/USDC Potential PnL: Gross $0.0217 - Fees $0.1158 = Net $-0.0941 (Min: $0.1000)
2026-02-17 23:04:14 |WARN  |❌ WETH/USDC ignored: Not profitable enough (Net $-0.0941)
2026-02-17 23:04:14 |INFO  |Tick: No signals generated (spreads too tight or API error)
2026-02-17 23:04:16 |INFO  |pair:WETH/USDC
2026-02-17 23:04:16 |INFO  |Generatiing signal for WETH/USDC...
2026-02-17 23:04:16 |INFO  |WETH/USDC Prices | CEX: 1978.21 | DEX: 2001.1537867702239
2026-02-17 23:04:16 |INFO  |📊 WETH/USDC Spreads | BuyCex->SellDex: 55.11 bps | BuyDex->SellCex: -114.70 bps | Min Required: 10.00
2026-02-17 23:04:16 |INFO  |💰 WETH/USDC Potential PnL: Gross $0.0218 - Fees $0.1158 = Net $-0.0940 (Min: $0.1000)
2026-02-17 23:04:16 |WARN  |❌ WETH/USDC ignored: Not profitable enough (Net $-0.0940)
2026-02-17 23:04:16 |INFO  |Tick: No signals generated (spreads too tight or API error)
2026-02-17 23:04:17 |INFO  |HEALTH | uptime=1227s | last_trade=Nones | cb_open=false | pnl=$0.00 | limit_reached=false
2026-02-17 23:04:18 |INFO  |pair:WETH/USDC
2026-02-17 23:04:18 |INFO  |Generatiing signal for WETH/USDC...
2026-02-17 23:04:19 |INFO  |WETH/USDC Prices | CEX: 1978.19 | DEX: 2001.1537865005425
2026-02-17 23:04:19 |INFO  |📊 WETH/USDC Spreads | BuyCex->SellDex: 55.21 bps | BuyDex->SellCex: -114.80 bps | Min Required: 10.00
2026-02-17 23:04:19 |INFO  |💰 WETH/USDC Potential PnL: Gross $0.0218 - Fees $0.1158 = Net $-0.0940 (Min: $0.1000)
2026-02-17 23:04:19 |WARN  |❌ WETH/USDC ignored: Not profitable enough (Net $-0.0940)
2026-02-17 23:04:19 |INFO  |Tick: No signals generated (spreads too tight or API error)
2026-02-17 23:04:21 |INFO  |pair:WETH/USDC
2026-02-17 23:04:21 |INFO  |Generatiing signal for WETH/USDC...
2026-02-17 23:04:21 |INFO  |WETH/USDC Prices | CEX: 1978.19 | DEX: 2001.1537865005425
2026-02-17 23:04:21 |INFO  |📊 WETH/USDC Spreads | BuyCex->SellDex: 55.21 bps | BuyDex->SellCex: -114.80 bps | Min Required: 10.00
2026-02-17 23:04:21 |INFO  |💰 WETH/USDC Potential PnL: Gross $0.0218 - Fees $0.1158 = Net $-0.0940 (Min: $0.1000)
2026-02-17 23:04:21 |WARN  |❌ WETH/USDC ignored: Not profitable enough (Net $-0.0940)
2026-02-17 23:04:21 |INFO  |Tick: No signals generated (spreads too tight or API error)
2026-02-17 23:04:23 |INFO  |pair:WETH/USDC
2026-02-17 23:04:23 |INFO  |Generatiing signal for WETH/USDC...
2026-02-17 23:04:24 |INFO  |WETH/USDC Prices | CEX: 1978.06 | DEX: 2001.1537847476086
2026-02-17 23:04:24 |INFO  |📊 WETH/USDC Spreads | BuyCex->SellDex: 55.87 bps | BuyDex->SellCex: -115.45 bps | Min Required: 10.00
2026-02-17 23:04:24 |INFO  |💰 WETH/USDC Potential PnL: Gross $0.0221 - Fees $0.1158 = Net $-0.0937 (Min: $0.1000)
2026-02-17 23:04:24 |WARN  |❌ WETH/USDC ignored: Not profitable enough (Net $-0.0937)
2026-02-17 23:04:24 |INFO  |Tick: No signals generated (spreads too tight or API error)
2026-02-17 23:04:26 |INFO  |pair:WETH/USDC
2026-02-17 23:04:26 |INFO  |Generatiing signal for WETH/USDC...
2026-02-17 23:04:27 |INFO  |WETH/USDC Prices | CEX: 1978.06 | DEX: 2001.1537847476086
2026-02-17 23:04:27 |INFO  |📊 WETH/USDC Spreads | BuyCex->SellDex: 55.87 bps | BuyDex->SellCex: -115.45 bps | Min Required: 10.00
2026-02-17 23:04:27 |INFO  |💰 WETH/USDC Potential PnL: Gross $0.0221 - Fees $0.1158 = Net $-0.0937 (Min: $0.1000)
2026-02-17 23:04:27 |WARN  |❌ WETH/USDC ignored: Not profitable enough (Net $-0.0937)
2026-02-17 23:04:27 |INFO  |Tick: No signals generated (spreads too tight or API error)
2026-02-17 23:04:29 |INFO  |pair:WETH/USDC
2026-02-17 23:04:29 |INFO  |Generatiing signal for WETH/USDC...
2026-02-17 23:04:29 |INFO  |WETH/USDC Prices | CEX: 1978.06 | DEX: 2001.1537847476086
2026-02-17 23:04:29 |INFO  |📊 WETH/USDC Spreads | BuyCex->SellDex: 55.87 bps | BuyDex->SellCex: -115.45 bps | Min Required: 10.00
2026-02-17 23:04:29 |INFO  |💰 WETH/USDC Potential PnL: Gross $0.0221 - Fees $0.1158 = Net $-0.0937 (Min: $0.1000)
2026-02-17 23:04:29 |WARN  |❌ WETH/USDC ignored: Not profitable enough (Net $-0.0937)
2026-02-17 23:04:29 |INFO  |Tick: No signals generated (spreads too tight or API error)
2026-02-17 23:04:31 |INFO  |pair:WETH/USDC
2026-02-17 23:04:31 |INFO  |Generatiing signal for WETH/USDC...
2026-02-17 23:04:32 |INFO  |WETH/USDC Prices | CEX: 1978.21 | DEX: 2001.1537840734034
2026-02-17 23:04:32 |INFO  |📊 WETH/USDC Spreads | BuyCex->SellDex: 56.12 bps | BuyDex->SellCex: -115.70 bps | Min Required: 10.00
2026-02-17 23:04:32 |INFO  |💰 WETH/USDC Potential PnL: Gross $0.0222 - Fees $0.1158 = Net $-0.0936 (Min: $0.1000)
2026-02-17 23:04:32 |WARN  |❌ WETH/USDC ignored: Not profitable enough (Net $-0.0936)
2026-02-17 23:04:32 |INFO  |Tick: No signals generated (spreads too tight or API error)
2026-02-17 23:04:34 |INFO  |pair:WETH/USDC
2026-02-17 23:04:34 |INFO  |Generatiing signal for WETH/USDC...
2026-02-17 23:04:34 |INFO  |WETH/USDC Prices | CEX: 1978.24 | DEX: 2001.1537871747475
2026-02-17 23:04:34 |INFO  |📊 WETH/USDC Spreads | BuyCex->SellDex: 54.96 bps | BuyDex->SellCex: -114.55 bps | Min Required: 10.00
2026-02-17 23:04:34 |INFO  |💰 WETH/USDC Potential PnL: Gross $0.0217 - Fees $0.1158 = Net $-0.0941 (Min: $0.1000)
2026-02-17 23:04:34 |WARN  |❌ WETH/USDC ignored: Not profitable enough (Net $-0.0941)
2026-02-17 23:04:34 |INFO  |Tick: No signals generated (spreads too tight or API error)
2026-02-17 23:04:37 |INFO  |pair:WETH/USDC
2026-02-17 23:04:37 |INFO  |Generatiing signal for WETH/USDC...
2026-02-17 23:04:37 |INFO  |WETH/USDC Prices | CEX: 1977.53 | DEX: 2001.153777601034
2026-02-17 23:04:37 |INFO  |📊 WETH/USDC Spreads | BuyCex->SellDex: 58.57 bps | BuyDex->SellCex: -118.10 bps | Min Required: 10.00
2026-02-17 23:04:37 |INFO  |💰 WETH/USDC Potential PnL: Gross $0.0232 - Fees $0.1158 = Net $-0.0927 (Min: $0.1000)
2026-02-17 23:04:37 |WARN  |❌ WETH/USDC ignored: Not profitable enough (Net $-0.0927)
2026-02-17 23:04:37 |INFO  |Tick: No signals generated (spreads too tight or API error)
2026-02-17 23:04:40 |INFO  |pair:WETH/USDC
2026-02-17 23:04:40 |INFO  |Generatiing signal for WETH/USDC...
2026-02-17 23:04:40 |INFO  |WETH/USDC Prices | CEX: 1977.53 | DEX: 2001.153777601034
2026-02-17 23:04:40 |INFO  |📊 WETH/USDC Spreads | BuyCex->SellDex: 58.57 bps | BuyDex->SellCex: -118.10 bps | Min Required: 10.00
2026-02-17 23:04:40 |INFO  |💰 WETH/USDC Potential PnL: Gross $0.0232 - Fees $0.1158 = Net $-0.0927 (Min: $0.1000)
2026-02-17 23:04:40 |WARN  |❌ WETH/USDC ignored: Not profitable enough (Net $-0.0927)
2026-02-17 23:04:40 |INFO  |Tick: No signals generated (spreads too tight or API error)
2026-02-17 23:04:43 |INFO  |pair:WETH/USDC
2026-02-17 23:04:43 |INFO  |Generatiing signal for WETH/USDC...
2026-02-17 23:04:43 |INFO  |WETH/USDC Prices | CEX: 1976.51 | DEX: 2001.1537638472473
2026-02-17 23:04:43 |INFO  |📊 WETH/USDC Spreads | BuyCex->SellDex: 63.76 bps | BuyDex->SellCex: -123.20 bps | Min Required: 10.00
2026-02-17 23:04:43 |INFO  |💰 WETH/USDC Potential PnL: Gross $0.0252 - Fees $0.1158 = Net $-0.0906 (Min: $0.1000)
2026-02-17 23:04:43 |WARN  |❌ WETH/USDC ignored: Not profitable enough (Net $-0.0906)
2026-02-17 23:04:43 |INFO  |Tick: No signals generated (spreads too tight or API error)
2026-02-17 23:04:45 |INFO  |pair:WETH/USDC
2026-02-17 23:04:45 |INFO  |Generatiing signal for WETH/USDC...
2026-02-17 23:04:46 |INFO  |WETH/USDC Prices | CEX: 1976.21 | DEX: 2001.1537571051952
2026-02-17 23:04:46 |INFO  |📊 WETH/USDC Spreads | BuyCex->SellDex: 66.30 bps | BuyDex->SellCex: -125.70 bps | Min Required: 10.00
2026-02-17 23:04:46 |INFO  |💰 WETH/USDC Potential PnL: Gross $0.0262 - Fees $0.1158 = Net $-0.0896 (Min: $0.1000)
2026-02-17 23:04:46 |WARN  |❌ WETH/USDC ignored: Not profitable enough (Net $-0.0896)
2026-02-17 23:04:46 |INFO  |Tick: No signals generated (spreads too tight or API error)
2026-02-17 23:04:48 |INFO  |pair:WETH/USDC
2026-02-17 23:04:48 |INFO  |Generatiing signal for WETH/USDC...
2026-02-17 23:04:48 |INFO  |WETH/USDC Prices | CEX: 1976.45 | DEX: 2001.1537630382015
2026-02-17 23:04:48 |INFO  |📊 WETH/USDC Spreads | BuyCex->SellDex: 64.06 bps | BuyDex->SellCex: -123.50 bps | Min Required: 10.00
2026-02-17 23:04:48 |INFO  |💰 WETH/USDC Potential PnL: Gross $0.0253 - Fees $0.1158 = Net $-0.0905 (Min: $0.1000)
2026-02-17 23:04:48 |WARN  |❌ WETH/USDC ignored: Not profitable enough (Net $-0.0905)
2026-02-17 23:04:48 |INFO  |Tick: No signals generated (spreads too tight or API error)
2026-02-17 23:04:51 |INFO  |pair:WETH/USDC
2026-02-17 23:04:51 |INFO  |Generatiing signal for WETH/USDC...
2026-02-17 23:04:51 |INFO  |WETH/USDC Prices | CEX: 1974.95 | DEX: 2001.153742812046
2026-02-17 23:04:51 |INFO  |📊 WETH/USDC Spreads | BuyCex->SellDex: 71.71 bps | BuyDex->SellCex: -130.99 bps | Min Required: 10.00
2026-02-17 23:04:51 |INFO  |💰 WETH/USDC Potential PnL: Gross $0.0283 - Fees $0.1158 = Net $-0.0875 (Min: $0.1000)
2026-02-17 23:04:51 |WARN  |❌ WETH/USDC ignored: Not profitable enough (Net $-0.0875)
2026-02-17 23:04:51 |INFO  |Tick: No signals generated (spreads too tight or API error)
2026-02-17 23:04:53 |INFO  |pair:WETH/USDC
2026-02-17 23:04:53 |INFO  |Generatiing signal for WETH/USDC...
2026-02-17 23:04:54 |INFO  |WETH/USDC Prices | CEX: 1975.1 | DEX: 2001.153744827919
2026-02-17 23:04:54 |INFO  |📊 WETH/USDC Spreads | BuyCex->SellDex: 70.94 bps | BuyDex->SellCex: -130.24 bps | Min Required: 10.00
2026-02-17 23:04:54 |INFO  |💰 WETH/USDC Potential PnL: Gross $0.0280 - Fees $0.1158 = Net $-0.0878 (Min: $0.1000)
2026-02-17 23:04:54 |WARN  |❌ WETH/USDC ignored: Not profitable enough (Net $-0.0878)
2026-02-17 23:04:54 |INFO  |Tick: No signals generated (spreads too tight or API error)
2026-02-17 23:04:55 |INFO  |pair:WETH/USDC
2026-02-17 23:04:55 |INFO  |Generatiing signal for WETH/USDC...
2026-02-17 23:04:56 |INFO  |WETH/USDC Prices | CEX: 1976.09 | DEX: 2001.1537581839243
2026-02-17 23:04:56 |INFO  |📊 WETH/USDC Spreads | BuyCex->SellDex: 65.90 bps | BuyDex->SellCex: -125.30 bps | Min Required: 10.00
2026-02-17 23:04:56 |INFO  |💰 WETH/USDC Potential PnL: Gross $0.0260 - Fees $0.1158 = Net $-0.0898 (Min: $0.1000)
2026-02-17 23:04:56 |WARN  |❌ WETH/USDC ignored: Not profitable enough (Net $-0.0898)
2026-02-17 23:04:56 |INFO  |Tick: No signals generated (spreads too tight or API error)
2026-02-17 23:04:58 |INFO  |pair:WETH/USDC
2026-02-17 23:04:58 |INFO  |Generatiing signal for WETH/USDC...
2026-02-17 23:04:58 |INFO  |WETH/USDC Prices | CEX: 1975.95 | DEX: 2001.1537562961494
2026-02-17 23:04:58 |INFO  |📊 WETH/USDC Spreads | BuyCex->SellDex: 66.61 bps | BuyDex->SellCex: -126.00 bps | Min Required: 10.00
2026-02-17 23:04:58 |INFO  |💰 WETH/USDC Potential PnL: Gross $0.0263 - Fees $0.1158 = Net $-0.0895 (Min: $0.1000)
2026-02-17 23:04:58 |WARN  |❌ WETH/USDC ignored: Not profitable enough (Net $-0.0895)
2026-02-17 23:04:58 |INFO  |Tick: No signals generated (spreads too tight or API error)
2026-02-17 23:05:00 |INFO  |pair:WETH/USDC
2026-02-17 23:05:00 |INFO  |Generatiing signal for WETH/USDC...
2026-02-17 23:05:21 |INFO  |WETH/USDC Prices | CEX: 1975 | DEX: 2001.1537434795082
2026-02-17 23:05:21 |INFO  |📊 WETH/USDC Spreads | BuyCex->SellDex: 71.45 bps | BuyDex->SellCex: -130.74 bps | Min Required: 10.00
2026-02-17 23:05:21 |INFO  |💰 WETH/USDC Potential PnL: Gross $0.0282 - Fees $0.1158 = Net $-0.0876 (Min: $0.1000)
2026-02-17 23:05:21 |WARN  |❌ WETH/USDC ignored: Not profitable enough (Net $-0.0876)
2026-02-17 23:05:21 |INFO  |Tick: No signals generated (spreads too tight or API error)
2026-02-17 23:05:03 |INFO  |pair:WETH/USDC
2026-02-17 23:05:03 |INFO  |Generatiing signal for WETH/USDC...
2026-02-17 23:05:04 |INFO  |WETH/USDC Prices | CEX: 1974.83 | DEX: 2001.1537411872107
2026-02-17 23:05:04 |INFO  |📊 WETH/USDC Spreads | BuyCex->SellDex: 72.32 bps | BuyDex->SellCex: -131.59 bps | Min Required: 10.00
2026-02-17 23:05:04 |INFO  |💰 WETH/USDC Potential PnL: Gross $0.0286 - Fees $0.1158 = Net $-0.0872 (Min: $0.1000)
2026-02-17 23:05:04 |WARN  |❌ WETH/USDC ignored: Not profitable enough (Net $-0.0872)
2026-02-17 23:05:04 |INFO  |Tick: No signals generated (spreads too tight or API error)
2026-02-17 23:05:05 |INFO  |pair:WETH/USDC
2026-02-17 23:05:05 |INFO  |Generatiing signal for WETH/USDC...
2026-02-17 23:05:06 |INFO  |WETH/USDC Prices | CEX: 1975.15 | DEX: 2001.1537455088662
2026-02-17 23:05:06 |INFO  |📊 WETH/USDC Spreads | BuyCex->SellDex: 70.69 bps | BuyDex->SellCex: -129.99 bps | Min Required: 10.00
2026-02-17 23:05:06 |INFO  |💰 WETH/USDC Potential PnL: Gross $0.0279 - Fees $0.1158 = Net $-0.0879 (Min: $0.1000)
2026-02-17 23:05:06 |WARN  |❌ WETH/USDC ignored: Not profitable enough (Net $-0.0879)
2026-02-17 23:05:06 |INFO  |Tick: No signals generated (spreads too tight or API error)
2026-02-17 23:05:08 |INFO  |pair:WETH/USDC
2026-02-17 23:05:08 |INFO  |Generatiing signal for WETH/USDC...
2026-02-17 23:05:08 |INFO  |WETH/USDC Prices | CEX: 1975.1 | DEX: 2001.153744827919
2026-02-17 23:05:08 |INFO  |📊 WETH/USDC Spreads | BuyCex->SellDex: 70.94 bps | BuyDex->SellCex: -130.24 bps | Min Required: 10.00
2026-02-17 23:05:08 |INFO  |💰 WETH/USDC Potential PnL: Gross $0.0280 - Fees $0.1158 = Net $-0.0878 (Min: $0.1000)
2026-02-17 23:05:08 |WARN  |❌ WETH/USDC ignored: Not profitable enough (Net $-0.0878)
2026-02-17 23:05:08 |INFO  |Tick: No signals generated (spreads too tight or API error)
2026-02-17 23:05:11 |INFO  |pair:WETH/USDC
2026-02-17 23:05:11 |INFO  |Generatiing signal for WETH/USDC...
2026-02-17 23:05:12 |INFO  |WETH/USDC Prices | CEX: 1975.4 | DEX: 2001.1537488798926
2026-02-17 23:05:12 |INFO  |📊 WETH/USDC Spreads | BuyCex->SellDex: 69.41 bps | BuyDex->SellCex: -128.74 bps | Min Required: 10.00
2026-02-17 23:05:12 |INFO  |💰 WETH/USDC Potential PnL: Gross $0.0274 - Fees $0.1158 = Net $-0.0884 (Min: $0.1000)
2026-02-17 23:05:12 |WARN  |❌ WETH/USDC ignored: Not profitable enough (Net $-0.0884)
2026-02-17 23:05:12 |INFO  |Tick: No signals generated (spreads too tight or API error)
2026-02-17 23:05:14 |INFO  |pair:WETH/USDC
2026-02-17 23:05:14 |INFO  |Generatiing signal for WETH/USDC...
2026-02-17 23:05:15 |INFO  |WETH/USDC Prices | CEX: 1975.06 | DEX: 2001.1537442885553
2026-02-17 23:05:15 |INFO  |📊 WETH/USDC Spreads | BuyCex->SellDex: 71.14 bps | BuyDex->SellCex: -130.44 bps | Min Required: 10.00
2026-02-17 23:05:15 |INFO  |💰 WETH/USDC Potential PnL: Gross $0.0281 - Fees $0.1158 = Net $-0.0877 (Min: $0.1000)
2026-02-17 23:05:15 |WARN  |❌ WETH/USDC ignored: Not profitable enough (Net $-0.0877)
2026-02-17 23:05:15 |INFO  |Tick: No signals generated (spreads too tight or API error)
2026-02-17 23:05:17 |INFO  |pair:WETH/USDC
2026-02-17 23:05:17 |INFO  |Generatiing signal for WETH/USDC...
2026-02-17 23:05:18 |INFO  |WETH/USDC Prices | CEX: 1974.92 | DEX: 2001.1537424075223
2026-02-17 23:05:18 |INFO  |📊 WETH/USDC Spreads | BuyCex->SellDex: 71.86 bps | BuyDex->SellCex: -131.14 bps | Min Required: 10.00
2026-02-17 23:05:18 |INFO  |💰 WETH/USDC Potential PnL: Gross $0.0284 - Fees $0.1158 = Net $-0.0874 (Min: $0.1000)
2026-02-17 23:05:18 |WARN  |❌ WETH/USDC ignored: Not profitable enough (Net $-0.0874)
2026-02-17 23:05:18 |INFO  |Tick: No signals generated (spreads too tight or API error)
2026-02-17 23:05:19 |INFO  |HEALTH | uptime=1288s | last_trade=Nones | cb_open=false | pnl=$0.00 | limit_reached=false
2026-02-17 23:05:19 |INFO  |pair:WETH/USDC
2026-02-17 23:05:19 |INFO  |Generatiing signal for WETH/USDC...
2026-02-17 23:05:20 |INFO  |WETH/USDC Prices | CEX: 1974.94 | DEX: 2001.153742677205
2026-02-17 23:05:20 |INFO  |📊 WETH/USDC Spreads | BuyCex->SellDex: 71.76 bps | BuyDex->SellCex: -131.04 bps | Min Required: 10.00
2026-02-17 23:05:20 |INFO  |💰 WETH/USDC Potential PnL: Gross $0.0283 - Fees $0.1158 = Net $-0.0875 (Min: $0.1000)
2026-02-17 23:05:20 |WARN  |❌ WETH/USDC ignored: Not profitable enough (Net $-0.0875)
2026-02-17 23:05:20 |INFO  |Tick: No signals generated (spreads too tight or API error)
2026-02-17 23:05:22 |INFO  |pair:WETH/USDC
2026-02-17 23:05:22 |INFO  |Generatiing signal for WETH/USDC...
2026-02-17 23:05:22 |INFO  |WETH/USDC Prices | CEX: 1974.49 | DEX: 2001.1537366093578
2026-02-17 23:05:22 |INFO  |📊 WETH/USDC Spreads | BuyCex->SellDex: 74.05 bps | BuyDex->SellCex: -133.29 bps | Min Required: 10.00
2026-02-17 23:05:22 |INFO  |💰 WETH/USDC Potential PnL: Gross $0.0292 - Fees $0.1158 = Net $-0.0866 (Min: $0.1000)
2026-02-17 23:05:22 |WARN  |❌ WETH/USDC ignored: Not profitable enough (Net $-0.0866)
2026-02-17 23:05:22 |INFO  |Tick: No signals generated (spreads too tight or API error)
2026-02-17 23:05:24 |INFO  |pair:WETH/USDC
2026-02-17 23:05:24 |INFO  |Generatiing signal for WETH/USDC...
2026-02-17 23:05:25 |INFO  |WETH/USDC Prices | CEX: 1974.49 | DEX: 2001.1537366093578
2026-02-17 23:05:25 |INFO  |📊 WETH/USDC Spreads | BuyCex->SellDex: 74.05 bps | BuyDex->SellCex: -133.29 bps | Min Required: 10.00
2026-02-17 23:05:25 |INFO  |💰 WETH/USDC Potential PnL: Gross $0.0292 - Fees $0.1158 = Net $-0.0866 (Min: $0.1000)
2026-02-17 23:05:25 |WARN  |❌ WETH/USDC ignored: Not profitable enough (Net $-0.0866)
2026-02-17 23:05:25 |INFO  |Tick: No signals generated (spreads too tight or API error)
2026-02-17 23:05:27 |INFO  |pair:WETH/USDC
2026-02-17 23:05:27 |INFO  |Generatiing signal for WETH/USDC...
2026-02-17 23:05:27 |INFO  |WETH/USDC Prices | CEX: 1974.02 | DEX: 2001.1537302650872
2026-02-17 23:05:27 |INFO  |📊 WETH/USDC Spreads | BuyCex->SellDex: 76.45 bps | BuyDex->SellCex: -135.64 bps | Min Required: 10.00
2026-02-17 23:05:27 |INFO  |💰 WETH/USDC Potential PnL: Gross $0.0302 - Fees $0.1158 = Net $-0.0856 (Min: $0.1000)
2026-02-17 23:05:27 |WARN  |❌ WETH/USDC ignored: Not profitable enough (Net $-0.0856)
2026-02-17 23:05:27 |INFO  |Tick: No signals generated (spreads too tight or API error)
2026-02-17 23:05:30 |INFO  |pair:WETH/USDC
2026-02-17 23:05:30 |INFO  |Generatiing signal for WETH/USDC...
2026-02-17 23:05:30 |INFO  |WETH/USDC Prices | CEX: 1973.53 | DEX: 2001.1537236646172
2026-02-17 23:05:30 |INFO  |📊 WETH/USDC Spreads | BuyCex->SellDex: 78.95 bps | BuyDex->SellCex: -138.09 bps | Min Required: 10.00
2026-02-17 23:05:30 |INFO  |💰 WETH/USDC Potential PnL: Gross $0.0312 - Fees $0.1158 = Net $-0.0846 (Min: $0.1000)
2026-02-17 23:05:30 |WARN  |❌ WETH/USDC ignored: Not profitable enough (Net $-0.0846)
2026-02-17 23:05:30 |INFO  |Tick: No signals generated (spreads too tight or API error)
2026-02-17 23:05:32 |INFO  |pair:WETH/USDC
2026-02-17 23:05:32 |INFO  |Generatiing signal for WETH/USDC...
2026-02-17 23:05:33 |INFO  |WETH/USDC Prices | CEX: 1972.77 | DEX: 2001.1537134099563
2026-02-17 23:05:33 |INFO  |📊 WETH/USDC Spreads | BuyCex->SellDex: 82.84 bps | BuyDex->SellCex: -141.89 bps | Min Required: 10.00
2026-02-17 23:05:33 |INFO  |💰 WETH/USDC Potential PnL: Gross $0.0327 - Fees $0.1158 = Net $-0.0831 (Min: $0.1000)
2026-02-17 23:05:33 |WARN  |❌ WETH/USDC ignored: Not profitable enough (Net $-0.0831)
2026-02-17 23:05:33 |INFO  |Tick: No signals generated (spreads too tight or API error)
2026-02-17 23:05:34 |INFO  |pair:WETH/USDC
2026-02-17 23:05:34 |INFO  |Generatiing signal for WETH/USDC...
2026-02-17 23:05:35 |INFO  |WETH/USDC Prices | CEX: 1973.49 | DEX: 2001.1537231252535
2026-02-17 23:05:35 |INFO  |📊 WETH/USDC Spreads | BuyCex->SellDex: 79.16 bps | BuyDex->SellCex: -138.29 bps | Min Required: 10.00
2026-02-17 23:05:35 |INFO  |💰 WETH/USDC Potential PnL: Gross $0.0312 - Fees $0.1158 = Net $-0.0845 (Min: $0.1000)
2026-02-17 23:05:35 |WARN  |❌ WETH/USDC ignored: Not profitable enough (Net $-0.0845)
2026-02-17 23:05:35 |INFO  |Tick: No signals generated (spreads too tight or API error)
2026-02-17 23:05:37 |INFO  |pair:WETH/USDC
2026-02-17 23:05:37 |INFO  |Generatiing signal for WETH/USDC...
2026-02-17 23:05:37 |INFO  |WETH/USDC Prices | CEX: 1973.89 | DEX: 2001.1537285188952
2026-02-17 23:05:37 |INFO  |📊 WETH/USDC Spreads | BuyCex->SellDex: 77.11 bps | BuyDex->SellCex: -136.29 bps | Min Required: 10.00
2026-02-17 23:05:37 |INFO  |💰 WETH/USDC Potential PnL: Gross $0.0304 - Fees $0.1158 = Net $-0.0853 (Min: $0.1000)
2026-02-17 23:05:37 |WARN  |❌ WETH/USDC ignored: Not profitable enough (Net $-0.0853)
2026-02-17 23:05:37 |INFO  |Tick: No signals generated (spreads too tight or API error)
2026-02-17 23:05:39 |INFO  |pair:WETH/USDC
2026-02-17 23:05:39 |INFO  |Generatiing signal for WETH/USDC...
2026-02-17 23:05:40 |INFO  |WETH/USDC Prices | CEX: 1973.89 | DEX: 2001.1537285188952
2026-02-17 23:05:40 |INFO  |📊 WETH/USDC Spreads | BuyCex->SellDex: 77.11 bps | BuyDex->SellCex: -136.29 bps | Min Required: 10.00
2026-02-17 23:05:40 |INFO  |💰 WETH/USDC Potential PnL: Gross $0.0304 - Fees $0.1158 = Net $-0.0853 (Min: $0.1000)
2026-02-17 23:05:40 |WARN  |❌ WETH/USDC ignored: Not profitable enough (Net $-0.0853)
2026-02-17 23:05:40 |INFO  |Tick: No signals generated (spreads too tight or API error)
2026-02-17 23:05:42 |INFO  |pair:WETH/USDC
2026-02-17 23:05:42 |INFO  |Generatiing signal for WETH/USDC...
2026-02-17 23:05:42 |INFO  |WETH/USDC Prices | CEX: 1974.28 | DEX: 2001.153733777696
2026-02-17 23:05:42 |INFO  |📊 WETH/USDC Spreads | BuyCex->SellDex: 75.12 bps | BuyDex->SellCex: -134.34 bps | Min Required: 10.00
2026-02-17 23:05:42 |INFO  |💰 WETH/USDC Potential PnL: Gross $0.0297 - Fees $0.1158 = Net $-0.0861 (Min: $0.1000)
2026-02-17 23:05:42 |WARN  |❌ WETH/USDC ignored: Not profitable enough (Net $-0.0861)
2026-02-17 23:05:42 |INFO  |Tick: No signals generated (spreads too tight or API error)
2026-02-17 23:05:44 |INFO  |pair:WETH/USDC
2026-02-17 23:05:44 |INFO  |Generatiing signal for WETH/USDC...
2026-02-17 23:05:45 |INFO  |WETH/USDC Prices | CEX: 1974.65 | DEX: 2001.1537387668145
2026-02-17 23:05:45 |INFO  |📊 WETH/USDC Spreads | BuyCex->SellDex: 73.24 bps | BuyDex->SellCex: -132.49 bps | Min Required: 10.00
2026-02-17 23:05:45 |INFO  |💰 WETH/USDC Potential PnL: Gross $0.0289 - Fees $0.1158 = Net $-0.0869 (Min: $0.1000)
2026-02-17 23:05:45 |WARN  |❌ WETH/USDC ignored: Not profitable enough (Net $-0.0869)
2026-02-17 23:05:45 |INFO  |Tick: No signals generated (spreads too tight or API error)
2026-02-17 23:05:47 |INFO  |pair:WETH/USDC
2026-02-17 23:05:47 |INFO  |Generatiing signal for WETH/USDC...
2026-02-17 23:05:47 |INFO  |WETH/USDC Prices | CEX: 1975.36 | DEX: 2001.1537483405282
2026-02-17 23:05:47 |INFO  |📊 WETH/USDC Spreads | BuyCex->SellDex: 69.62 bps | BuyDex->SellCex: -128.94 bps | Min Required: 10.00
2026-02-17 23:05:47 |INFO  |💰 WETH/USDC Potential PnL: Gross $0.0275 - Fees $0.1158 = Net $-0.0883 (Min: $0.1000)
2026-02-17 23:05:47 |WARN  |❌ WETH/USDC ignored: Not profitable enough (Net $-0.0883)
2026-02-17 23:05:47 |INFO  |Tick: No signals generated (spreads too tight or API error)
2026-02-17 23:05:49 |INFO  |pair:WETH/USDC
2026-02-17 23:05:49 |INFO  |Generatiing signal for WETH/USDC...
2026-02-17 23:05:49 |INFO  |WETH/USDC Prices | CEX: 1976.16 | DEX: 2001.1537591278118
2026-02-17 23:05:49 |INFO  |📊 WETH/USDC Spreads | BuyCex->SellDex: 65.54 bps | BuyDex->SellCex: -124.95 bps | Min Required: 10.00
2026-02-17 23:05:49 |INFO  |💰 WETH/USDC Potential PnL: Gross $0.0259 - Fees $0.1158 = Net $-0.0899 (Min: $0.1000)
2026-02-17 23:05:49 |WARN  |❌ WETH/USDC ignored: Not profitable enough (Net $-0.0899)
2026-02-17 23:05:49 |INFO  |Tick: No signals generated (spreads too tight or API error)
2026-02-17 23:05:51 |INFO  |pair:WETH/USDC
2026-02-17 23:05:51 |INFO  |Generatiing signal for WETH/USDC...
2026-02-17 23:05:52 |INFO  |WETH/USDC Prices | CEX: 1977.15 | DEX: 2001.1537724770747
2026-02-17 23:05:52 |INFO  |📊 WETH/USDC Spreads | BuyCex->SellDex: 60.50 bps | BuyDex->SellCex: -120.00 bps | Min Required: 10.00
2026-02-17 23:05:52 |INFO  |💰 WETH/USDC Potential PnL: Gross $0.0239 - Fees $0.1158 = Net $-0.0919 (Min: $0.1000)
2026-02-17 23:05:52 |WARN  |❌ WETH/USDC ignored: Not profitable enough (Net $-0.0919)
2026-02-17 23:05:52 |INFO  |Tick: No signals generated (spreads too tight or API error)
2026-02-17 23:05:54 |INFO  |pair:WETH/USDC
2026-02-17 23:05:54 |INFO  |Generatiing signal for WETH/USDC...
2026-02-17 23:05:54 |INFO  |WETH/USDC Prices | CEX: 1977.12 | DEX: 2001.1537720658089
2026-02-17 23:05:54 |INFO  |📊 WETH/USDC Spreads | BuyCex->SellDex: 60.65 bps | BuyDex->SellCex: -120.15 bps | Min Required: 10.00
2026-02-17 23:05:54 |INFO  |💰 WETH/USDC Potential PnL: Gross $0.0240 - Fees $0.1158 = Net $-0.0918 (Min: $0.1000)
2026-02-17 23:05:54 |WARN  |❌ WETH/USDC ignored: Not profitable enough (Net $-0.0918)
2026-02-17 23:05:54 |INFO  |Tick: No signals generated (spreads too tight or API error)
2026-02-17 23:05:56 |INFO  |pair:WETH/USDC
2026-02-17 23:05:56 |INFO  |Generatiing signal for WETH/USDC...
2026-02-17 23:05:56 |INFO  |WETH/USDC Prices | CEX: 1976.72 | DEX: 2001.1537666789097
2026-02-17 23:05:56 |INFO  |📊 WETH/USDC Spreads | BuyCex->SellDex: 62.69 bps | BuyDex->SellCex: -122.15 bps | Min Required: 10.00
2026-02-17 23:05:56 |INFO  |💰 WETH/USDC Potential PnL: Gross $0.0248 - Fees $0.1158 = Net $-0.0910 (Min: $0.1000)
2026-02-17 23:05:56 |WARN  |❌ WETH/USDC ignored: Not profitable enough (Net $-0.0910)
2026-02-17 23:05:56 |INFO  |Tick: No signals generated (spreads too tight or API error)
2026-02-17 23:05:59 |INFO  |pair:WETH/USDC
2026-02-17 23:05:59 |INFO  |Generatiing signal for WETH/USDC...
2026-02-17 23:05:59 |INFO  |WETH/USDC Prices | CEX: 1976.72 | DEX: 2001.1537666789097
2026-02-17 23:05:59 |INFO  |📊 WETH/USDC Spreads | BuyCex->SellDex: 62.69 bps | BuyDex->SellCex: -122.15 bps | Min Required: 10.00
2026-02-17 23:05:59 |INFO  |💰 WETH/USDC Potential PnL: Gross $0.0248 - Fees $0.1158 = Net $-0.0910 (Min: $0.1000)
2026-02-17 23:05:59 |WARN  |❌ WETH/USDC ignored: Not profitable enough (Net $-0.0910)
2026-02-17 23:05:59 |INFO  |Tick: No signals generated (spreads too tight or API error)
2026-02-17 23:06:21 |INFO  |pair:WETH/USDC
2026-02-17 23:06:21 |INFO  |Generatiing signal for WETH/USDC...
2026-02-17 23:06:21 |INFO  |WETH/USDC Prices | CEX: 1976.88 | DEX: 2001.1537688363665
2026-02-17 23:06:21 |INFO  |📊 WETH/USDC Spreads | BuyCex->SellDex: 61.87 bps | BuyDex->SellCex: -121.35 bps | Min Required: 10.00
2026-02-17 23:06:21 |INFO  |💰 WETH/USDC Potential PnL: Gross $0.0245 - Fees $0.1158 = Net $-0.0914 (Min: $0.1000)
2026-02-17 23:06:21 |WARN  |❌ WETH/USDC ignored: Not profitable enough (Net $-0.0914)
2026-02-17 23:06:21 |INFO  |Tick: No signals generated (spreads too tight or API error)
2026-02-17 23:06:04 |INFO  |pair:WETH/USDC
2026-02-17 23:06:04 |INFO  |Generatiing signal for WETH/USDC...
2026-02-17 23:06:04 |INFO  |WETH/USDC Prices | CEX: 1977.4 | DEX: 2001.153775848101
2026-02-17 23:06:04 |INFO  |📊 WETH/USDC Spreads | BuyCex->SellDex: 59.23 bps | BuyDex->SellCex: -118.75 bps | Min Required: 10.00
2026-02-17 23:06:04 |INFO  |💰 WETH/USDC Potential PnL: Gross $0.0234 - Fees $0.1158 = Net $-0.0924 (Min: $0.1000)
2026-02-17 23:06:04 |WARN  |❌ WETH/USDC ignored: Not profitable enough (Net $-0.0924)
2026-02-17 23:06:04 |INFO  |Tick: No signals generated (spreads too tight or API error)
2026-02-17 23:06:06 |INFO  |pair:WETH/USDC
2026-02-17 23:06:06 |INFO  |Generatiing signal for WETH/USDC...
2026-02-17 23:06:07 |INFO  |WETH/USDC Prices | CEX: 1977.44 | DEX: 2001.1537763874642
2026-02-17 23:06:07 |INFO  |📊 WETH/USDC Spreads | BuyCex->SellDex: 59.02 bps | BuyDex->SellCex: -118.55 bps | Min Required: 10.00
2026-02-17 23:06:07 |INFO  |💰 WETH/USDC Potential PnL: Gross $0.0233 - Fees $0.1158 = Net $-0.0925 (Min: $0.1000)
2026-02-17 23:06:07 |WARN  |❌ WETH/USDC ignored: Not profitable enough (Net $-0.0925)
2026-02-17 23:06:07 |INFO  |Tick: No signals generated (spreads too tight or API error)
2026-02-17 23:06:09 |INFO  |pair:WETH/USDC
2026-02-17 23:06:09 |INFO  |Generatiing signal for WETH/USDC...
2026-02-17 23:06:09 |INFO  |WETH/USDC Prices | CEX: 1976.66 | DEX: 2001.1537658698635
2026-02-17 23:06:09 |INFO  |📊 WETH/USDC Spreads | BuyCex->SellDex: 62.99 bps | BuyDex->SellCex: -122.45 bps | Min Required: 10.00
2026-02-17 23:06:09 |INFO  |💰 WETH/USDC Potential PnL: Gross $0.0249 - Fees $0.1158 = Net $-0.0909 (Min: $0.1000)
2026-02-17 23:06:09 |WARN  |❌ WETH/USDC ignored: Not profitable enough (Net $-0.0909)
2026-02-17 23:06:09 |INFO  |Tick: No signals generated (spreads too tight or API error)
2026-02-17 23:06:11 |INFO  |pair:WETH/USDC
2026-02-17 23:06:11 |INFO  |Generatiing signal for WETH/USDC...
2026-02-17 23:06:12 |INFO  |WETH/USDC Prices | CEX: 1976.49 | DEX: 2001.153763577566
2026-02-17 23:06:12 |INFO  |📊 WETH/USDC Spreads | BuyCex->SellDex: 63.86 bps | BuyDex->SellCex: -123.30 bps | Min Required: 10.00
2026-02-17 23:06:12 |INFO  |💰 WETH/USDC Potential PnL: Gross $0.0252 - Fees $0.1158 = Net $-0.0906 (Min: $0.1000)
2026-02-17 23:06:12 |WARN  |❌ WETH/USDC ignored: Not profitable enough (Net $-0.0906)
2026-02-17 23:06:12 |INFO  |Tick: No signals generated (spreads too tight or API error)
2026-02-17 23:06:14 |INFO  |pair:WETH/USDC
2026-02-17 23:06:14 |INFO  |Generatiing signal for WETH/USDC...
2026-02-17 23:06:14 |INFO  |WETH/USDC Prices | CEX: 1976.02 | DEX: 2001.1537572332952
2026-02-17 23:06:14 |INFO  |📊 WETH/USDC Spreads | BuyCex->SellDex: 66.25 bps | BuyDex->SellCex: -125.65 bps | Min Required: 10.00
2026-02-17 23:06:14 |INFO  |💰 WETH/USDC Potential PnL: Gross $0.0262 - Fees $0.1158 = Net $-0.0896 (Min: $0.1000)
2026-02-17 23:06:14 |WARN  |❌ WETH/USDC ignored: Not profitable enough (Net $-0.0896)
2026-02-17 23:06:14 |INFO  |Tick: No signals generated (spreads too tight or API error)
2026-02-17 23:06:16 |INFO  |pair:WETH/USDC
2026-02-17 23:06:16 |INFO  |Generatiing signal for WETH/USDC...
2026-02-17 23:06:17 |INFO  |WETH/USDC Prices | CEX: 1975.75 | DEX: 2001.1537535925866
2026-02-17 23:06:17 |INFO  |📊 WETH/USDC Spreads | BuyCex->SellDex: 67.63 bps | BuyDex->SellCex: -127.00 bps | Min Required: 10.00
2026-02-17 23:06:17 |INFO  |💰 WETH/USDC Potential PnL: Gross $0.0267 - Fees $0.1158 = Net $-0.0891 (Min: $0.1000)
2026-02-17 23:06:17 |WARN  |❌ WETH/USDC ignored: Not profitable enough (Net $-0.0891)
2026-02-17 23:06:17 |INFO  |Tick: No signals generated (spreads too tight or API error)
2026-02-17 23:06:19 |INFO  |pair:WETH/USDC
2026-02-17 23:06:19 |INFO  |Generatiing signal for WETH/USDC...
2026-02-17 23:06:19 |INFO  |WETH/USDC Prices | CEX: 1975.45 | DEX: 2001.1537495540972
2026-02-17 23:06:19 |INFO  |📊 WETH/USDC Spreads | BuyCex->SellDex: 69.16 bps | BuyDex->SellCex: -128.49 bps | Min Required: 10.00
2026-02-17 23:06:19 |INFO  |💰 WETH/USDC Potential PnL: Gross $0.0273 - Fees $0.1158 = Net $-0.0885 (Min: $0.1000)
2026-02-17 23:06:19 |WARN  |❌ WETH/USDC ignored: Not profitable enough (Net $-0.0885)
2026-02-17 23:06:19 |INFO  |Tick: No signals generated (spreads too tight or API error)
2026-02-17 23:06:20 |INFO  |HEALTH | uptime=1350s | last_trade=Nones | cb_open=false | pnl=$0.00 | limit_reached=false
2026-02-17 23:06:21 |INFO  |pair:WETH/USDC
2026-02-17 23:06:21 |INFO  |Generatiing signal for WETH/USDC...
2026-02-17 23:06:22 |INFO  |WETH/USDC Prices | CEX: 1975.52 | DEX: 2001.1537504979844
2026-02-17 23:06:22 |INFO  |📊 WETH/USDC Spreads | BuyCex->SellDex: 68.80 bps | BuyDex->SellCex: -128.14 bps | Min Required: 10.00
2026-02-17 23:06:22 |INFO  |💰 WETH/USDC Potential PnL: Gross $0.0272 - Fees $0.1158 = Net $-0.0886 (Min: $0.1000)
2026-02-17 23:06:22 |WARN  |❌ WETH/USDC ignored: Not profitable enough (Net $-0.0886)
2026-02-17 23:06:22 |INFO  |Tick: No signals generated (spreads too tight or API error)
2026-02-17 23:06:24 |INFO  |pair:WETH/USDC
2026-02-17 23:06:24 |INFO  |Generatiing signal for WETH/USDC...
2026-02-17 23:06:24 |INFO  |WETH/USDC Prices | CEX: 1975.52 | DEX: 2001.1537504979844
2026-02-17 23:06:24 |INFO  |📊 WETH/USDC Spreads | BuyCex->SellDex: 68.80 bps | BuyDex->SellCex: -128.14 bps | Min Required: 10.00
2026-02-17 23:06:24 |INFO  |💰 WETH/USDC Potential PnL: Gross $0.0272 - Fees $0.1158 = Net $-0.0886 (Min: $0.1000)
2026-02-17 23:06:24 |WARN  |❌ WETH/USDC ignored: Not profitable enough (Net $-0.0886)
2026-02-17 23:06:24 |INFO  |Tick: No signals generated (spreads too tight or API error)
2026-02-17 23:06:26 |INFO  |pair:WETH/USDC
2026-02-17 23:06:26 |INFO  |Generatiing signal for WETH/USDC...
2026-02-17 23:06:26 |INFO  |WETH/USDC Prices | CEX: 1975.6 | DEX: 2001.1537515699713
2026-02-17 23:06:26 |INFO  |📊 WETH/USDC Spreads | BuyCex->SellDex: 68.39 bps | BuyDex->SellCex: -127.75 bps | Min Required: 10.00
2026-02-17 23:06:26 |INFO  |💰 WETH/USDC Potential PnL: Gross $0.0270 - Fees $0.1158 = Net $-0.0888 (Min: $0.1000)
2026-02-17 23:06:26 |WARN  |❌ WETH/USDC ignored: Not profitable enough (Net $-0.0888)
2026-02-17 23:06:26 |INFO  |Tick: No signals generated (spreads too tight or API error)
2026-02-17 23:06:29 |INFO  |pair:WETH/USDC
2026-02-17 23:06:29 |INFO  |Generatiing signal for WETH/USDC...
2026-02-17 23:06:29 |INFO  |WETH/USDC Prices | CEX: 1975.6 | DEX: 2001.1537515699713
2026-02-17 23:06:29 |INFO  |📊 WETH/USDC Spreads | BuyCex->SellDex: 68.39 bps | BuyDex->SellCex: -127.75 bps | Min Required: 10.00
2026-02-17 23:06:29 |INFO  |💰 WETH/USDC Potential PnL: Gross $0.0270 - Fees $0.1158 = Net $-0.0888 (Min: $0.1000)
2026-02-17 23:06:29 |WARN  |❌ WETH/USDC ignored: Not profitable enough (Net $-0.0888)
2026-02-17 23:06:29 |INFO  |Tick: No signals generated (spreads too tight or API error)
2026-02-17 23:06:31 |INFO  |pair:WETH/USDC
2026-02-17 23:06:31 |INFO  |Generatiing signal for WETH/USDC...
2026-02-17 23:06:31 |INFO  |WETH/USDC Prices | CEX: 1975.53 | DEX: 2001.1537506328257
2026-02-17 23:06:31 |INFO  |📊 WETH/USDC Spreads | BuyCex->SellDex: 68.75 bps | BuyDex->SellCex: -128.09 bps | Min Required: 10.00
2026-02-17 23:06:31 |INFO  |💰 WETH/USDC Potential PnL: Gross $0.0272 - Fees $0.1158 = Net $-0.0886 (Min: $0.1000)
2026-02-17 23:06:31 |WARN  |❌ WETH/USDC ignored: Not profitable enough (Net $-0.0886)
2026-02-17 23:06:31 |INFO  |Tick: No signals generated (spreads too tight or API error)
2026-02-17 23:06:34 |INFO  |pair:WETH/USDC
2026-02-17 23:06:34 |INFO  |Generatiing signal for WETH/USDC...
2026-02-17 23:06:34 |INFO  |WETH/USDC Prices | CEX: 1975.37 | DEX: 2001.1537484686273
2026-02-17 23:06:34 |INFO  |📊 WETH/USDC Spreads | BuyCex->SellDex: 69.56 bps | BuyDex->SellCex: -128.89 bps | Min Required: 10.00
2026-02-17 23:06:34 |INFO  |💰 WETH/USDC Potential PnL: Gross $0.0275 - Fees $0.1158 = Net $-0.0883 (Min: $0.1000)
2026-02-17 23:06:34 |WARN  |❌ WETH/USDC ignored: Not profitable enough (Net $-0.0883)
2026-02-17 23:06:34 |INFO  |Tick: No signals generated (spreads too tight or API error)
2026-02-17 23:06:36 |INFO  |pair:WETH/USDC
2026-02-17 23:06:36 |INFO  |Generatiing signal for WETH/USDC...
2026-02-17 23:06:36 |INFO  |WETH/USDC Prices | CEX: 1975.37 | DEX: 2001.1537484686273
2026-02-17 23:06:36 |INFO  |📊 WETH/USDC Spreads | BuyCex->SellDex: 69.56 bps | BuyDex->SellCex: -128.89 bps | Min Required: 10.00
2026-02-17 23:06:36 |INFO  |💰 WETH/USDC Potential PnL: Gross $0.0275 - Fees $0.1158 = Net $-0.0883 (Min: $0.1000)
2026-02-17 23:06:36 |WARN  |❌ WETH/USDC ignored: Not profitable enough (Net $-0.0883)
2026-02-17 23:06:36 |INFO  |Tick: No signals generated (spreads too tight or API error)
2026-02-17 23:06:38 |INFO  |pair:WETH/USDC
2026-02-17 23:06:38 |INFO  |Generatiing signal for WETH/USDC...
2026-02-17 23:06:39 |INFO  |WETH/USDC Prices | CEX: 1975.65 | DEX: 2001.1537522509188
2026-02-17 23:06:39 |INFO  |📊 WETH/USDC Spreads | BuyCex->SellDex: 68.14 bps | BuyDex->SellCex: -127.50 bps | Min Required: 10.00
2026-02-17 23:06:39 |INFO  |💰 WETH/USDC Potential PnL: Gross $0.0269 - Fees $0.1158 = Net $-0.0889 (Min: $0.1000)
2026-02-17 23:06:39 |WARN  |❌ WETH/USDC ignored: Not profitable enough (Net $-0.0889)
2026-02-17 23:06:39 |INFO  |Tick: No signals generated (spreads too tight or API error)
2026-02-17 23:06:41 |INFO  |pair:WETH/USDC
2026-02-17 23:06:41 |INFO  |Generatiing signal for WETH/USDC...
2026-02-17 23:06:42 |INFO  |WETH/USDC Prices | CEX: 1976 | DEX: 2001.1537569703548
2026-02-17 23:06:42 |INFO  |📊 WETH/USDC Spreads | BuyCex->SellDex: 66.35 bps | BuyDex->SellCex: -125.75 bps | Min Required: 10.00
2026-02-17 23:06:42 |INFO  |💰 WETH/USDC Potential PnL: Gross $0.0262 - Fees $0.1158 = Net $-0.0896 (Min: $0.1000)
2026-02-17 23:06:42 |WARN  |❌ WETH/USDC ignored: Not profitable enough (Net $-0.0896)
2026-02-17 23:06:42 |INFO  |Tick: No signals generated (spreads too tight or API error)
2026-02-17 23:06:44 |INFO  |pair:WETH/USDC
2026-02-17 23:06:44 |INFO  |Generatiing signal for WETH/USDC...
2026-02-17 23:06:44 |INFO  |WETH/USDC Prices | CEX: 1976.15 | DEX: 2001.15375899297
2026-02-17 23:06:44 |INFO  |📊 WETH/USDC Spreads | BuyCex->SellDex: 65.59 bps | BuyDex->SellCex: -125.00 bps | Min Required: 10.00
2026-02-17 23:06:44 |INFO  |💰 WETH/USDC Potential PnL: Gross $0.0259 - Fees $0.1158 = Net $-0.0899 (Min: $0.1000)
2026-02-17 23:06:44 |WARN  |❌ WETH/USDC ignored: Not profitable enough (Net $-0.0899)
2026-02-17 23:06:44 |INFO  |Tick: No signals generated (spreads too tight or API error)
2026-02-17 23:06:46 |INFO  |pair:WETH/USDC
2026-02-17 23:06:46 |INFO  |Generatiing signal for WETH/USDC...
2026-02-17 23:06:46 |INFO  |WETH/USDC Prices | CEX: 1976.16 | DEX: 2001.1537591278118
2026-02-17 23:06:46 |INFO  |📊 WETH/USDC Spreads | BuyCex->SellDex: 65.54 bps | BuyDex->SellCex: -124.95 bps | Min Required: 10.00
2026-02-17 23:06:46 |INFO  |💰 WETH/USDC Potential PnL: Gross $0.0259 - Fees $0.1158 = Net $-0.0899 (Min: $0.1000)
2026-02-17 23:06:46 |WARN  |❌ WETH/USDC ignored: Not profitable enough (Net $-0.0899)
2026-02-17 23:06:46 |INFO  |Tick: No signals generated (spreads too tight or API error)
2026-02-17 23:06:49 |INFO  |pair:WETH/USDC
2026-02-17 23:06:49 |INFO  |Generatiing signal for WETH/USDC...
2026-02-17 23:06:49 |INFO  |WETH/USDC Prices | CEX: 1976.16 | DEX: 2001.1537591278118
2026-02-17 23:06:49 |INFO  |📊 WETH/USDC Spreads | BuyCex->SellDex: 65.54 bps | BuyDex->SellCex: -124.95 bps | Min Required: 10.00
2026-02-17 23:06:49 |INFO  |💰 WETH/USDC Potential PnL: Gross $0.0259 - Fees $0.1158 = Net $-0.0899 (Min: $0.1000)
2026-02-17 23:06:49 |WARN  |❌ WETH/USDC ignored: Not profitable enough (Net $-0.0899)
2026-02-17 23:06:49 |INFO  |Tick: No signals generated (spreads too tight or API error)
2026-02-17 23:06:51 |INFO  |pair:WETH/USDC
2026-02-17 23:06:51 |INFO  |Generatiing signal for WETH/USDC...
2026-02-17 23:06:51 |INFO  |WETH/USDC Prices | CEX: 1976.15 | DEX: 2001.15375899297
2026-02-17 23:06:51 |INFO  |📊 WETH/USDC Spreads | BuyCex->SellDex: 65.59 bps | BuyDex->SellCex: -125.00 bps | Min Required: 10.00
2026-02-17 23:06:51 |INFO  |💰 WETH/USDC Potential PnL: Gross $0.0259 - Fees $0.1158 = Net $-0.0899 (Min: $0.1000)
2026-02-17 23:06:51 |WARN  |❌ WETH/USDC ignored: Not profitable enough (Net $-0.0899)
2026-02-17 23:06:51 |INFO  |Tick: No signals generated (spreads too tight or API error)
2026-02-17 23:06:53 |INFO  |pair:WETH/USDC
2026-02-17 23:06:53 |INFO  |Generatiing signal for WETH/USDC...
2026-02-17 23:06:54 |INFO  |WETH/USDC Prices | CEX: 1976.15 | DEX: 2001.15375899297
2026-02-17 23:06:54 |INFO  |📊 WETH/USDC Spreads | BuyCex->SellDex: 65.59 bps | BuyDex->SellCex: -125.00 bps | Min Required: 10.00
2026-02-17 23:06:54 |INFO  |💰 WETH/USDC Potential PnL: Gross $0.0259 - Fees $0.1158 = Net $-0.0899 (Min: $0.1000)
2026-02-17 23:06:54 |WARN  |❌ WETH/USDC ignored: Not profitable enough (Net $-0.0899)
2026-02-17 23:06:54 |INFO  |Tick: No signals generated (spreads too tight or API error)
2026-02-17 23:06:56 |INFO  |pair:WETH/USDC
2026-02-17 23:06:56 |INFO  |Generatiing signal for WETH/USDC...
2026-02-17 23:06:56 |INFO  |WETH/USDC Prices | CEX: 1975.85 | DEX: 2001.1537549409968
2026-02-17 23:06:56 |INFO  |📊 WETH/USDC Spreads | BuyCex->SellDex: 67.12 bps | BuyDex->SellCex: -126.50 bps | Min Required: 10.00
2026-02-17 23:06:56 |INFO  |💰 WETH/USDC Potential PnL: Gross $0.0265 - Fees $0.1158 = Net $-0.0893 (Min: $0.1000)
2026-02-17 23:06:56 |WARN  |❌ WETH/USDC ignored: Not profitable enough (Net $-0.0893)
2026-02-17 23:06:56 |INFO  |Tick: No signals generated (spreads too tight or API error)
2026-02-17 23:06:58 |INFO  |pair:WETH/USDC
2026-02-17 23:06:58 |INFO  |Generatiing signal for WETH/USDC...
2026-02-17 23:06:59 |INFO  |WETH/USDC Prices | CEX: 1976.08 | DEX: 2001.1537580423405
2026-02-17 23:06:59 |INFO  |📊 WETH/USDC Spreads | BuyCex->SellDex: 65.95 bps | BuyDex->SellCex: -125.35 bps | Min Required: 10.00
2026-02-17 23:06:59 |INFO  |💰 WETH/USDC Potential PnL: Gross $0.0261 - Fees $0.1158 = Net $-0.0897 (Min: $0.1000)
2026-02-17 23:06:59 |WARN  |❌ WETH/USDC ignored: Not profitable enough (Net $-0.0897)
2026-02-17 23:06:59 |INFO  |Tick: No signals generated (spreads too tight or API error)
2026-02-17 23:07:21 |INFO  |pair:WETH/USDC
2026-02-17 23:07:21 |INFO  |Generatiing signal for WETH/USDC...
2026-02-17 23:07:21 |INFO  |WETH/USDC Prices | CEX: 1975.53 | DEX: 2001.1537506328257
2026-02-17 23:07:21 |INFO  |📊 WETH/USDC Spreads | BuyCex->SellDex: 68.75 bps | BuyDex->SellCex: -128.09 bps | Min Required: 10.00
2026-02-17 23:07:21 |INFO  |💰 WETH/USDC Potential PnL: Gross $0.0272 - Fees $0.1158 = Net $-0.0886 (Min: $0.1000)
2026-02-17 23:07:21 |WARN  |❌ WETH/USDC ignored: Not profitable enough (Net $-0.0886)
2026-02-17 23:07:21 |INFO  |Tick: No signals generated (spreads too tight or API error)
2026-02-17 23:07:04 |INFO  |pair:WETH/USDC
2026-02-17 23:07:04 |INFO  |Generatiing signal for WETH/USDC...
2026-02-17 23:07:05 |INFO  |WETH/USDC Prices | CEX: 1975.53 | DEX: 2001.1537506328257
2026-02-17 23:07:05 |INFO  |📊 WETH/USDC Spreads | BuyCex->SellDex: 68.75 bps | BuyDex->SellCex: -128.09 bps | Min Required: 10.00
2026-02-17 23:07:05 |INFO  |💰 WETH/USDC Potential PnL: Gross $0.0272 - Fees $0.1158 = Net $-0.0886 (Min: $0.1000)
2026-02-17 23:07:05 |WARN  |❌ WETH/USDC ignored: Not profitable enough (Net $-0.0886)
2026-02-17 23:07:05 |INFO  |Tick: No signals generated (spreads too tight or API error)
2026-02-17 23:07:06 |INFO  |pair:WETH/USDC
2026-02-17 23:07:06 |INFO  |Generatiing signal for WETH/USDC...
2026-02-17 23:07:07 |INFO  |WETH/USDC Prices | CEX: 1975.53 | DEX: 2001.1537506328257
2026-02-17 23:07:07 |INFO  |📊 WETH/USDC Spreads | BuyCex->SellDex: 68.75 bps | BuyDex->SellCex: -128.09 bps | Min Required: 10.00
2026-02-17 23:07:07 |INFO  |💰 WETH/USDC Potential PnL: Gross $0.0272 - Fees $0.1158 = Net $-0.0886 (Min: $0.1000)
2026-02-17 23:07:07 |WARN  |❌ WETH/USDC ignored: Not profitable enough (Net $-0.0886)
2026-02-17 23:07:07 |INFO  |Tick: No signals generated (spreads too tight or API error)
2026-02-17 23:07:10 |INFO  |pair:WETH/USDC
2026-02-17 23:07:10 |INFO  |Generatiing signal for WETH/USDC...
2026-02-17 23:07:10 |INFO  |WETH/USDC Prices | CEX: 1975.17 | DEX: 2001.1537457785485
2026-02-17 23:07:10 |INFO  |📊 WETH/USDC Spreads | BuyCex->SellDex: 70.58 bps | BuyDex->SellCex: -129.89 bps | Min Required: 10.00
2026-02-17 23:07:10 |INFO  |💰 WETH/USDC Potential PnL: Gross $0.0279 - Fees $0.1158 = Net $-0.0879 (Min: $0.1000)
2026-02-17 23:07:10 |WARN  |❌ WETH/USDC ignored: Not profitable enough (Net $-0.0879)
2026-02-17 23:07:10 |INFO  |Tick: No signals generated (spreads too tight or API error)
2026-02-17 23:07:13 |INFO  |pair:WETH/USDC
2026-02-17 23:07:13 |INFO  |Generatiing signal for WETH/USDC...
2026-02-17 23:07:13 |INFO  |WETH/USDC Prices | CEX: 1975.17 | DEX: 2001.1537457785485
2026-02-17 23:07:13 |INFO  |📊 WETH/USDC Spreads | BuyCex->SellDex: 70.58 bps | BuyDex->SellCex: -129.89 bps | Min Required: 10.00
2026-02-17 23:07:13 |INFO  |💰 WETH/USDC Potential PnL: Gross $0.0279 - Fees $0.1158 = Net $-0.0879 (Min: $0.1000)
2026-02-17 23:07:13 |WARN  |❌ WETH/USDC ignored: Not profitable enough (Net $-0.0879)
2026-02-17 23:07:13 |INFO  |Tick: No signals generated (spreads too tight or API error)
2026-02-17 23:07:15 |INFO  |pair:WETH/USDC
2026-02-17 23:07:15 |INFO  |Generatiing signal for WETH/USDC...
2026-02-17 23:07:16 |INFO  |WETH/USDC Prices | CEX: 1975.78 | DEX: 2001.1537540038523
2026-02-17 23:07:16 |INFO  |📊 WETH/USDC Spreads | BuyCex->SellDex: 67.47 bps | BuyDex->SellCex: -126.85 bps | Min Required: 10.00
2026-02-17 23:07:16 |INFO  |💰 WETH/USDC Potential PnL: Gross $0.0267 - Fees $0.1158 = Net $-0.0891 (Min: $0.1000)
2026-02-17 23:07:16 |WARN  |❌ WETH/USDC ignored: Not profitable enough (Net $-0.0891)
2026-02-17 23:07:16 |INFO  |Tick: No signals generated (spreads too tight or API error)
2026-02-17 23:07:18 |INFO  |pair:WETH/USDC
2026-02-17 23:07:18 |INFO  |Generatiing signal for WETH/USDC...
2026-02-17 23:07:18 |INFO  |WETH/USDC Prices | CEX: 1975.78 | DEX: 2001.1537540038523
2026-02-17 23:07:18 |INFO  |📊 WETH/USDC Spreads | BuyCex->SellDex: 67.47 bps | BuyDex->SellCex: -126.85 bps | Min Required: 10.00
2026-02-17 23:07:18 |INFO  |💰 WETH/USDC Potential PnL: Gross $0.0267 - Fees $0.1158 = Net $-0.0891 (Min: $0.1000)
2026-02-17 23:07:18 |WARN  |❌ WETH/USDC ignored: Not profitable enough (Net $-0.0891)
2026-02-17 23:07:18 |INFO  |Tick: No signals generated (spreads too tight or API error)
2026-02-17 23:07:20 |INFO  |pair:WETH/USDC
2026-02-17 23:07:20 |INFO  |Generatiing signal for WETH/USDC...
2026-02-17 23:07:20 |INFO  |WETH/USDC Prices | CEX: 1975.9 | DEX: 2001.1537556219444
2026-02-17 23:07:20 |INFO  |📊 WETH/USDC Spreads | BuyCex->SellDex: 66.86 bps | BuyDex->SellCex: -126.25 bps | Min Required: 10.00
2026-02-17 23:07:20 |INFO  |💰 WETH/USDC Potential PnL: Gross $0.0264 - Fees $0.1158 = Net $-0.0894 (Min: $0.1000)
2026-02-17 23:07:20 |WARN  |❌ WETH/USDC ignored: Not profitable enough (Net $-0.0894)
2026-02-17 23:07:20 |INFO  |Tick: No signals generated (spreads too tight or API error)
2026-02-17 23:07:21 |INFO  |HEALTH | uptime=1411s | last_trade=Nones | cb_open=false | pnl=$0.00 | limit_reached=false
2026-02-17 23:07:23 |INFO  |pair:WETH/USDC
2026-02-17 23:07:23 |INFO  |Generatiing signal for WETH/USDC...
2026-02-17 23:07:23 |INFO  |WETH/USDC Prices | CEX: 1975.61 | DEX: 2001.153751711554
2026-02-17 23:07:23 |INFO  |📊 WETH/USDC Spreads | BuyCex->SellDex: 68.34 bps | BuyDex->SellCex: -127.70 bps | Min Required: 10.00
2026-02-17 23:07:23 |INFO  |💰 WETH/USDC Potential PnL: Gross $0.0270 - Fees $0.1158 = Net $-0.0888 (Min: $0.1000)
2026-02-17 23:07:23 |WARN  |❌ WETH/USDC ignored: Not profitable enough (Net $-0.0888)
2026-02-17 23:07:23 |INFO  |Tick: No signals generated (spreads too tight or API error)
2026-02-17 23:07:25 |INFO  |pair:WETH/USDC
2026-02-17 23:07:25 |INFO  |Generatiing signal for WETH/USDC...
2026-02-17 23:07:26 |INFO  |WETH/USDC Prices | CEX: 1975.37 | DEX: 2001.1537484686273
2026-02-17 23:07:26 |INFO  |📊 WETH/USDC Spreads | BuyCex->SellDex: 69.56 bps | BuyDex->SellCex: -128.89 bps | Min Required: 10.00
2026-02-17 23:07:26 |INFO  |💰 WETH/USDC Potential PnL: Gross $0.0275 - Fees $0.1158 = Net $-0.0883 (Min: $0.1000)
2026-02-17 23:07:26 |WARN  |❌ WETH/USDC ignored: Not profitable enough (Net $-0.0883)
2026-02-17 23:07:26 |INFO  |Tick: No signals generated (spreads too tight or API error)
2026-02-17 23:07:28 |INFO  |pair:WETH/USDC
2026-02-17 23:07:28 |INFO  |Generatiing signal for WETH/USDC...
2026-02-17 23:07:28 |INFO  |WETH/USDC Prices | CEX: 1975.17 | DEX: 2001.1537457785485
2026-02-17 23:07:28 |INFO  |📊 WETH/USDC Spreads | BuyCex->SellDex: 70.58 bps | BuyDex->SellCex: -129.89 bps | Min Required: 10.00
2026-02-17 23:07:28 |INFO  |💰 WETH/USDC Potential PnL: Gross $0.0279 - Fees $0.1158 = Net $-0.0879 (Min: $0.1000)
2026-02-17 23:07:28 |WARN  |❌ WETH/USDC ignored: Not profitable enough (Net $-0.0879)
2026-02-17 23:07:28 |INFO  |Tick: No signals generated (spreads too tight or API error)
2026-02-17 23:07:31 |INFO  |pair:WETH/USDC
2026-02-17 23:07:31 |INFO  |Generatiing signal for WETH/USDC...
2026-02-17 23:07:31 |INFO  |WETH/USDC Prices | CEX: 1975.17 | DEX: 2001.1537457785485
2026-02-17 23:07:31 |INFO  |📊 WETH/USDC Spreads | BuyCex->SellDex: 70.58 bps | BuyDex->SellCex: -129.89 bps | Min Required: 10.00
2026-02-17 23:07:31 |INFO  |💰 WETH/USDC Potential PnL: Gross $0.0279 - Fees $0.1158 = Net $-0.0879 (Min: $0.1000)
2026-02-17 23:07:31 |WARN  |❌ WETH/USDC ignored: Not profitable enough (Net $-0.0879)
2026-02-17 23:07:31 |INFO  |Tick: No signals generated (spreads too tight or API error)
2026-02-17 23:07:33 |INFO  |pair:WETH/USDC
2026-02-17 23:07:33 |INFO  |Generatiing signal for WETH/USDC...
2026-02-17 23:07:33 |INFO  |WETH/USDC Prices | CEX: 1975.17 | DEX: 2001.1537457785485
2026-02-17 23:07:33 |INFO  |📊 WETH/USDC Spreads | BuyCex->SellDex: 70.58 bps | BuyDex->SellCex: -129.89 bps | Min Required: 10.00
2026-02-17 23:07:33 |INFO  |💰 WETH/USDC Potential PnL: Gross $0.0279 - Fees $0.1158 = Net $-0.0879 (Min: $0.1000)
2026-02-17 23:07:33 |WARN  |❌ WETH/USDC ignored: Not profitable enough (Net $-0.0879)
2026-02-17 23:07:33 |INFO  |Tick: No signals generated (spreads too tight or API error)
2026-02-17 23:07:35 |INFO  |pair:WETH/USDC
2026-02-17 23:07:35 |INFO  |Generatiing signal for WETH/USDC...
2026-02-17 23:07:36 |INFO  |WETH/USDC Prices | CEX: 1975.17 | DEX: 2001.1537457785485
2026-02-17 23:07:36 |INFO  |📊 WETH/USDC Spreads | BuyCex->SellDex: 70.58 bps | BuyDex->SellCex: -129.89 bps | Min Required: 10.00
2026-02-17 23:07:36 |INFO  |💰 WETH/USDC Potential PnL: Gross $0.0279 - Fees $0.1158 = Net $-0.0879 (Min: $0.1000)
2026-02-17 23:07:36 |WARN  |❌ WETH/USDC ignored: Not profitable enough (Net $-0.0879)
2026-02-17 23:07:36 |INFO  |Tick: No signals generated (spreads too tight or API error)
2026-02-17 23:07:39 |INFO  |pair:WETH/USDC
2026-02-17 23:07:39 |INFO  |Generatiing signal for WETH/USDC...
2026-02-17 23:07:40 |INFO  |WETH/USDC Prices | CEX: 1975.31 | DEX: 2001.153747659581
2026-02-17 23:07:40 |INFO  |📊 WETH/USDC Spreads | BuyCex->SellDex: 69.87 bps | BuyDex->SellCex: -129.19 bps | Min Required: 10.00
2026-02-17 23:07:40 |INFO  |💰 WETH/USDC Potential PnL: Gross $0.0276 - Fees $0.1158 = Net $-0.0882 (Min: $0.1000)
2026-02-17 23:07:40 |WARN  |❌ WETH/USDC ignored: Not profitable enough (Net $-0.0882)
2026-02-17 23:07:40 |INFO  |Tick: No signals generated (spreads too tight or API error)
2026-02-17 23:07:42 |INFO  |pair:WETH/USDC
2026-02-17 23:07:42 |INFO  |Generatiing signal for WETH/USDC...
2026-02-17 23:07:42 |INFO  |WETH/USDC Prices | CEX: 1974.98 | DEX: 2001.1537432165685
2026-02-17 23:07:42 |INFO  |📊 WETH/USDC Spreads | BuyCex->SellDex: 71.55 bps | BuyDex->SellCex: -130.84 bps | Min Required: 10.00
2026-02-17 23:07:42 |INFO  |💰 WETH/USDC Potential PnL: Gross $0.0283 - Fees $0.1158 = Net $-0.0875 (Min: $0.1000)
2026-02-17 23:07:42 |WARN  |❌ WETH/USDC ignored: Not profitable enough (Net $-0.0875)
2026-02-17 23:07:42 |INFO  |Tick: No signals generated (spreads too tight or API error)
2026-02-17 23:07:45 |INFO  |pair:WETH/USDC
2026-02-17 23:07:45 |INFO  |Generatiing signal for WETH/USDC...
2026-02-17 23:07:45 |INFO  |WETH/USDC Prices | CEX: 1974.81 | DEX: 2001.1537409242715
2026-02-17 23:07:45 |INFO  |📊 WETH/USDC Spreads | BuyCex->SellDex: 72.42 bps | BuyDex->SellCex: -131.69 bps | Min Required: 10.00
2026-02-17 23:07:45 |INFO  |💰 WETH/USDC Potential PnL: Gross $0.0286 - Fees $0.1158 = Net $-0.0872 (Min: $0.1000)
2026-02-17 23:07:45 |WARN  |❌ WETH/USDC ignored: Not profitable enough (Net $-0.0872)
2026-02-17 23:07:45 |INFO  |Tick: No signals generated (spreads too tight or API error)
2026-02-17 23:07:47 |INFO  |pair:WETH/USDC
2026-02-17 23:07:47 |INFO  |Generatiing signal for WETH/USDC...
2026-02-17 23:07:47 |INFO  |WETH/USDC Prices | CEX: 1974.81 | DEX: 2001.1537409242715
2026-02-17 23:07:47 |INFO  |📊 WETH/USDC Spreads | BuyCex->SellDex: 72.42 bps | BuyDex->SellCex: -131.69 bps | Min Required: 10.00
2026-02-17 23:07:47 |INFO  |💰 WETH/USDC Potential PnL: Gross $0.0286 - Fees $0.1158 = Net $-0.0872 (Min: $0.1000)
2026-02-17 23:07:47 |WARN  |❌ WETH/USDC ignored: Not profitable enough (Net $-0.0872)
2026-02-17 23:07:47 |INFO  |Tick: No signals generated (spreads too tight or API error)
2026-02-17 23:07:49 |INFO  |pair:WETH/USDC
2026-02-17 23:07:49 |INFO  |Generatiing signal for WETH/USDC...
2026-02-17 23:07:50 |INFO  |WETH/USDC Prices | CEX: 1974.65 | DEX: 2001.1537387668145
2026-02-17 23:07:50 |INFO  |📊 WETH/USDC Spreads | BuyCex->SellDex: 73.24 bps | BuyDex->SellCex: -132.49 bps | Min Required: 10.00
2026-02-17 23:07:50 |INFO  |💰 WETH/USDC Potential PnL: Gross $0.0289 - Fees $0.1158 = Net $-0.0869 (Min: $0.1000)
2026-02-17 23:07:50 |WARN  |❌ WETH/USDC ignored: Not profitable enough (Net $-0.0869)
2026-02-17 23:07:50 |INFO  |Tick: No signals generated (spreads too tight or API error)
2026-02-17 23:07:52 |INFO  |pair:WETH/USDC
2026-02-17 23:07:52 |INFO  |Generatiing signal for WETH/USDC...
2026-02-17 23:07:52 |INFO  |WETH/USDC Prices | CEX: 1974.09 | DEX: 2001.1537312157159
2026-02-17 23:07:52 |INFO  |📊 WETH/USDC Spreads | BuyCex->SellDex: 76.09 bps | BuyDex->SellCex: -135.29 bps | Min Required: 10.00
2026-02-17 23:07:52 |INFO  |💰 WETH/USDC Potential PnL: Gross $0.0300 - Fees $0.1158 = Net $-0.0857 (Min: $0.1000)
2026-02-17 23:07:52 |WARN  |❌ WETH/USDC ignored: Not profitable enough (Net $-0.0857)
2026-02-17 23:07:52 |INFO  |Tick: No signals generated (spreads too tight or API error)
2026-02-17 23:07:54 |INFO  |pair:WETH/USDC
2026-02-17 23:07:54 |INFO  |Generatiing signal for WETH/USDC...
2026-02-17 23:07:55 |INFO  |WETH/USDC Prices | CEX: 1973.69 | DEX: 2001.1537258220744
2026-02-17 23:07:55 |INFO  |📊 WETH/USDC Spreads | BuyCex->SellDex: 78.14 bps | BuyDex->SellCex: -137.29 bps | Min Required: 10.00
2026-02-17 23:07:55 |INFO  |💰 WETH/USDC Potential PnL: Gross $0.0308 - Fees $0.1158 = Net $-0.0849 (Min: $0.1000)
2026-02-17 23:07:55 |WARN  |❌ WETH/USDC ignored: Not profitable enough (Net $-0.0849)
2026-02-17 23:07:55 |INFO  |Tick: No signals generated (spreads too tight or API error)
2026-02-17 23:07:57 |INFO  |pair:WETH/USDC
2026-02-17 23:07:57 |INFO  |Generatiing signal for WETH/USDC...
2026-02-17 23:07:58 |INFO  |WETH/USDC Prices | CEX: 1973.61 | DEX: 2001.1537247433466
2026-02-17 23:07:58 |INFO  |📊 WETH/USDC Spreads | BuyCex->SellDex: 78.54 bps | BuyDex->SellCex: -137.69 bps | Min Required: 10.00
2026-02-17 23:07:58 |INFO  |💰 WETH/USDC Potential PnL: Gross $0.0310 - Fees $0.1158 = Net $-0.0848 (Min: $0.1000)
2026-02-17 23:07:58 |WARN  |❌ WETH/USDC ignored: Not profitable enough (Net $-0.0848)
2026-02-17 23:07:58 |INFO  |Tick: No signals generated (spreads too tight or API error)
2026-02-17 23:07:59 |INFO  |pair:WETH/USDC
2026-02-17 23:07:59 |INFO  |Generatiing signal for WETH/USDC...
2026-02-17 23:08:00 |INFO  |WETH/USDC Prices | CEX: 1973.45 | DEX: 2001.15372258589
2026-02-17 23:08:00 |INFO  |📊 WETH/USDC Spreads | BuyCex->SellDex: 79.36 bps | BuyDex->SellCex: -138.49 bps | Min Required: 10.00
2026-02-17 23:08:00 |INFO  |💰 WETH/USDC Potential PnL: Gross $0.0313 - Fees $0.1158 = Net $-0.0845 (Min: $0.1000)
2026-02-17 23:08:00 |WARN  |❌ WETH/USDC ignored: Not profitable enough (Net $-0.0845)
2026-02-17 23:08:00 |INFO  |Tick: No signals generated (spreads too tight or API error)
2026-02-17 23:08:02 |INFO  |pair:WETH/USDC
2026-02-17 23:08:02 |INFO  |Generatiing signal for WETH/USDC...
2026-02-17 23:08:02 |INFO  |WETH/USDC Prices | CEX: 1973.45 | DEX: 2001.15372258589
2026-02-17 23:08:02 |INFO  |📊 WETH/USDC Spreads | BuyCex->SellDex: 79.36 bps | BuyDex->SellCex: -138.49 bps | Min Required: 10.00
2026-02-17 23:08:02 |INFO  |💰 WETH/USDC Potential PnL: Gross $0.0313 - Fees $0.1158 = Net $-0.0845 (Min: $0.1000)
2026-02-17 23:08:02 |WARN  |❌ WETH/USDC ignored: Not profitable enough (Net $-0.0845)
2026-02-17 23:08:02 |INFO  |Tick: No signals generated (spreads too tight or API error)
2026-02-17 23:08:04 |INFO  |pair:WETH/USDC
2026-02-17 23:08:04 |INFO  |Generatiing signal for WETH/USDC...
2026-02-17 23:08:04 |INFO  |WETH/USDC Prices | CEX: 1973.68 | DEX: 2001.1537256872339
2026-02-17 23:08:04 |INFO  |📊 WETH/USDC Spreads | BuyCex->SellDex: 78.19 bps | BuyDex->SellCex: -137.34 bps | Min Required: 10.00
2026-02-17 23:08:04 |INFO  |💰 WETH/USDC Potential PnL: Gross $0.0309 - Fees $0.1158 = Net $-0.0849 (Min: $0.1000)
2026-02-17 23:08:04 |WARN  |❌ WETH/USDC ignored: Not profitable enough (Net $-0.0849)
2026-02-17 23:08:04 |INFO  |Tick: No signals generated (spreads too tight or API error)
2026-02-17 23:08:06 |INFO  |pair:WETH/USDC
2026-02-17 23:08:06 |INFO  |Generatiing signal for WETH/USDC...
2026-02-17 23:08:07 |INFO  |WETH/USDC Prices | CEX: 1973.98 | DEX: 2001.1537297324642
2026-02-17 23:08:07 |INFO  |📊 WETH/USDC Spreads | BuyCex->SellDex: 76.65 bps | BuyDex->SellCex: -135.84 bps | Min Required: 10.00
2026-02-17 23:08:07 |INFO  |💰 WETH/USDC Potential PnL: Gross $0.0303 - Fees $0.1158 = Net $-0.0855 (Min: $0.1000)
2026-02-17 23:08:07 |WARN  |❌ WETH/USDC ignored: Not profitable enough (Net $-0.0855)
2026-02-17 23:08:07 |INFO  |Tick: No signals generated (spreads too tight or API error)
2026-02-17 23:08:09 |INFO  |pair:WETH/USDC
2026-02-17 23:08:09 |INFO  |Generatiing signal for WETH/USDC...
2026-02-17 23:08:10 |INFO  |WETH/USDC Prices | CEX: 1975.04 | DEX: 2001.153744018873
2026-02-17 23:08:10 |INFO  |📊 WETH/USDC Spreads | BuyCex->SellDex: 71.25 bps | BuyDex->SellCex: -130.54 bps | Min Required: 10.00
2026-02-17 23:08:10 |INFO  |💰 WETH/USDC Potential PnL: Gross $0.0281 - Fees $0.1158 = Net $-0.0877 (Min: $0.1000)
2026-02-17 23:08:10 |WARN  |❌ WETH/USDC ignored: Not profitable enough (Net $-0.0877)
2026-02-17 23:08:10 |INFO  |Tick: No signals generated (spreads too tight or API error)
2026-02-17 23:08:12 |INFO  |pair:WETH/USDC
2026-02-17 23:08:12 |INFO  |Generatiing signal for WETH/USDC...
2026-02-17 23:08:12 |INFO  |WETH/USDC Prices | CEX: 1974.7 | DEX: 2001.1537394410198
2026-02-17 23:08:12 |INFO  |📊 WETH/USDC Spreads | BuyCex->SellDex: 72.98 bps | BuyDex->SellCex: -132.24 bps | Min Required: 10.00
2026-02-17 23:08:12 |INFO  |💰 WETH/USDC Potential PnL: Gross $0.0288 - Fees $0.1158 = Net $-0.0870 (Min: $0.1000)
2026-02-17 23:08:12 |WARN  |❌ WETH/USDC ignored: Not profitable enough (Net $-0.0870)
2026-02-17 23:08:12 |INFO  |Tick: No signals generated (spreads too tight or API error)
2026-02-17 23:08:14 |INFO  |pair:WETH/USDC
2026-02-17 23:08:14 |INFO  |Generatiing signal for WETH/USDC...
2026-02-17 23:08:15 |INFO  |WETH/USDC Prices | CEX: 1974.85 | DEX: 2001.1537414568925
2026-02-17 23:08:15 |INFO  |📊 WETH/USDC Spreads | BuyCex->SellDex: 72.22 bps | BuyDex->SellCex: -131.49 bps | Min Required: 10.00
2026-02-17 23:08:15 |INFO  |💰 WETH/USDC Potential PnL: Gross $0.0285 - Fees $0.1158 = Net $-0.0873 (Min: $0.1000)
2026-02-17 23:08:15 |WARN  |❌ WETH/USDC ignored: Not profitable enough (Net $-0.0873)
2026-02-17 23:08:15 |INFO  |Tick: No signals generated (spreads too tight or API error)
2026-02-17 23:08:17 |INFO  |pair:WETH/USDC
2026-02-17 23:08:17 |INFO  |Generatiing signal for WETH/USDC...
2026-02-17 23:08:17 |INFO  |WETH/USDC Prices | CEX: 1974.85 | DEX: 2001.1537414568925
2026-02-17 23:08:17 |INFO  |📊 WETH/USDC Spreads | BuyCex->SellDex: 72.22 bps | BuyDex->SellCex: -131.49 bps | Min Required: 10.00
2026-02-17 23:08:17 |INFO  |💰 WETH/USDC Potential PnL: Gross $0.0285 - Fees $0.1158 = Net $-0.0873 (Min: $0.1000)
2026-02-17 23:08:17 |WARN  |❌ WETH/USDC ignored: Not profitable enough (Net $-0.0873)
2026-02-17 23:08:17 |INFO  |Tick: No signals generated (spreads too tight or API error)
2026-02-17 23:08:19 |INFO  |pair:WETH/USDC
2026-02-17 23:08:19 |INFO  |Generatiing signal for WETH/USDC...
2026-02-17 23:08:20 |INFO  |WETH/USDC Prices | CEX: 1974.41 | DEX: 2001.153735530629
2026-02-17 23:08:20 |INFO  |📊 WETH/USDC Spreads | BuyCex->SellDex: 74.46 bps | BuyDex->SellCex: -133.69 bps | Min Required: 10.00
2026-02-17 23:08:20 |INFO  |💰 WETH/USDC Potential PnL: Gross $0.0294 - Fees $0.1158 = Net $-0.0864 (Min: $0.1000)
2026-02-17 23:08:20 |WARN  |❌ WETH/USDC ignored: Not profitable enough (Net $-0.0864)
2026-02-17 23:08:20 |INFO  |Tick: No signals generated (spreads too tight or API error)
2026-02-17 23:08:22 |INFO  |pair:WETH/USDC
2026-02-17 23:08:22 |INFO  |Generatiing signal for WETH/USDC...
2026-02-17 23:08:22 |INFO  |WETH/USDC Prices | CEX: 1974.65 | DEX: 2001.1537387668145
2026-02-17 23:08:22 |INFO  |📊 WETH/USDC Spreads | BuyCex->SellDex: 73.24 bps | BuyDex->SellCex: -132.49 bps | Min Required: 10.00
2026-02-17 23:08:22 |INFO  |💰 WETH/USDC Potential PnL: Gross $0.0289 - Fees $0.1158 = Net $-0.0869 (Min: $0.1000)
2026-02-17 23:08:22 |WARN  |❌ WETH/USDC ignored: Not profitable enough (Net $-0.0869)
2026-02-17 23:08:22 |INFO  |Tick: No signals generated (spreads too tight or API error)
2026-02-17 23:08:23 |INFO  |HEALTH | uptime=1473s | last_trade=Nones | cb_open=false | pnl=$0.00 | limit_reached=false
2026-02-17 23:08:24 |INFO  |pair:WETH/USDC
2026-02-17 23:08:24 |INFO  |Generatiing signal for WETH/USDC...
2026-02-17 23:08:24 |INFO  |WETH/USDC Prices | CEX: 1973.72 | DEX: 2001.1537262265974
2026-02-17 23:08:24 |INFO  |📊 WETH/USDC Spreads | BuyCex->SellDex: 77.98 bps | BuyDex->SellCex: -137.14 bps | Min Required: 10.00
2026-02-17 23:08:24 |INFO  |💰 WETH/USDC Potential PnL: Gross $0.0308 - Fees $0.1158 = Net $-0.0850 (Min: $0.1000)
2026-02-17 23:08:24 |WARN  |❌ WETH/USDC ignored: Not profitable enough (Net $-0.0850)
2026-02-17 23:08:24 |INFO  |Tick: No signals generated (spreads too tight or API error)
2026-02-17 23:08:26 |INFO  |pair:WETH/USDC
2026-02-17 23:08:26 |INFO  |Generatiing signal for WETH/USDC...
2026-02-17 23:08:27 |INFO  |WETH/USDC Prices | CEX: 1973.21 | DEX: 2001.153719342962
2026-02-17 23:08:27 |INFO  |📊 WETH/USDC Spreads | BuyCex->SellDex: 80.59 bps | BuyDex->SellCex: -139.69 bps | Min Required: 10.00
2026-02-17 23:08:27 |INFO  |💰 WETH/USDC Potential PnL: Gross $0.0318 - Fees $0.1158 = Net $-0.0840 (Min: $0.1000)
2026-02-17 23:08:27 |WARN  |❌ WETH/USDC ignored: Not profitable enough (Net $-0.0840)
2026-02-17 23:08:27 |INFO  |Tick: No signals generated (spreads too tight or API error)
2026-02-17 23:08:29 |INFO  |pair:WETH/USDC
2026-02-17 23:08:29 |INFO  |Generatiing signal for WETH/USDC...
2026-02-17 23:08:29 |INFO  |WETH/USDC Prices | CEX: 1973 | DEX: 2001.153716511301
2026-02-17 23:08:29 |INFO  |📊 WETH/USDC Spreads | BuyCex->SellDex: 81.66 bps | BuyDex->SellCex: -140.74 bps | Min Required: 10.00
2026-02-17 23:08:29 |INFO  |💰 WETH/USDC Potential PnL: Gross $0.0322 - Fees $0.1158 = Net $-0.0836 (Min: $0.1000)
2026-02-17 23:08:29 |WARN  |❌ WETH/USDC ignored: Not profitable enough (Net $-0.0836)
2026-02-17 23:08:29 |INFO  |Tick: No signals generated (spreads too tight or API error)
2026-02-17 23:08:31 |INFO  |pair:WETH/USDC
2026-02-17 23:08:31 |INFO  |Generatiing signal for WETH/USDC...
2026-02-17 23:08:32 |INFO  |WETH/USDC Prices | CEX: 1972.92 | DEX: 2001.1537154393145
2026-02-17 23:08:32 |INFO  |📊 WETH/USDC Spreads | BuyCex->SellDex: 82.07 bps | BuyDex->SellCex: -141.14 bps | Min Required: 10.00
2026-02-17 23:08:32 |INFO  |💰 WETH/USDC Potential PnL: Gross $0.0324 - Fees $0.1158 = Net $-0.0834 (Min: $0.1000)
2026-02-17 23:08:32 |WARN  |❌ WETH/USDC ignored: Not profitable enough (Net $-0.0834)
2026-02-17 23:08:32 |INFO  |Tick: No signals generated (spreads too tight or API error)
2026-02-17 23:08:34 |INFO  |pair:WETH/USDC
2026-02-17 23:08:34 |INFO  |Generatiing signal for WETH/USDC...
2026-02-17 23:08:34 |INFO  |WETH/USDC Prices | CEX: 1972.83 | DEX: 2001.1537142190032
2026-02-17 23:08:34 |INFO  |📊 WETH/USDC Spreads | BuyCex->SellDex: 82.53 bps | BuyDex->SellCex: -141.59 bps | Min Required: 10.00
2026-02-17 23:08:34 |INFO  |💰 WETH/USDC Potential PnL: Gross $0.0326 - Fees $0.1158 = Net $-0.0832 (Min: $0.1000)
2026-02-17 23:08:34 |WARN  |❌ WETH/USDC ignored: Not profitable enough (Net $-0.0832)
2026-02-17 23:08:34 |INFO  |Tick: No signals generated (spreads too tight or API error)
2026-02-17 23:08:36 |INFO  |pair:WETH/USDC
2026-02-17 23:08:36 |INFO  |Generatiing signal for WETH/USDC...
2026-02-17 23:08:36 |INFO  |WETH/USDC Prices | CEX: 1973.12 | DEX: 2001.153718129393
2026-02-17 23:08:36 |INFO  |📊 WETH/USDC Spreads | BuyCex->SellDex: 81.05 bps | BuyDex->SellCex: -140.14 bps | Min Required: 10.00
2026-02-17 23:08:36 |INFO  |💰 WETH/USDC Potential PnL: Gross $0.0320 - Fees $0.1158 = Net $-0.0838 (Min: $0.1000)
2026-02-17 23:08:36 |WARN  |❌ WETH/USDC ignored: Not profitable enough (Net $-0.0838)
2026-02-17 23:08:36 |INFO  |Tick: No signals generated (spreads too tight or API error)
2026-02-17 23:08:40 |INFO  |pair:WETH/USDC
2026-02-17 23:08:40 |INFO  |Generatiing signal for WETH/USDC...
2026-02-17 23:08:40 |INFO  |WETH/USDC Prices | CEX: 1973.12 | DEX: 2001.153718129393
2026-02-17 23:08:40 |INFO  |📊 WETH/USDC Spreads | BuyCex->SellDex: 81.05 bps | BuyDex->SellCex: -140.14 bps | Min Required: 10.00
2026-02-17 23:08:40 |INFO  |💰 WETH/USDC Potential PnL: Gross $0.0320 - Fees $0.1158 = Net $-0.0838 (Min: $0.1000)
2026-02-17 23:08:40 |WARN  |❌ WETH/USDC ignored: Not profitable enough (Net $-0.0838)
2026-02-17 23:08:40 |INFO  |Tick: No signals generated (spreads too tight or API error)
2026-02-17 23:08:42 |INFO  |pair:WETH/USDC
2026-02-17 23:08:42 |INFO  |Generatiing signal for WETH/USDC...
2026-02-17 23:08:43 |INFO  |WETH/USDC Prices | CEX: 1973.12 | DEX: 2001.153718129393
2026-02-17 23:08:43 |INFO  |📊 WETH/USDC Spreads | BuyCex->SellDex: 81.05 bps | BuyDex->SellCex: -140.14 bps | Min Required: 10.00
2026-02-17 23:08:43 |INFO  |💰 WETH/USDC Potential PnL: Gross $0.0320 - Fees $0.1158 = Net $-0.0838 (Min: $0.1000)
2026-02-17 23:08:43 |WARN  |❌ WETH/USDC ignored: Not profitable enough (Net $-0.0838)
2026-02-17 23:08:43 |INFO  |Tick: No signals generated (spreads too tight or API error)
2026-02-17 23:08:45 |INFO  |pair:WETH/USDC
2026-02-17 23:08:45 |INFO  |Generatiing signal for WETH/USDC...
2026-02-17 23:08:45 |INFO  |WETH/USDC Prices | CEX: 1972.21 | DEX: 2001.1537058656006
2026-02-17 23:08:45 |INFO  |📊 WETH/USDC Spreads | BuyCex->SellDex: 85.70 bps | BuyDex->SellCex: -144.69 bps | Min Required: 10.00
2026-02-17 23:08:45 |INFO  |💰 WETH/USDC Potential PnL: Gross $0.0338 - Fees $0.1158 = Net $-0.0820 (Min: $0.1000)
2026-02-17 23:08:45 |WARN  |❌ WETH/USDC ignored: Not profitable enough (Net $-0.0820)
2026-02-17 23:08:45 |INFO  |Tick: No signals generated (spreads too tight or API error)
2026-02-17 23:08:48 |INFO  |pair:WETH/USDC
2026-02-17 23:08:48 |INFO  |Generatiing signal for WETH/USDC...
2026-02-17 23:08:48 |INFO  |WETH/USDC Prices | CEX: 1972.37 | DEX: 2001.1537080230573
2026-02-17 23:08:48 |INFO  |📊 WETH/USDC Spreads | BuyCex->SellDex: 84.88 bps | BuyDex->SellCex: -143.89 bps | Min Required: 10.00
2026-02-17 23:08:48 |INFO  |💰 WETH/USDC Potential PnL: Gross $0.0335 - Fees $0.1158 = Net $-0.0823 (Min: $0.1000)
2026-02-17 23:08:48 |WARN  |❌ WETH/USDC ignored: Not profitable enough (Net $-0.0823)
2026-02-17 23:08:48 |INFO  |Tick: No signals generated (spreads too tight or API error)
2026-02-17 23:08:50 |INFO  |pair:WETH/USDC
2026-02-17 23:08:50 |INFO  |Generatiing signal for WETH/USDC...
2026-02-17 23:08:51 |INFO  |WETH/USDC Prices | CEX: 1972.38 | DEX: 2001.1537081578988
2026-02-17 23:08:51 |INFO  |📊 WETH/USDC Spreads | BuyCex->SellDex: 84.83 bps | BuyDex->SellCex: -143.84 bps | Min Required: 10.00
2026-02-17 23:08:51 |INFO  |💰 WETH/USDC Potential PnL: Gross $0.0335 - Fees $0.1158 = Net $-0.0823 (Min: $0.1000)
2026-02-17 23:08:51 |WARN  |❌ WETH/USDC ignored: Not profitable enough (Net $-0.0823)
2026-02-17 23:08:51 |INFO  |Tick: No signals generated (spreads too tight or API error)
2026-02-17 23:08:53 |INFO  |pair:WETH/USDC
2026-02-17 23:08:53 |INFO  |Generatiing signal for WETH/USDC...
2026-02-17 23:08:53 |INFO  |WETH/USDC Prices | CEX: 1972.89 | DEX: 2001.1537150347913
2026-02-17 23:08:53 |INFO  |📊 WETH/USDC Spreads | BuyCex->SellDex: 82.22 bps | BuyDex->SellCex: -141.29 bps | Min Required: 10.00
2026-02-17 23:08:53 |INFO  |💰 WETH/USDC Potential PnL: Gross $0.0324 - Fees $0.1158 = Net $-0.0833 (Min: $0.1000)
2026-02-17 23:08:53 |WARN  |❌ WETH/USDC ignored: Not profitable enough (Net $-0.0833)
2026-02-17 23:08:53 |INFO  |Tick: No signals generated (spreads too tight or API error)
2026-02-17 23:08:55 |INFO  |pair:WETH/USDC
2026-02-17 23:08:55 |INFO  |Generatiing signal for WETH/USDC...
2026-02-17 23:08:55 |INFO  |WETH/USDC Prices | CEX: 1972.96 | DEX: 2001.1537159786785
2026-02-17 23:08:55 |INFO  |📊 WETH/USDC Spreads | BuyCex->SellDex: 81.86 bps | BuyDex->SellCex: -140.94 bps | Min Required: 10.00
2026-02-17 23:08:55 |INFO  |💰 WETH/USDC Potential PnL: Gross $0.0323 - Fees $0.1158 = Net $-0.0835 (Min: $0.1000)
2026-02-17 23:08:55 |WARN  |❌ WETH/USDC ignored: Not profitable enough (Net $-0.0835)
2026-02-17 23:08:55 |INFO  |Tick: No signals generated (spreads too tight or API error)
2026-02-17 23:08:58 |INFO  |pair:WETH/USDC
2026-02-17 23:08:58 |INFO  |Generatiing signal for WETH/USDC...
2026-02-17 23:08:58 |INFO  |WETH/USDC Prices | CEX: 1972.09 | DEX: 2001.1537042475077
2026-02-17 23:08:58 |INFO  |📊 WETH/USDC Spreads | BuyCex->SellDex: 86.31 bps | BuyDex->SellCex: -145.28 bps | Min Required: 10.00
2026-02-17 23:08:58 |INFO  |💰 WETH/USDC Potential PnL: Gross $0.0340 - Fees $0.1158 = Net $-0.0817 (Min: $0.1000)
2026-02-17 23:08:58 |WARN  |❌ WETH/USDC ignored: Not profitable enough (Net $-0.0817)
2026-02-17 23:08:58 |INFO  |Tick: No signals generated (spreads too tight or API error)
2026-02-17 23:09:00 |INFO  |pair:WETH/USDC
2026-02-17 23:09:00 |INFO  |Generatiing signal for WETH/USDC...
2026-02-17 23:09:00 |INFO  |WETH/USDC Prices | CEX: 1972.4 | DEX: 2001.1537084275806
2026-02-17 23:09:00 |INFO  |📊 WETH/USDC Spreads | BuyCex->SellDex: 84.73 bps | BuyDex->SellCex: -143.74 bps | Min Required: 10.00
2026-02-17 23:09:00 |INFO  |💰 WETH/USDC Potential PnL: Gross $0.0334 - Fees $0.1158 = Net $-0.0824 (Min: $0.1000)
2026-02-17 23:09:00 |WARN  |❌ WETH/USDC ignored: Not profitable enough (Net $-0.0824)
2026-02-17 23:09:00 |INFO  |Tick: No signals generated (spreads too tight or API error)
2026-02-17 23:09:03 |INFO  |pair:WETH/USDC
2026-02-17 23:09:03 |INFO  |Generatiing signal for WETH/USDC...
2026-02-17 23:09:03 |INFO  |WETH/USDC Prices | CEX: 1972.33 | DEX: 2001.1537074836933
2026-02-17 23:09:03 |INFO  |📊 WETH/USDC Spreads | BuyCex->SellDex: 85.08 bps | BuyDex->SellCex: -144.09 bps | Min Required: 10.00
2026-02-17 23:09:03 |INFO  |💰 WETH/USDC Potential PnL: Gross $0.0336 - Fees $0.1158 = Net $-0.0822 (Min: $0.1000)
2026-02-17 23:09:03 |WARN  |❌ WETH/USDC ignored: Not profitable enough (Net $-0.0822)
2026-02-17 23:09:03 |INFO  |Tick: No signals generated (spreads too tight or API error)
2026-02-17 23:09:05 |INFO  |pair:WETH/USDC
2026-02-17 23:09:05 |INFO  |Generatiing signal for WETH/USDC...
2026-02-17 23:09:06 |INFO  |WETH/USDC Prices | CEX: 1971.84 | DEX: 2001.1537008764826
2026-02-17 23:09:06 |INFO  |📊 WETH/USDC Spreads | BuyCex->SellDex: 87.59 bps | BuyDex->SellCex: -146.53 bps | Min Required: 10.00
2026-02-17 23:09:06 |INFO  |💰 WETH/USDC Potential PnL: Gross $0.0345 - Fees $0.1158 = Net $-0.0812 (Min: $0.1000)
2026-02-17 23:09:06 |WARN  |❌ WETH/USDC ignored: Not profitable enough (Net $-0.0812)
2026-02-17 23:09:06 |INFO  |Tick: No signals generated (spreads too tight or API error)
2026-02-17 23:09:09 |INFO  |pair:WETH/USDC
2026-02-17 23:09:09 |INFO  |Generatiing signal for WETH/USDC...
2026-02-17 23:09:09 |INFO  |WETH/USDC Prices | CEX: 1971.76 | DEX: 2001.1536997977541
2026-02-17 23:09:09 |INFO  |📊 WETH/USDC Spreads | BuyCex->SellDex: 88.00 bps | BuyDex->SellCex: -146.93 bps | Min Required: 10.00
2026-02-17 23:09:09 |INFO  |💰 WETH/USDC Potential PnL: Gross $0.0347 - Fees $0.1158 = Net $-0.0811 (Min: $0.1000)
2026-02-17 23:09:09 |WARN  |❌ WETH/USDC ignored: Not profitable enough (Net $-0.0811)
2026-02-17 23:09:09 |INFO  |Tick: No signals generated (spreads too tight or API error)
2026-02-17 23:09:12 |INFO  |pair:WETH/USDC
2026-02-17 23:09:12 |INFO  |Generatiing signal for WETH/USDC...
2026-02-17 23:09:12 |INFO  |WETH/USDC Prices | CEX: 1971.54 | DEX: 2001.1536968245084
2026-02-17 23:09:12 |INFO  |📊 WETH/USDC Spreads | BuyCex->SellDex: 89.13 bps | BuyDex->SellCex: -148.03 bps | Min Required: 10.00
2026-02-17 23:09:12 |INFO  |💰 WETH/USDC Potential PnL: Gross $0.0351 - Fees $0.1158 = Net $-0.0806 (Min: $0.1000)
2026-02-17 23:09:12 |WARN  |❌ WETH/USDC ignored: Not profitable enough (Net $-0.0806)
2026-02-17 23:09:12 |INFO  |Tick: No signals generated (spreads too tight or API error)
2026-02-17 23:09:15 |INFO  |pair:WETH/USDC
2026-02-17 23:09:15 |INFO  |Generatiing signal for WETH/USDC...
2026-02-17 23:09:15 |INFO  |WETH/USDC Prices | CEX: 1971.44 | DEX: 2001.153695482841
2026-02-17 23:09:15 |INFO  |📊 WETH/USDC Spreads | BuyCex->SellDex: 89.64 bps | BuyDex->SellCex: -148.53 bps | Min Required: 10.00
2026-02-17 23:09:15 |INFO  |💰 WETH/USDC Potential PnL: Gross $0.0353 - Fees $0.1158 = Net $-0.0804 (Min: $0.1000)
2026-02-17 23:09:15 |WARN  |❌ WETH/USDC ignored: Not profitable enough (Net $-0.0804)
2026-02-17 23:09:15 |INFO  |Tick: No signals generated (spreads too tight or API error)
2026-02-17 23:09:17 |INFO  |pair:WETH/USDC
2026-02-17 23:09:17 |INFO  |Generatiing signal for WETH/USDC...
2026-02-17 23:09:17 |INFO  |WETH/USDC Prices | CEX: 1971.44 | DEX: 2001.153695482841
2026-02-17 23:09:17 |INFO  |📊 WETH/USDC Spreads | BuyCex->SellDex: 89.64 bps | BuyDex->SellCex: -148.53 bps | Min Required: 10.00
2026-02-17 23:09:17 |INFO  |💰 WETH/USDC Potential PnL: Gross $0.0353 - Fees $0.1158 = Net $-0.0804 (Min: $0.1000)
2026-02-17 23:09:17 |WARN  |❌ WETH/USDC ignored: Not profitable enough (Net $-0.0804)
2026-02-17 23:09:17 |INFO  |Tick: No signals generated (spreads too tight or API error)
2026-02-17 23:09:19 |INFO  |pair:WETH/USDC
2026-02-17 23:09:19 |INFO  |Generatiing signal for WETH/USDC...
2026-02-17 23:09:20 |INFO  |WETH/USDC Prices | CEX: 1971.86 | DEX: 2001.1537011461646
2026-02-17 23:09:20 |INFO  |📊 WETH/USDC Spreads | BuyCex->SellDex: 87.49 bps | BuyDex->SellCex: -146.43 bps | Min Required: 10.00
2026-02-17 23:09:20 |INFO  |💰 WETH/USDC Potential PnL: Gross $0.0345 - Fees $0.1158 = Net $-0.0813 (Min: $0.1000)
2026-02-17 23:09:20 |WARN  |❌ WETH/USDC ignored: Not profitable enough (Net $-0.0813)
2026-02-17 23:09:20 |INFO  |Tick: No signals generated (spreads too tight or API error)
2026-02-17 23:09:22 |INFO  |pair:WETH/USDC
2026-02-17 23:09:22 |INFO  |Generatiing signal for WETH/USDC...
2026-02-17 23:09:22 |INFO  |WETH/USDC Prices | CEX: 1971.86 | DEX: 2001.1537011461646
2026-02-17 23:09:22 |INFO  |📊 WETH/USDC Spreads | BuyCex->SellDex: 87.49 bps | BuyDex->SellCex: -146.43 bps | Min Required: 10.00
2026-02-17 23:09:22 |INFO  |💰 WETH/USDC Potential PnL: Gross $0.0345 - Fees $0.1158 = Net $-0.0813 (Min: $0.1000)
2026-02-17 23:09:22 |WARN  |❌ WETH/USDC ignored: Not profitable enough (Net $-0.0813)
2026-02-17 23:09:22 |INFO  |Tick: No signals generated (spreads too tight or API error)
2026-02-17 23:09:24 |INFO  |pair:WETH/USDC
2026-02-17 23:09:24 |INFO  |Generatiing signal for WETH/USDC...
2026-02-17 23:09:25 |INFO  |WETH/USDC Prices | CEX: 1972.3 | DEX: 2001.1537070791703
2026-02-17 23:09:25 |INFO  |📊 WETH/USDC Spreads | BuyCex->SellDex: 85.24 bps | BuyDex->SellCex: -144.24 bps | Min Required: 10.00
2026-02-17 23:09:25 |INFO  |💰 WETH/USDC Potential PnL: Gross $0.0336 - Fees $0.1158 = Net $-0.0822 (Min: $0.1000)
2026-02-17 23:09:25 |WARN  |❌ WETH/USDC ignored: Not profitable enough (Net $-0.0822)
2026-02-17 23:09:25 |INFO  |Tick: No signals generated (spreads too tight or API error)
2026-02-17 23:09:26 |INFO  |HEALTH | uptime=1536s | last_trade=Nones | cb_open=false | pnl=$0.00 | limit_reached=false
2026-02-17 23:09:27 |INFO  |pair:WETH/USDC
2026-02-17 23:09:27 |INFO  |Generatiing signal for WETH/USDC...
2026-02-17 23:09:27 |INFO  |WETH/USDC Prices | CEX: 1972.48 | DEX: 2001.1537095063093
2026-02-17 23:09:27 |INFO  |📊 WETH/USDC Spreads | BuyCex->SellDex: 84.32 bps | BuyDex->SellCex: -143.34 bps | Min Required: 10.00
2026-02-17 23:09:27 |INFO  |💰 WETH/USDC Potential PnL: Gross $0.0333 - Fees $0.1158 = Net $-0.0825 (Min: $0.1000)
2026-02-17 23:09:27 |WARN  |❌ WETH/USDC ignored: Not profitable enough (Net $-0.0825)
2026-02-17 23:09:27 |INFO  |Tick: No signals generated (spreads too tight or API error)
2026-02-17 23:09:29 |INFO  |pair:WETH/USDC
2026-02-17 23:09:29 |INFO  |Generatiing signal for WETH/USDC...
2026-02-17 23:09:30 |INFO  |WETH/USDC Prices | CEX: 1972.31 | DEX: 2001.153707214011
2026-02-17 23:09:30 |INFO  |📊 WETH/USDC Spreads | BuyCex->SellDex: 85.19 bps | BuyDex->SellCex: -144.19 bps | Min Required: 10.00
2026-02-17 23:09:30 |INFO  |💰 WETH/USDC Potential PnL: Gross $0.0336 - Fees $0.1158 = Net $-0.0822 (Min: $0.1000)
2026-02-17 23:09:30 |WARN  |❌ WETH/USDC ignored: Not profitable enough (Net $-0.0822)
2026-02-17 23:09:30 |INFO  |Tick: No signals generated (spreads too tight or API error)
2026-02-17 23:09:32 |INFO  |pair:WETH/USDC
2026-02-17 23:09:32 |INFO  |Generatiing signal for WETH/USDC...
2026-02-17 23:09:32 |INFO  |WETH/USDC Prices | CEX: 1972.25 | DEX: 2001.1537064049649
2026-02-17 23:09:32 |INFO  |📊 WETH/USDC Spreads | BuyCex->SellDex: 85.49 bps | BuyDex->SellCex: -144.49 bps | Min Required: 10.00
2026-02-17 23:09:32 |INFO  |💰 WETH/USDC Potential PnL: Gross $0.0337 - Fees $0.1158 = Net $-0.0821 (Min: $0.1000)
2026-02-17 23:09:32 |WARN  |❌ WETH/USDC ignored: Not profitable enough (Net $-0.0821)
2026-02-17 23:09:32 |INFO  |Tick: No signals generated (spreads too tight or API error)
2026-02-17 23:09:34 |INFO  |pair:WETH/USDC
2026-02-17 23:09:34 |INFO  |Generatiing signal for WETH/USDC...
2026-02-17 23:09:34 |INFO  |WETH/USDC Prices | CEX: 1972.25 | DEX: 2001.1537064049649
2026-02-17 23:09:34 |INFO  |📊 WETH/USDC Spreads | BuyCex->SellDex: 85.49 bps | BuyDex->SellCex: -144.49 bps | Min Required: 10.00
2026-02-17 23:09:34 |INFO  |💰 WETH/USDC Potential PnL: Gross $0.0337 - Fees $0.1158 = Net $-0.0821 (Min: $0.1000)
2026-02-17 23:09:34 |WARN  |❌ WETH/USDC ignored: Not profitable enough (Net $-0.0821)
2026-02-17 23:09:34 |INFO  |Tick: No signals generated (spreads too tight or API error)
2026-02-17 23:09:36 |INFO  |pair:WETH/USDC
2026-02-17 23:09:36 |INFO  |Generatiing signal for WETH/USDC...
2026-02-17 23:09:37 |INFO  |WETH/USDC Prices | CEX: 1971.93 | DEX: 2001.1537020900516
2026-02-17 23:09:37 |INFO  |📊 WETH/USDC Spreads | BuyCex->SellDex: 87.13 bps | BuyDex->SellCex: -146.08 bps | Min Required: 10.00
2026-02-17 23:09:37 |INFO  |💰 WETH/USDC Potential PnL: Gross $0.0344 - Fees $0.1158 = Net $-0.0814 (Min: $0.1000)
2026-02-17 23:09:37 |WARN  |❌ WETH/USDC ignored: Not profitable enough (Net $-0.0814)
2026-02-17 23:09:37 |INFO  |Tick: No signals generated (spreads too tight or API error)
2026-02-17 23:09:40 |INFO  |pair:WETH/USDC
2026-02-17 23:09:40 |INFO  |Generatiing signal for WETH/USDC...
2026-02-17 23:09:40 |INFO  |WETH/USDC Prices | CEX: 1971.93 | DEX: 2001.1537020900516
2026-02-17 23:09:40 |INFO  |📊 WETH/USDC Spreads | BuyCex->SellDex: 87.13 bps | BuyDex->SellCex: -146.08 bps | Min Required: 10.00
2026-02-17 23:09:40 |INFO  |💰 WETH/USDC Potential PnL: Gross $0.0344 - Fees $0.1158 = Net $-0.0814 (Min: $0.1000)
2026-02-17 23:09:40 |WARN  |❌ WETH/USDC ignored: Not profitable enough (Net $-0.0814)
2026-02-17 23:09:40 |INFO  |Tick: No signals generated (spreads too tight or API error)
2026-02-17 23:09:44 |INFO  |pair:WETH/USDC
2026-02-17 23:09:44 |INFO  |Generatiing signal for WETH/USDC...
2026-02-17 23:09:44 |INFO  |WETH/USDC Prices | CEX: 1972.24 | DEX: 2001.1537062701243
2026-02-17 23:09:44 |INFO  |📊 WETH/USDC Spreads | BuyCex->SellDex: 85.54 bps | BuyDex->SellCex: -144.54 bps | Min Required: 10.00
2026-02-17 23:09:44 |INFO  |💰 WETH/USDC Potential PnL: Gross $0.0337 - Fees $0.1158 = Net $-0.0820 (Min: $0.1000)
2026-02-17 23:09:44 |WARN  |❌ WETH/USDC ignored: Not profitable enough (Net $-0.0820)
2026-02-17 23:09:44 |INFO  |Tick: No signals generated (spreads too tight or API error)
2026-02-17 23:09:46 |INFO  |pair:WETH/USDC
2026-02-17 23:09:46 |INFO  |Generatiing signal for WETH/USDC...
2026-02-17 23:09:46 |INFO  |WETH/USDC Prices | CEX: 1972.24 | DEX: 2001.1537062701243
2026-02-17 23:09:46 |INFO  |📊 WETH/USDC Spreads | BuyCex->SellDex: 85.54 bps | BuyDex->SellCex: -144.54 bps | Min Required: 10.00
2026-02-17 23:09:46 |INFO  |💰 WETH/USDC Potential PnL: Gross $0.0337 - Fees $0.1158 = Net $-0.0820 (Min: $0.1000)
2026-02-17 23:09:46 |WARN  |❌ WETH/USDC ignored: Not profitable enough (Net $-0.0820)
2026-02-17 23:09:46 |INFO  |Tick: No signals generated (spreads too tight or API error)
2026-02-17 23:09:48 |INFO  |pair:WETH/USDC
2026-02-17 23:09:48 |INFO  |Generatiing signal for WETH/USDC...
2026-02-17 23:09:49 |INFO  |WETH/USDC Prices | CEX: 1972.96 | DEX: 2001.1537159786785
2026-02-17 23:09:49 |INFO  |📊 WETH/USDC Spreads | BuyCex->SellDex: 81.86 bps | BuyDex->SellCex: -140.94 bps | Min Required: 10.00
2026-02-17 23:09:49 |INFO  |💰 WETH/USDC Potential PnL: Gross $0.0323 - Fees $0.1158 = Net $-0.0835 (Min: $0.1000)
2026-02-17 23:09:49 |WARN  |❌ WETH/USDC ignored: Not profitable enough (Net $-0.0835)
2026-02-17 23:09:49 |INFO  |Tick: No signals generated (spreads too tight or API error)
2026-02-17 23:09:51 |INFO  |pair:WETH/USDC
2026-02-17 23:09:51 |INFO  |Generatiing signal for WETH/USDC...
2026-02-17 23:09:51 |INFO  |WETH/USDC Prices | CEX: 1973.12 | DEX: 2001.153718129393
2026-02-17 23:09:51 |INFO  |📊 WETH/USDC Spreads | BuyCex->SellDex: 81.05 bps | BuyDex->SellCex: -140.14 bps | Min Required: 10.00
2026-02-17 23:09:51 |INFO  |💰 WETH/USDC Potential PnL: Gross $0.0320 - Fees $0.1158 = Net $-0.0838 (Min: $0.1000)
2026-02-17 23:09:51 |WARN  |❌ WETH/USDC ignored: Not profitable enough (Net $-0.0838)
2026-02-17 23:09:51 |INFO  |Tick: No signals generated (spreads too tight or API error)
2026-02-17 23:09:53 |INFO  |pair:WETH/USDC
2026-02-17 23:09:53 |INFO  |Generatiing signal for WETH/USDC...
2026-02-17 23:09:54 |INFO  |WETH/USDC Prices | CEX: 1973.12 | DEX: 2001.153718129393
2026-02-17 23:09:54 |INFO  |📊 WETH/USDC Spreads | BuyCex->SellDex: 81.05 bps | BuyDex->SellCex: -140.14 bps | Min Required: 10.00
2026-02-17 23:09:54 |INFO  |💰 WETH/USDC Potential PnL: Gross $0.0320 - Fees $0.1158 = Net $-0.0838 (Min: $0.1000)
2026-02-17 23:09:54 |WARN  |❌ WETH/USDC ignored: Not profitable enough (Net $-0.0838)
2026-02-17 23:09:54 |INFO  |Tick: No signals generated (spreads too tight or API error)
2026-02-17 23:09:56 |INFO  |pair:WETH/USDC
2026-02-17 23:09:56 |INFO  |Generatiing signal for WETH/USDC...
2026-02-17 23:09:56 |INFO  |WETH/USDC Prices | CEX: 1973.28 | DEX: 2001.153720293592
2026-02-17 23:09:56 |INFO  |📊 WETH/USDC Spreads | BuyCex->SellDex: 80.23 bps | BuyDex->SellCex: -139.34 bps | Min Required: 10.00
2026-02-17 23:09:56 |INFO  |💰 WETH/USDC Potential PnL: Gross $0.0317 - Fees $0.1158 = Net $-0.0841 (Min: $0.1000)
2026-02-17 23:09:56 |WARN  |❌ WETH/USDC ignored: Not profitable enough (Net $-0.0841)
2026-02-17 23:09:56 |INFO  |Tick: No signals generated (spreads too tight or API error)
2026-02-17 23:09:58 |INFO  |pair:WETH/USDC
2026-02-17 23:09:58 |INFO  |Generatiing signal for WETH/USDC...
2026-02-17 23:09:58 |INFO  |WETH/USDC Prices | CEX: 1972.89 | DEX: 2001.1537150347913
2026-02-17 23:09:58 |INFO  |📊 WETH/USDC Spreads | BuyCex->SellDex: 82.22 bps | BuyDex->SellCex: -141.29 bps | Min Required: 10.00
2026-02-17 23:09:58 |INFO  |💰 WETH/USDC Potential PnL: Gross $0.0324 - Fees $0.1158 = Net $-0.0833 (Min: $0.1000)
2026-02-17 23:09:58 |WARN  |❌ WETH/USDC ignored: Not profitable enough (Net $-0.0833)
2026-02-17 23:09:58 |INFO  |Tick: No signals generated (spreads too tight or API error)
2026-02-17 23:10:21 |INFO  |pair:WETH/USDC
2026-02-17 23:10:21 |INFO  |Generatiing signal for WETH/USDC...
2026-02-17 23:10:02 |INFO  |WETH/USDC Prices | CEX: 1972.21 | DEX: 2001.1537031687799
2026-02-17 23:10:02 |INFO  |📊 WETH/USDC Spreads | BuyCex->SellDex: 86.72 bps | BuyDex->SellCex: -145.68 bps | Min Required: 10.00
2026-02-17 23:10:02 |INFO  |💰 WETH/USDC Potential PnL: Gross $0.0342 - Fees $0.1158 = Net $-0.0816 (Min: $0.1000)
2026-02-17 23:10:02 |WARN  |❌ WETH/USDC ignored: Not profitable enough (Net $-0.0816)
2026-02-17 23:10:02 |INFO  |Tick: No signals generated (spreads too tight or API error)
2026-02-17 23:10:04 |INFO  |pair:WETH/USDC
2026-02-17 23:10:04 |INFO  |Generatiing signal for WETH/USDC...
2026-02-17 23:10:04 |INFO  |WETH/USDC Prices | CEX: 1971.53 | DEX: 2001.1536966964097
2026-02-17 23:10:04 |INFO  |📊 WETH/USDC Spreads | BuyCex->SellDex: 89.18 bps | BuyDex->SellCex: -148.08 bps | Min Required: 10.00
2026-02-17 23:10:04 |INFO  |💰 WETH/USDC Potential PnL: Gross $0.0352 - Fees $0.1158 = Net $-0.0806 (Min: $0.1000)
2026-02-17 23:10:04 |WARN  |❌ WETH/USDC ignored: Not profitable enough (Net $-0.0806)
2026-02-17 23:10:04 |INFO  |Tick: No signals generated (spreads too tight or API error)
2026-02-17 23:10:06 |INFO  |pair:WETH/USDC
2026-02-17 23:10:06 |INFO  |Generatiing signal for WETH/USDC...
2026-02-17 23:10:06 |INFO  |WETH/USDC Prices | CEX: 1971.37 | DEX: 2001.1536945322111
2026-02-17 23:10:06 |INFO  |📊 WETH/USDC Spreads | BuyCex->SellDex: 90.00 bps | BuyDex->SellCex: -148.88 bps | Min Required: 10.00
2026-02-17 23:10:06 |INFO  |💰 WETH/USDC Potential PnL: Gross $0.0355 - Fees $0.1158 = Net $-0.0803 (Min: $0.1000)
2026-02-17 23:10:06 |WARN  |❌ WETH/USDC ignored: Not profitable enough (Net $-0.0803)
2026-02-17 23:10:06 |INFO  |Tick: No signals generated (spreads too tight or API error)
2026-02-17 23:10:09 |INFO  |pair:WETH/USDC
2026-02-17 23:10:09 |INFO  |Generatiing signal for WETH/USDC...
2026-02-17 23:10:09 |INFO  |WETH/USDC Prices | CEX: 1971.2 | DEX: 2001.1536922466553
2026-02-17 23:10:09 |INFO  |📊 WETH/USDC Spreads | BuyCex->SellDex: 90.87 bps | BuyDex->SellCex: -149.73 bps | Min Required: 10.00
2026-02-17 23:10:09 |INFO  |💰 WETH/USDC Potential PnL: Gross $0.0358 - Fees $0.1158 = Net $-0.0799 (Min: $0.1000)
2026-02-17 23:10:09 |WARN  |❌ WETH/USDC ignored: Not profitable enough (Net $-0.0799)
2026-02-17 23:10:09 |INFO  |Tick: No signals generated (spreads too tight or API error)
2026-02-17 23:10:11 |INFO  |pair:WETH/USDC
2026-02-17 23:10:11 |INFO  |Generatiing signal for WETH/USDC...
2026-02-17 23:10:11 |INFO  |WETH/USDC Prices | CEX: 1971.06 | DEX: 2001.153690352139
2026-02-17 23:10:11 |INFO  |📊 WETH/USDC Spreads | BuyCex->SellDex: 91.58 bps | BuyDex->SellCex: -150.43 bps | Min Required: 10.00
2026-02-17 23:10:11 |INFO  |💰 WETH/USDC Potential PnL: Gross $0.0361 - Fees $0.1158 = Net $-0.0797 (Min: $0.1000)
2026-02-17 23:10:11 |WARN  |❌ WETH/USDC ignored: Not profitable enough (Net $-0.0797)
2026-02-17 23:10:11 |INFO  |Tick: No signals generated (spreads too tight or API error)
2026-02-17 23:10:13 |INFO  |pair:WETH/USDC
2026-02-17 23:10:13 |INFO  |Generatiing signal for WETH/USDC...
2026-02-17 23:10:14 |INFO  |WETH/USDC Prices | CEX: 1971.36 | DEX: 2001.1536944041125
2026-02-17 23:10:14 |INFO  |📊 WETH/USDC Spreads | BuyCex->SellDex: 90.05 bps | BuyDex->SellCex: -148.93 bps | Min Required: 10.00
2026-02-17 23:10:14 |INFO  |💰 WETH/USDC Potential PnL: Gross $0.0355 - Fees $0.1158 = Net $-0.0803 (Min: $0.1000)
2026-02-17 23:10:14 |WARN  |❌ WETH/USDC ignored: Not profitable enough (Net $-0.0803)
2026-02-17 23:10:14 |INFO  |Tick: No signals generated (spreads too tight or API error)
2026-02-17 23:10:16 |INFO  |pair:WETH/USDC
2026-02-17 23:10:16 |INFO  |Generatiing signal for WETH/USDC...
2026-02-17 23:10:17 |INFO  |WETH/USDC Prices | CEX: 1971.45 | DEX: 2001.1536956176815
2026-02-17 23:10:17 |INFO  |📊 WETH/USDC Spreads | BuyCex->SellDex: 89.59 bps | BuyDex->SellCex: -148.48 bps | Min Required: 10.00
2026-02-17 23:10:17 |INFO  |💰 WETH/USDC Potential PnL: Gross $0.0353 - Fees $0.1158 = Net $-0.0804 (Min: $0.1000)
2026-02-17 23:10:17 |WARN  |❌ WETH/USDC ignored: Not profitable enough (Net $-0.0804)
2026-02-17 23:10:17 |INFO  |Tick: No signals generated (spreads too tight or API error)
2026-02-17 23:10:19 |INFO  |pair:WETH/USDC
2026-02-17 23:10:19 |INFO  |Generatiing signal for WETH/USDC...
2026-02-17 23:10:19 |INFO  |WETH/USDC Prices | CEX: 1971.56 | DEX: 2001.1536971009332
2026-02-17 23:10:19 |INFO  |📊 WETH/USDC Spreads | BuyCex->SellDex: 89.02 bps | BuyDex->SellCex: -147.93 bps | Min Required: 10.00
2026-02-17 23:10:19 |INFO  |💰 WETH/USDC Potential PnL: Gross $0.0351 - Fees $0.1158 = Net $-0.0807 (Min: $0.1000)
2026-02-17 23:10:19 |WARN  |❌ WETH/USDC ignored: Not profitable enough (Net $-0.0807)
2026-02-17 23:10:19 |INFO  |Tick: No signals generated (spreads too tight or API error)
2026-02-17 23:10:21 |INFO  |pair:WETH/USDC
2026-02-17 23:10:21 |INFO  |Generatiing signal for WETH/USDC...
2026-02-17 23:10:22 |INFO  |WETH/USDC Prices | CEX: 1971.76 | DEX: 2001.1536997977541
2026-02-17 23:10:22 |INFO  |📊 WETH/USDC Spreads | BuyCex->SellDex: 88.00 bps | BuyDex->SellCex: -146.93 bps | Min Required: 10.00
2026-02-17 23:10:22 |INFO  |💰 WETH/USDC Potential PnL: Gross $0.0347 - Fees $0.1158 = Net $-0.0811 (Min: $0.1000)
2026-02-17 23:10:22 |WARN  |❌ WETH/USDC ignored: Not profitable enough (Net $-0.0811)
2026-02-17 23:10:22 |INFO  |Tick: No signals generated (spreads too tight or API error)
2026-02-17 23:10:24 |INFO  |pair:WETH/USDC
2026-02-17 23:10:24 |INFO  |Generatiing signal for WETH/USDC...
2026-02-17 23:10:24 |INFO  |WETH/USDC Prices | CEX: 1971.51 | DEX: 2001.1536964267277
2026-02-17 23:10:24 |INFO  |📊 WETH/USDC Spreads | BuyCex->SellDex: 89.28 bps | BuyDex->SellCex: -148.18 bps | Min Required: 10.00
2026-02-17 23:10:24 |INFO  |💰 WETH/USDC Potential PnL: Gross $0.0352 - Fees $0.1158 = Net $-0.0806 (Min: $0.1000)
2026-02-17 23:10:24 |WARN  |❌ WETH/USDC ignored: Not profitable enough (Net $-0.0806)
2026-02-17 23:10:24 |INFO  |Tick: No signals generated (spreads too tight or API error)
2026-02-17 23:10:26 |INFO  |pair:WETH/USDC
2026-02-17 23:10:26 |INFO  |Generatiing signal for WETH/USDC...
2026-02-17 23:10:26 |INFO  |WETH/USDC Prices | CEX: 1971.68 | DEX: 2001.153698719026
2026-02-17 23:10:26 |INFO  |📊 WETH/USDC Spreads | BuyCex->SellDex: 88.41 bps | BuyDex->SellCex: -147.33 bps | Min Required: 10.00
2026-02-17 23:10:26 |INFO  |💰 WETH/USDC Potential PnL: Gross $0.0349 - Fees $0.1158 = Net $-0.0809 (Min: $0.1000)
2026-02-17 23:10:26 |WARN  |❌ WETH/USDC ignored: Not profitable enough (Net $-0.0809)
2026-02-17 23:10:26 |INFO  |Tick: No signals generated (spreads too tight or API error)
2026-02-17 23:10:27 |INFO  |HEALTH | uptime=1597s | last_trade=Nones | cb_open=false | pnl=$0.00 | limit_reached=false
2026-02-17 23:10:28 |INFO  |pair:WETH/USDC
2026-02-17 23:10:28 |INFO  |Generatiing signal for WETH/USDC...
2026-02-17 23:10:29 |INFO  |WETH/USDC Prices | CEX: 1971.94 | DEX: 2001.1537022248922
2026-02-17 23:10:29 |INFO  |📊 WETH/USDC Spreads | BuyCex->SellDex: 87.08 bps | BuyDex->SellCex: -146.03 bps | Min Required: 10.00
2026-02-17 23:10:29 |INFO  |💰 WETH/USDC Potential PnL: Gross $0.0343 - Fees $0.1158 = Net $-0.0814 (Min: $0.1000)
2026-02-17 23:10:29 |WARN  |❌ WETH/USDC ignored: Not profitable enough (Net $-0.0814)
2026-02-17 23:10:29 |INFO  |Tick: No signals generated (spreads too tight or API error)
2026-02-17 23:10:31 |INFO  |pair:WETH/USDC
2026-02-17 23:10:31 |INFO  |Generatiing signal for WETH/USDC...
2026-02-17 23:10:31 |INFO  |WETH/USDC Prices | CEX: 1971.94 | DEX: 2001.1537022248922
2026-02-17 23:10:31 |INFO  |📊 WETH/USDC Spreads | BuyCex->SellDex: 87.08 bps | BuyDex->SellCex: -146.03 bps | Min Required: 10.00
2026-02-17 23:10:31 |INFO  |💰 WETH/USDC Potential PnL: Gross $0.0343 - Fees $0.1158 = Net $-0.0814 (Min: $0.1000)
2026-02-17 23:10:31 |WARN  |❌ WETH/USDC ignored: Not profitable enough (Net $-0.0814)
2026-02-17 23:10:31 |INFO  |Tick: No signals generated (spreads too tight or API error)
2026-02-17 23:10:33 |INFO  |pair:WETH/USDC
2026-02-17 23:10:33 |INFO  |Generatiing signal for WETH/USDC...
2026-02-17 23:10:34 |INFO  |WETH/USDC Prices | CEX: 1971.53 | DEX: 2001.1536966964097
2026-02-17 23:10:34 |INFO  |📊 WETH/USDC Spreads | BuyCex->SellDex: 89.18 bps | BuyDex->SellCex: -148.08 bps | Min Required: 10.00
2026-02-17 23:10:34 |INFO  |💰 WETH/USDC Potential PnL: Gross $0.0352 - Fees $0.1158 = Net $-0.0806 (Min: $0.1000)
2026-02-17 23:10:34 |WARN  |❌ WETH/USDC ignored: Not profitable enough (Net $-0.0806)
2026-02-17 23:10:34 |INFO  |Tick: No signals generated (spreads too tight or API error)
2026-02-17 23:10:36 |INFO  |pair:WETH/USDC
2026-02-17 23:10:36 |INFO  |Generatiing signal for WETH/USDC...
2026-02-17 23:10:37 |INFO  |WETH/USDC Prices | CEX: 1971.28 | DEX: 2001.1536933253842
2026-02-17 23:10:37 |INFO  |📊 WETH/USDC Spreads | BuyCex->SellDex: 90.46 bps | BuyDex->SellCex: -149.33 bps | Min Required: 10.00
2026-02-17 23:10:37 |INFO  |💰 WETH/USDC Potential PnL: Gross $0.0357 - Fees $0.1158 = Net $-0.0801 (Min: $0.1000)
2026-02-17 23:10:37 |WARN  |❌ WETH/USDC ignored: Not profitable enough (Net $-0.0801)
2026-02-17 23:10:37 |INFO  |Tick: No signals generated (spreads too tight or API error)
2026-02-17 23:10:39 |INFO  |pair:WETH/USDC
2026-02-17 23:10:39 |INFO  |Generatiing signal for WETH/USDC...
2026-02-17 23:10:39 |INFO  |WETH/USDC Prices | CEX: 1971.39 | DEX: 2001.1536948086352
2026-02-17 23:10:39 |INFO  |📊 WETH/USDC Spreads | BuyCex->SellDex: 89.89 bps | BuyDex->SellCex: -148.78 bps | Min Required: 10.00
2026-02-17 23:10:39 |INFO  |💰 WETH/USDC Potential PnL: Gross $0.0354 - Fees $0.1158 = Net $-0.0803 (Min: $0.1000)
2026-02-17 23:10:39 |WARN  |❌ WETH/USDC ignored: Not profitable enough (Net $-0.0803)
2026-02-17 23:10:39 |INFO  |Tick: No signals generated (spreads too tight or API error)
2026-02-17 23:10:41 |INFO  |pair:WETH/USDC
2026-02-17 23:10:41 |INFO  |Generatiing signal for WETH/USDC...
2026-02-17 23:10:42 |INFO  |WETH/USDC Prices | CEX: 1970.92 | DEX: 2001.1536884711065
2026-02-17 23:10:42 |INFO  |📊 WETH/USDC Spreads | BuyCex->SellDex: 92.30 bps | BuyDex->SellCex: -151.13 bps | Min Required: 10.00
2026-02-17 23:10:42 |INFO  |💰 WETH/USDC Potential PnL: Gross $0.0364 - Fees $0.1158 = Net $-0.0794 (Min: $0.1000)
2026-02-17 23:10:42 |WARN  |❌ WETH/USDC ignored: Not profitable enough (Net $-0.0794)
2026-02-17 23:10:42 |INFO  |Tick: No signals generated (spreads too tight or API error)
2026-02-17 23:10:44 |INFO  |pair:WETH/USDC
2026-02-17 23:10:44 |INFO  |Generatiing signal for WETH/USDC...
2026-02-17 23:10:45 |INFO  |WETH/USDC Prices | CEX: 1970.89 | DEX: 2001.153688066583
2026-02-17 23:10:45 |INFO  |📊 WETH/USDC Spreads | BuyCex->SellDex: 92.45 bps | BuyDex->SellCex: -151.28 bps | Min Required: 10.00
2026-02-17 23:10:45 |INFO  |💰 WETH/USDC Potential PnL: Gross $0.0364 - Fees $0.1158 = Net $-0.0793 (Min: $0.1000)
2026-02-17 23:10:45 |WARN  |❌ WETH/USDC ignored: Not profitable enough (Net $-0.0793)
2026-02-17 23:10:45 |INFO  |Tick: No signals generated (spreads too tight or API error)
2026-02-17 23:10:47 |INFO  |pair:WETH/USDC
2026-02-17 23:10:47 |INFO  |Generatiing signal for WETH/USDC...
2026-02-17 23:10:47 |INFO  |WETH/USDC Prices | CEX: 1970.89 | DEX: 2001.153688066583
2026-02-17 23:10:47 |INFO  |📊 WETH/USDC Spreads | BuyCex->SellDex: 92.45 bps | BuyDex->SellCex: -151.28 bps | Min Required: 10.00
2026-02-17 23:10:47 |INFO  |💰 WETH/USDC Potential PnL: Gross $0.0364 - Fees $0.1158 = Net $-0.0793 (Min: $0.1000)
2026-02-17 23:10:47 |WARN  |❌ WETH/USDC ignored: Not profitable enough (Net $-0.0793)
2026-02-17 23:10:47 |INFO  |Tick: No signals generated (spreads too tight or API error)
2026-02-17 23:10:49 |INFO  |pair:WETH/USDC
2026-02-17 23:10:49 |INFO  |Generatiing signal for WETH/USDC...
2026-02-17 23:10:50 |INFO  |WETH/USDC Prices | CEX: 1970.89 | DEX: 2001.153688066583
2026-02-17 23:10:50 |INFO  |📊 WETH/USDC Spreads | BuyCex->SellDex: 92.45 bps | BuyDex->SellCex: -151.28 bps | Min Required: 10.00
2026-02-17 23:10:50 |INFO  |💰 WETH/USDC Potential PnL: Gross $0.0364 - Fees $0.1158 = Net $-0.0793 (Min: $0.1000)
2026-02-17 23:10:50 |WARN  |❌ WETH/USDC ignored: Not profitable enough (Net $-0.0793)
2026-02-17 23:10:50 |INFO  |Tick: No signals generated (spreads too tight or API error)
2026-02-17 23:10:52 |INFO  |pair:WETH/USDC
2026-02-17 23:10:52 |INFO  |Generatiing signal for WETH/USDC...
2026-02-17 23:10:52 |INFO  |WETH/USDC Prices | CEX: 1970.81 | DEX: 2001.1536869878553
2026-02-17 23:10:52 |INFO  |📊 WETH/USDC Spreads | BuyCex->SellDex: 92.86 bps | BuyDex->SellCex: -151.68 bps | Min Required: 10.00
2026-02-17 23:10:52 |INFO  |💰 WETH/USDC Potential PnL: Gross $0.0366 - Fees $0.1158 = Net $-0.0792 (Min: $0.1000)
2026-02-17 23:10:52 |WARN  |❌ WETH/USDC ignored: Not profitable enough (Net $-0.0792)
2026-02-17 23:10:52 |INFO  |Tick: No signals generated (spreads too tight or API error)
2026-02-17 23:10:55 |INFO  |pair:WETH/USDC
2026-02-17 23:10:55 |INFO  |Generatiing signal for WETH/USDC...
2026-02-17 23:10:55 |INFO  |WETH/USDC Prices | CEX: 1970.86 | DEX: 2001.1536876620603
2026-02-17 23:10:55 |INFO  |📊 WETH/USDC Spreads | BuyCex->SellDex: 92.61 bps | BuyDex->SellCex: -151.43 bps | Min Required: 10.00
2026-02-17 23:10:55 |INFO  |💰 WETH/USDC Potential PnL: Gross $0.0365 - Fees $0.1158 = Net $-0.0793 (Min: $0.1000)
2026-02-17 23:10:55 |WARN  |❌ WETH/USDC ignored: Not profitable enough (Net $-0.0793)
2026-02-17 23:10:55 |INFO  |Tick: No signals generated (spreads too tight or API error)
2026-02-17 23:10:57 |INFO  |pair:WETH/USDC
2026-02-17 23:10:57 |INFO  |Generatiing signal for WETH/USDC...
2026-02-17 23:10:57 |INFO  |WETH/USDC Prices | CEX: 1970.92 | DEX: 2001.1536884711065
2026-02-17 23:10:57 |INFO  |📊 WETH/USDC Spreads | BuyCex->SellDex: 92.30 bps | BuyDex->SellCex: -151.13 bps | Min Required: 10.00
2026-02-17 23:10:57 |INFO  |💰 WETH/USDC Potential PnL: Gross $0.0364 - Fees $0.1158 = Net $-0.0794 (Min: $0.1000)
2026-02-17 23:10:57 |WARN  |❌ WETH/USDC ignored: Not profitable enough (Net $-0.0794)
2026-02-17 23:10:57 |INFO  |Tick: No signals generated (spreads too tight or API error)
2026-02-17 23:10:59 |INFO  |pair:WETH/USDC
2026-02-17 23:10:59 |INFO  |Generatiing signal for WETH/USDC...
2026-02-17 23:11:00 |INFO  |WETH/USDC Prices | CEX: 1971.21 | DEX: 2001.1536896846753
2026-02-17 23:11:00 |INFO  |📊 WETH/USDC Spreads | BuyCex->SellDex: 91.84 bps | BuyDex->SellCex: -150.68 bps | Min Required: 10.00
2026-02-17 23:11:00 |INFO  |💰 WETH/USDC Potential PnL: Gross $0.0362 - Fees $0.1158 = Net $-0.0796 (Min: $0.1000)
2026-02-17 23:11:00 |WARN  |❌ WETH/USDC ignored: Not profitable enough (Net $-0.0796)
2026-02-17 23:11:00 |INFO  |Tick: No signals generated (spreads too tight or API error)
2026-02-17 23:11:02 |INFO  |pair:WETH/USDC
2026-02-17 23:11:02 |INFO  |Generatiing signal for WETH/USDC...
2026-02-17 23:11:03 |INFO  |WETH/USDC Prices | CEX: 1970.92 | DEX: 2001.1536884711065
2026-02-17 23:11:03 |INFO  |📊 WETH/USDC Spreads | BuyCex->SellDex: 92.30 bps | BuyDex->SellCex: -151.13 bps | Min Required: 10.00
2026-02-17 23:11:03 |INFO  |💰 WETH/USDC Potential PnL: Gross $0.0364 - Fees $0.1158 = Net $-0.0794 (Min: $0.1000)
2026-02-17 23:11:03 |WARN  |❌ WETH/USDC ignored: Not profitable enough (Net $-0.0794)
2026-02-17 23:11:03 |INFO  |Tick: No signals generated (spreads too tight or API error)
2026-02-17 23:11:05 |INFO  |pair:WETH/USDC
2026-02-17 23:11:05 |INFO  |Generatiing signal for WETH/USDC...
2026-02-17 23:11:05 |INFO  |WETH/USDC Prices | CEX: 1970.92 | DEX: 2001.1536884711065
2026-02-17 23:11:05 |INFO  |📊 WETH/USDC Spreads | BuyCex->SellDex: 92.30 bps | BuyDex->SellCex: -151.13 bps | Min Required: 10.00
2026-02-17 23:11:05 |INFO  |💰 WETH/USDC Potential PnL: Gross $0.0364 - Fees $0.1158 = Net $-0.0794 (Min: $0.1000)
2026-02-17 23:11:05 |WARN  |❌ WETH/USDC ignored: Not profitable enough (Net $-0.0794)
2026-02-17 23:11:05 |INFO  |Tick: No signals generated (spreads too tight or API error)
2026-02-17 23:11:07 |INFO  |pair:WETH/USDC
2026-02-17 23:11:07 |INFO  |Generatiing signal for WETH/USDC...
2026-02-17 23:11:08 |INFO  |WETH/USDC Prices | CEX: 1970.92 | DEX: 2001.1536884711065
2026-02-17 23:11:08 |INFO  |📊 WETH/USDC Spreads | BuyCex->SellDex: 92.30 bps | BuyDex->SellCex: -151.13 bps | Min Required: 10.00
2026-02-17 23:11:08 |INFO  |💰 WETH/USDC Potential PnL: Gross $0.0364 - Fees $0.1158 = Net $-0.0794 (Min: $0.1000)
2026-02-17 23:11:08 |WARN  |❌ WETH/USDC ignored: Not profitable enough (Net $-0.0794)
2026-02-17 23:11:08 |INFO  |Tick: No signals generated (spreads too tight or API error)
2026-02-17 23:11:10 |INFO  |pair:WETH/USDC
2026-02-17 23:11:10 |INFO  |Generatiing signal for WETH/USDC...
2026-02-17 23:11:10 |INFO  |WETH/USDC Prices | CEX: 1970.92 | DEX: 2001.1536884711065
2026-02-17 23:11:10 |INFO  |📊 WETH/USDC Spreads | BuyCex->SellDex: 92.30 bps | BuyDex->SellCex: -151.13 bps | Min Required: 10.00
2026-02-17 23:11:10 |INFO  |💰 WETH/USDC Potential PnL: Gross $0.0364 - Fees $0.1158 = Net $-0.0794 (Min: $0.1000)
2026-02-17 23:11:10 |WARN  |❌ WETH/USDC ignored: Not profitable enough (Net $-0.0794)
2026-02-17 23:11:10 |INFO  |Tick: No signals generated (spreads too tight or API error)
2026-02-17 23:11:12 |INFO  |pair:WETH/USDC
2026-02-17 23:11:12 |INFO  |Generatiing signal for WETH/USDC...
2026-02-17 23:11:12 |INFO  |WETH/USDC Prices | CEX: 1970.73 | DEX: 2001.1536859091261
2026-02-17 23:11:12 |INFO  |📊 WETH/USDC Spreads | BuyCex->SellDex: 93.27 bps | BuyDex->SellCex: -152.08 bps | Min Required: 10.00
2026-02-17 23:11:12 |INFO  |💰 WETH/USDC Potential PnL: Gross $0.0368 - Fees $0.1158 = Net $-0.0790 (Min: $0.1000)
2026-02-17 23:11:12 |WARN  |❌ WETH/USDC ignored: Not profitable enough (Net $-0.0790)
2026-02-17 23:11:12 |INFO  |Tick: No signals generated (spreads too tight or API error)
2026-02-17 23:11:15 |INFO  |pair:WETH/USDC
2026-02-17 23:11:15 |INFO  |Generatiing signal for WETH/USDC...
2026-02-17 23:11:15 |INFO  |WETH/USDC Prices | CEX: 1970.73 | DEX: 2001.1536859091261
2026-02-17 23:11:15 |INFO  |📊 WETH/USDC Spreads | BuyCex->SellDex: 93.27 bps | BuyDex->SellCex: -152.08 bps | Min Required: 10.00
2026-02-17 23:11:15 |INFO  |💰 WETH/USDC Potential PnL: Gross $0.0368 - Fees $0.1158 = Net $-0.0790 (Min: $0.1000)
2026-02-17 23:11:15 |WARN  |❌ WETH/USDC ignored: Not profitable enough (Net $-0.0790)
2026-02-17 23:11:15 |INFO  |Tick: No signals generated (spreads too tight or API error)
2026-02-17 23:11:17 |INFO  |pair:WETH/USDC
2026-02-17 23:11:17 |INFO  |Generatiing signal for WETH/USDC...
2026-02-17 23:11:18 |INFO  |WETH/USDC Prices | CEX: 1970.81 | DEX: 2001.1536869878553
2026-02-17 23:11:18 |INFO  |📊 WETH/USDC Spreads | BuyCex->SellDex: 92.86 bps | BuyDex->SellCex: -151.68 bps | Min Required: 10.00
2026-02-17 23:11:18 |INFO  |💰 WETH/USDC Potential PnL: Gross $0.0366 - Fees $0.1158 = Net $-0.0792 (Min: $0.1000)
2026-02-17 23:11:18 |WARN  |❌ WETH/USDC ignored: Not profitable enough (Net $-0.0792)
2026-02-17 23:11:18 |INFO  |Tick: No signals generated (spreads too tight or API error)
2026-02-17 23:11:20 |INFO  |pair:WETH/USDC
2026-02-17 23:11:20 |INFO  |Generatiing signal for WETH/USDC...
2026-02-17 23:11:20 |INFO  |WETH/USDC Prices | CEX: 1971.04 | DEX: 2001.1536900824572
2026-02-17 23:11:20 |INFO  |📊 WETH/USDC Spreads | BuyCex->SellDex: 91.69 bps | BuyDex->SellCex: -150.53 bps | Min Required: 10.00
2026-02-17 23:11:20 |INFO  |💰 WETH/USDC Potential PnL: Gross $0.0361 - Fees $0.1158 = Net $-0.0796 (Min: $0.1000)
2026-02-17 23:11:20 |WARN  |❌ WETH/USDC ignored: Not profitable enough (Net $-0.0796)
2026-02-17 23:11:20 |INFO  |Tick: No signals generated (spreads too tight or API error)
2026-02-17 23:11:23 |INFO  |pair:WETH/USDC
2026-02-17 23:11:23 |INFO  |Generatiing signal for WETH/USDC...
2026-02-17 23:11:23 |INFO  |WETH/USDC Prices | CEX: 1971.04 | DEX: 2001.1536900824572
2026-02-17 23:11:23 |INFO  |📊 WETH/USDC Spreads | BuyCex->SellDex: 91.69 bps | BuyDex->SellCex: -150.53 bps | Min Required: 10.00
2026-02-17 23:11:23 |INFO  |💰 WETH/USDC Potential PnL: Gross $0.0361 - Fees $0.1158 = Net $-0.0796 (Min: $0.1000)
2026-02-17 23:11:23 |WARN  |❌ WETH/USDC ignored: Not profitable enough (Net $-0.0796)
2026-02-17 23:11:23 |INFO  |Tick: No signals generated (spreads too tight or API error)
2026-02-17 23:11:25 |INFO  |pair:WETH/USDC
2026-02-17 23:11:25 |INFO  |Generatiing signal for WETH/USDC...
2026-02-17 23:11:26 |INFO  |WETH/USDC Prices | CEX: 1970.92 | DEX: 2001.1536884711065
2026-02-17 23:11:26 |INFO  |📊 WETH/USDC Spreads | BuyCex->SellDex: 92.30 bps | BuyDex->SellCex: -151.13 bps | Min Required: 10.00
2026-02-17 23:11:26 |INFO  |💰 WETH/USDC Potential PnL: Gross $0.0364 - Fees $0.1158 = Net $-0.0794 (Min: $0.1000)
2026-02-17 23:11:26 |WARN  |❌ WETH/USDC ignored: Not profitable enough (Net $-0.0794)
2026-02-17 23:11:26 |INFO  |Tick: No signals generated (spreads too tight or API error)
2026-02-17 23:11:27 |INFO  |pair:WETH/USDC
2026-02-17 23:11:27 |INFO  |Generatiing signal for WETH/USDC...
2026-02-17 23:11:28 |INFO  |WETH/USDC Prices | CEX: 1970.95 | DEX: 2001.1536888756293
2026-02-17 23:11:28 |INFO  |📊 WETH/USDC Spreads | BuyCex->SellDex: 92.15 bps | BuyDex->SellCex: -150.98 bps | Min Required: 10.00
2026-02-17 23:11:28 |INFO  |💰 WETH/USDC Potential PnL: Gross $0.0363 - Fees $0.1158 = Net $-0.0794 (Min: $0.1000)
2026-02-17 23:11:28 |WARN  |❌ WETH/USDC ignored: Not profitable enough (Net $-0.0794)
2026-02-17 23:11:28 |INFO  |Tick: No signals generated (spreads too tight or API error)
2026-02-17 23:11:29 |INFO  |HEALTH | uptime=1659s | last_trade=Nones | cb_open=false | pnl=$0.00 | limit_reached=false
2026-02-17 23:11:30 |INFO  |pair:WETH/USDC
2026-02-17 23:11:30 |INFO  |Generatiing signal for WETH/USDC...
2026-02-17 23:11:30 |INFO  |WETH/USDC Prices | CEX: 1970.95 | DEX: 2001.1536888756293
2026-02-17 23:11:30 |INFO  |📊 WETH/USDC Spreads | BuyCex->SellDex: 92.15 bps | BuyDex->SellCex: -150.98 bps | Min Required: 10.00
2026-02-17 23:11:30 |INFO  |💰 WETH/USDC Potential PnL: Gross $0.0363 - Fees $0.1158 = Net $-0.0794 (Min: $0.1000)
2026-02-17 23:11:30 |WARN  |❌ WETH/USDC ignored: Not profitable enough (Net $-0.0794)
2026-02-17 23:11:30 |INFO  |Tick: No signals generated (spreads too tight or API error)
2026-02-17 23:11:33 |INFO  |pair:WETH/USDC
2026-02-17 23:11:33 |INFO  |Generatiing signal for WETH/USDC...
2026-02-17 23:11:33 |INFO  |WETH/USDC Prices | CEX: 1970.92 | DEX: 2001.1536884711065
2026-02-17 23:11:33 |INFO  |📊 WETH/USDC Spreads | BuyCex->SellDex: 92.30 bps | BuyDex->SellCex: -151.13 bps | Min Required: 10.00
2026-02-17 23:11:33 |INFO  |💰 WETH/USDC Potential PnL: Gross $0.0364 - Fees $0.1158 = Net $-0.0794 (Min: $0.1000)
2026-02-17 23:11:33 |WARN  |❌ WETH/USDC ignored: Not profitable enough (Net $-0.0794)
2026-02-17 23:11:33 |INFO  |Tick: No signals generated (spreads too tight or API error)
2026-02-17 23:11:35 |INFO  |pair:WETH/USDC
2026-02-17 23:11:35 |INFO  |Generatiing signal for WETH/USDC...
2026-02-17 23:11:36 |INFO  |WETH/USDC Prices | CEX: 1970.92 | DEX: 2001.1536884711065
2026-02-17 23:11:36 |INFO  |📊 WETH/USDC Spreads | BuyCex->SellDex: 92.30 bps | BuyDex->SellCex: -151.13 bps | Min Required: 10.00
2026-02-17 23:11:36 |INFO  |💰 WETH/USDC Potential PnL: Gross $0.0364 - Fees $0.1158 = Net $-0.0794 (Min: $0.1000)
2026-02-17 23:11:36 |WARN  |❌ WETH/USDC ignored: Not profitable enough (Net $-0.0794)
2026-02-17 23:11:36 |INFO  |Tick: No signals generated (spreads too tight or API error)
2026-02-17 23:11:38 |INFO  |pair:WETH/USDC
2026-02-17 23:11:38 |INFO  |Generatiing signal for WETH/USDC...
2026-02-17 23:11:39 |INFO  |WETH/USDC Prices | CEX: 1970.89 | DEX: 2001.153688066583
2026-02-17 23:11:39 |INFO  |📊 WETH/USDC Spreads | BuyCex->SellDex: 92.45 bps | BuyDex->SellCex: -151.28 bps | Min Required: 10.00
2026-02-17 23:11:39 |INFO  |💰 WETH/USDC Potential PnL: Gross $0.0364 - Fees $0.1158 = Net $-0.0793 (Min: $0.1000)
2026-02-17 23:11:39 |WARN  |❌ WETH/USDC ignored: Not profitable enough (Net $-0.0793)
2026-02-17 23:11:39 |INFO  |Tick: No signals generated (spreads too tight or API error)
2026-02-17 23:11:41 |INFO  |pair:WETH/USDC
2026-02-17 23:11:41 |INFO  |Generatiing signal for WETH/USDC...
2026-02-17 23:11:42 |INFO  |WETH/USDC Prices | CEX: 1970.73 | DEX: 2001.1536859091261
2026-02-17 23:11:42 |INFO  |📊 WETH/USDC Spreads | BuyCex->SellDex: 93.27 bps | BuyDex->SellCex: -152.08 bps | Min Required: 10.00
2026-02-17 23:11:42 |INFO  |💰 WETH/USDC Potential PnL: Gross $0.0368 - Fees $0.1158 = Net $-0.0790 (Min: $0.1000)
2026-02-17 23:11:42 |WARN  |❌ WETH/USDC ignored: Not profitable enough (Net $-0.0790)
2026-02-17 23:11:42 |INFO  |Tick: No signals generated (spreads too tight or API error)
2026-02-17 23:11:44 |INFO  |pair:WETH/USDC
2026-02-17 23:11:44 |INFO  |Generatiing signal for WETH/USDC...
2026-02-17 23:11:44 |INFO  |WETH/USDC Prices | CEX: 1970.73 | DEX: 2001.1536859091261
2026-02-17 23:11:44 |INFO  |📊 WETH/USDC Spreads | BuyCex->SellDex: 93.27 bps | BuyDex->SellCex: -152.08 bps | Min Required: 10.00
2026-02-17 23:11:44 |INFO  |💰 WETH/USDC Potential PnL: Gross $0.0368 - Fees $0.1158 = Net $-0.0790 (Min: $0.1000)
2026-02-17 23:11:44 |WARN  |❌ WETH/USDC ignored: Not profitable enough (Net $-0.0790)
2026-02-17 23:11:44 |INFO  |Tick: No signals generated (spreads too tight or API error)
2026-02-17 23:11:46 |INFO  |pair:WETH/USDC
2026-02-17 23:11:46 |INFO  |Generatiing signal for WETH/USDC...
2026-02-17 23:11:47 |INFO  |WETH/USDC Prices | CEX: 1970.73 | DEX: 2001.1536859091261
2026-02-17 23:11:47 |INFO  |📊 WETH/USDC Spreads | BuyCex->SellDex: 93.27 bps | BuyDex->SellCex: -152.08 bps | Min Required: 10.00
2026-02-17 23:11:47 |INFO  |💰 WETH/USDC Potential PnL: Gross $0.0368 - Fees $0.1158 = Net $-0.0790 (Min: $0.1000)
2026-02-17 23:11:47 |WARN  |❌ WETH/USDC ignored: Not profitable enough (Net $-0.0790)
2026-02-17 23:11:47 |INFO  |Tick: No signals generated (spreads too tight or API error)
2026-02-17 23:11:49 |INFO  |pair:WETH/USDC
2026-02-17 23:11:49 |INFO  |Generatiing signal for WETH/USDC...
2026-02-17 23:11:49 |INFO  |WETH/USDC Prices | CEX: 1970.73 | DEX: 2001.1536859091261
2026-02-17 23:11:49 |INFO  |📊 WETH/USDC Spreads | BuyCex->SellDex: 93.27 bps | BuyDex->SellCex: -152.08 bps | Min Required: 10.00
2026-02-17 23:11:49 |INFO  |💰 WETH/USDC Potential PnL: Gross $0.0368 - Fees $0.1158 = Net $-0.0790 (Min: $0.1000)
2026-02-17 23:11:49 |WARN  |❌ WETH/USDC ignored: Not profitable enough (Net $-0.0790)
2026-02-17 23:11:49 |INFO  |Tick: No signals generated (spreads too tight or API error)
2026-02-17 23:11:51 |INFO  |pair:WETH/USDC
2026-02-17 23:11:51 |INFO  |Generatiing signal for WETH/USDC...
2026-02-17 23:11:51 |INFO  |WETH/USDC Prices | CEX: 1970.9 | DEX: 2001.1536882014243
2026-02-17 23:11:51 |INFO  |📊 WETH/USDC Spreads | BuyCex->SellDex: 92.40 bps | BuyDex->SellCex: -151.23 bps | Min Required: 10.00
2026-02-17 23:11:51 |INFO  |💰 WETH/USDC Potential PnL: Gross $0.0364 - Fees $0.1158 = Net $-0.0793 (Min: $0.1000)
2026-02-17 23:11:51 |WARN  |❌ WETH/USDC ignored: Not profitable enough (Net $-0.0793)
2026-02-17 23:11:51 |INFO  |Tick: No signals generated (spreads too tight or API error)
2026-02-17 23:11:53 |INFO  |pair:WETH/USDC
2026-02-17 23:11:53 |INFO  |Generatiing signal for WETH/USDC...
2026-02-17 23:11:54 |INFO  |WETH/USDC Prices | CEX: 1971.52 | DEX: 2001.1536965615692
2026-02-17 23:11:54 |INFO  |📊 WETH/USDC Spreads | BuyCex->SellDex: 89.23 bps | BuyDex->SellCex: -148.13 bps | Min Required: 10.00
2026-02-17 23:11:54 |INFO  |💰 WETH/USDC Potential PnL: Gross $0.0352 - Fees $0.1158 = Net $-0.0806 (Min: $0.1000)
2026-02-17 23:11:54 |WARN  |❌ WETH/USDC ignored: Not profitable enough (Net $-0.0806)
2026-02-17 23:11:54 |INFO  |Tick: No signals generated (spreads too tight or API error)
2026-02-17 23:11:56 |INFO  |pair:WETH/USDC
2026-02-17 23:11:56 |INFO  |Generatiing signal for WETH/USDC...
2026-02-17 23:11:56 |INFO  |WETH/USDC Prices | CEX: 1971.52 | DEX: 2001.1536965615692
2026-02-17 23:11:56 |INFO  |📊 WETH/USDC Spreads | BuyCex->SellDex: 89.23 bps | BuyDex->SellCex: -148.13 bps | Min Required: 10.00
2026-02-17 23:11:56 |INFO  |💰 WETH/USDC Potential PnL: Gross $0.0352 - Fees $0.1158 = Net $-0.0806 (Min: $0.1000)
2026-02-17 23:11:56 |WARN  |❌ WETH/USDC ignored: Not profitable enough (Net $-0.0806)
2026-02-17 23:11:56 |INFO  |Tick: No signals generated (spreads too tight or API error)
2026-02-17 23:11:58 |INFO  |pair:WETH/USDC
2026-02-17 23:11:58 |INFO  |Generatiing signal for WETH/USDC...
2026-02-17 23:11:59 |INFO  |WETH/USDC Prices | CEX: 1971.52 | DEX: 2001.1536965615692
2026-02-17 23:11:59 |INFO  |📊 WETH/USDC Spreads | BuyCex->SellDex: 89.23 bps | BuyDex->SellCex: -148.13 bps | Min Required: 10.00
2026-02-17 23:11:59 |INFO  |💰 WETH/USDC Potential PnL: Gross $0.0352 - Fees $0.1158 = Net $-0.0806 (Min: $0.1000)
2026-02-17 23:11:59 |WARN  |❌ WETH/USDC ignored: Not profitable enough (Net $-0.0806)
2026-02-17 23:11:59 |INFO  |Tick: No signals generated (spreads too tight or API error)
2026-02-17 23:12:21 |INFO  |pair:WETH/USDC
2026-02-17 23:12:21 |INFO  |Generatiing signal for WETH/USDC...
2026-02-17 23:12:21 |INFO  |WETH/USDC Prices | CEX: 1972 | DEX: 2001.1537030339389
2026-02-17 23:12:21 |INFO  |📊 WETH/USDC Spreads | BuyCex->SellDex: 86.77 bps | BuyDex->SellCex: -145.73 bps | Min Required: 10.00
2026-02-17 23:12:21 |INFO  |💰 WETH/USDC Potential PnL: Gross $0.0342 - Fees $0.1158 = Net $-0.0816 (Min: $0.1000)
2026-02-17 23:12:21 |WARN  |❌ WETH/USDC ignored: Not profitable enough (Net $-0.0816)
2026-02-17 23:12:21 |INFO  |Tick: No signals generated (spreads too tight or API error)
2026-02-17 23:12:04 |INFO  |pair:WETH/USDC
2026-02-17 23:12:04 |INFO  |Generatiing signal for WETH/USDC...
2026-02-17 23:12:04 |INFO  |WETH/USDC Prices | CEX: 1972.24 | DEX: 2001.1537062701243
2026-02-17 23:12:04 |INFO  |📊 WETH/USDC Spreads | BuyCex->SellDex: 85.54 bps | BuyDex->SellCex: -144.54 bps | Min Required: 10.00
2026-02-17 23:12:04 |INFO  |💰 WETH/USDC Potential PnL: Gross $0.0337 - Fees $0.1158 = Net $-0.0820 (Min: $0.1000)
2026-02-17 23:12:04 |WARN  |❌ WETH/USDC ignored: Not profitable enough (Net $-0.0820)
2026-02-17 23:12:04 |INFO  |Tick: No signals generated (spreads too tight or API error)
2026-02-17 23:12:06 |INFO  |pair:WETH/USDC
2026-02-17 23:12:06 |INFO  |Generatiing signal for WETH/USDC...
2026-02-17 23:12:07 |INFO  |WETH/USDC Prices | CEX: 1972.8 | DEX: 2001.1537138212223
2026-02-17 23:12:07 |INFO  |📊 WETH/USDC Spreads | BuyCex->SellDex: 82.68 bps | BuyDex->SellCex: -141.74 bps | Min Required: 10.00
2026-02-17 23:12:07 |INFO  |💰 WETH/USDC Potential PnL: Gross $0.0326 - Fees $0.1158 = Net $-0.0832 (Min: $0.1000)
2026-02-17 23:12:07 |WARN  |❌ WETH/USDC ignored: Not profitable enough (Net $-0.0832)
2026-02-17 23:12:07 |INFO  |Tick: No signals generated (spreads too tight or API error)
2026-02-17 23:12:09 |INFO  |pair:WETH/USDC
2026-02-17 23:12:09 |INFO  |Generatiing signal for WETH/USDC...
2026-02-17 23:12:10 |INFO  |WETH/USDC Prices | CEX: 1973.59 | DEX: 2001.153724473664
2026-02-17 23:12:10 |INFO  |📊 WETH/USDC Spreads | BuyCex->SellDex: 78.65 bps | BuyDex->SellCex: -137.79 bps | Min Required: 10.00
2026-02-17 23:12:10 |INFO  |💰 WETH/USDC Potential PnL: Gross $0.0310 - Fees $0.1158 = Net $-0.0847 (Min: $0.1000)
2026-02-17 23:12:10 |WARN  |❌ WETH/USDC ignored: Not profitable enough (Net $-0.0847)
2026-02-17 23:12:10 |INFO  |Tick: No signals generated (spreads too tight or API error)
2026-02-17 23:12:11 |INFO  |pair:WETH/USDC
2026-02-17 23:12:11 |INFO  |Generatiing signal for WETH/USDC...
2026-02-17 23:12:12 |INFO  |WETH/USDC Prices | CEX: 1973.12 | DEX: 2001.153718129393
2026-02-17 23:12:12 |INFO  |📊 WETH/USDC Spreads | BuyCex->SellDex: 81.05 bps | BuyDex->SellCex: -140.14 bps | Min Required: 10.00
2026-02-17 23:12:12 |INFO  |💰 WETH/USDC Potential PnL: Gross $0.0320 - Fees $0.1158 = Net $-0.0838 (Min: $0.1000)
2026-02-17 23:12:12 |WARN  |❌ WETH/USDC ignored: Not profitable enough (Net $-0.0838)
2026-02-17 23:12:12 |INFO  |Tick: No signals generated (spreads too tight or API error)
2026-02-17 23:12:15 |INFO  |pair:WETH/USDC
2026-02-17 23:12:15 |INFO  |Generatiing signal for WETH/USDC...
2026-02-17 23:12:15 |INFO  |WETH/USDC Prices | CEX: 1973.06 | DEX: 2001.1537173203471
2026-02-17 23:12:15 |INFO  |📊 WETH/USDC Spreads | BuyCex->SellDex: 81.35 bps | BuyDex->SellCex: -140.44 bps | Min Required: 10.00
2026-02-17 23:12:15 |INFO  |💰 WETH/USDC Potential PnL: Gross $0.0321 - Fees $0.1158 = Net $-0.0837 (Min: $0.1000)
2026-02-17 23:12:15 |WARN  |❌ WETH/USDC ignored: Not profitable enough (Net $-0.0837)
2026-02-17 23:12:15 |INFO  |Tick: No signals generated (spreads too tight or API error)
2026-02-17 23:12:17 |INFO  |pair:WETH/USDC
2026-02-17 23:12:17 |INFO  |Generatiing signal for WETH/USDC...
2026-02-17 23:12:18 |INFO  |WETH/USDC Prices | CEX: 1972.97 | DEX: 2001.1537161135193
2026-02-17 23:12:18 |INFO  |📊 WETH/USDC Spreads | BuyCex->SellDex: 81.81 bps | BuyDex->SellCex: -140.89 bps | Min Required: 10.00
2026-02-17 23:12:18 |INFO  |💰 WETH/USDC Potential PnL: Gross $0.0323 - Fees $0.1158 = Net $-0.0835 (Min: $0.1000)
2026-02-17 23:12:18 |WARN  |❌ WETH/USDC ignored: Not profitable enough (Net $-0.0835)
2026-02-17 23:12:18 |INFO  |Tick: No signals generated (spreads too tight or API error)
2026-02-17 23:12:20 |INFO  |pair:WETH/USDC
2026-02-17 23:12:20 |INFO  |Generatiing signal for WETH/USDC...
2026-02-17 23:12:20 |INFO  |WETH/USDC Prices | CEX: 1972.73 | DEX: 2001.1537128705927
2026-02-17 23:12:20 |INFO  |📊 WETH/USDC Spreads | BuyCex->SellDex: 83.04 bps | BuyDex->SellCex: -142.09 bps | Min Required: 10.00
2026-02-17 23:12:20 |INFO  |💰 WETH/USDC Potential PnL: Gross $0.0328 - Fees $0.1158 = Net $-0.0830 (Min: $0.1000)
2026-02-17 23:12:20 |WARN  |❌ WETH/USDC ignored: Not profitable enough (Net $-0.0830)
2026-02-17 23:12:20 |INFO  |Tick: No signals generated (spreads too tight or API error)
2026-02-17 23:12:22 |INFO  |pair:WETH/USDC
2026-02-17 23:12:22 |INFO  |Generatiing signal for WETH/USDC...
2026-02-17 23:12:22 |INFO  |WETH/USDC Prices | CEX: 1972.81 | DEX: 2001.1537139560626
2026-02-17 23:12:22 |INFO  |📊 WETH/USDC Spreads | BuyCex->SellDex: 82.63 bps | BuyDex->SellCex: -141.69 bps | Min Required: 10.00
2026-02-17 23:12:22 |INFO  |💰 WETH/USDC Potential PnL: Gross $0.0326 - Fees $0.1158 = Net $-0.0832 (Min: $0.1000)
2026-02-17 23:12:22 |WARN  |❌ WETH/USDC ignored: Not profitable enough (Net $-0.0832)
2026-02-17 23:12:22 |INFO  |Tick: No signals generated (spreads too tight or API error)
2026-02-17 23:12:24 |INFO  |pair:WETH/USDC
2026-02-17 23:12:24 |INFO  |Generatiing signal for WETH/USDC...
2026-02-17 23:12:25 |INFO  |WETH/USDC Prices | CEX: 1972.96 | DEX: 2001.1537159786785
2026-02-17 23:12:25 |INFO  |📊 WETH/USDC Spreads | BuyCex->SellDex: 81.86 bps | BuyDex->SellCex: -140.94 bps | Min Required: 10.00
2026-02-17 23:12:25 |INFO  |💰 WETH/USDC Potential PnL: Gross $0.0323 - Fees $0.1158 = Net $-0.0835 (Min: $0.1000)
2026-02-17 23:12:25 |WARN  |❌ WETH/USDC ignored: Not profitable enough (Net $-0.0835)
2026-02-17 23:12:25 |INFO  |Tick: No signals generated (spreads too tight or API error)
2026-02-17 23:12:27 |INFO  |pair:WETH/USDC
2026-02-17 23:12:27 |INFO  |Generatiing signal for WETH/USDC...
2026-02-17 23:12:27 |INFO  |WETH/USDC Prices | CEX: 1973.26 | DEX: 2001.1537200239102
2026-02-17 23:12:27 |INFO  |📊 WETH/USDC Spreads | BuyCex->SellDex: 80.33 bps | BuyDex->SellCex: -139.44 bps | Min Required: 10.00
2026-02-17 23:12:27 |INFO  |💰 WETH/USDC Potential PnL: Gross $0.0317 - Fees $0.1158 = Net $-0.0841 (Min: $0.1000)
2026-02-17 23:12:27 |WARN  |❌ WETH/USDC ignored: Not profitable enough (Net $-0.0841)
2026-02-17 23:12:27 |INFO  |Tick: No signals generated (spreads too tight or API error)
2026-02-17 23:12:29 |INFO  |pair:WETH/USDC
2026-02-17 23:12:29 |INFO  |Generatiing signal for WETH/USDC...
2026-02-17 23:12:29 |INFO  |WETH/USDC Prices | CEX: 1973.41 | DEX: 2001.153722046525
2026-02-17 23:12:29 |INFO  |📊 WETH/USDC Spreads | BuyCex->SellDex: 79.57 bps | BuyDex->SellCex: -138.69 bps | Min Required: 10.00
2026-02-17 23:12:29 |INFO  |💰 WETH/USDC Potential PnL: Gross $0.0314 - Fees $0.1158 = Net $-0.0844 (Min: $0.1000)
2026-02-17 23:12:29 |WARN  |❌ WETH/USDC ignored: Not profitable enough (Net $-0.0844)
2026-02-17 23:12:29 |INFO  |Tick: No signals generated (spreads too tight or API error)
2026-02-17 23:12:30 |INFO  |HEALTH | uptime=1720s | last_trade=Nones | cb_open=false | pnl=$0.00 | limit_reached=false
2026-02-17 23:12:31 |INFO  |pair:WETH/USDC
2026-02-17 23:12:31 |INFO  |Generatiing signal for WETH/USDC...
2026-02-17 23:12:32 |INFO  |WETH/USDC Prices | CEX: 1973.29 | DEX: 2001.1537204284327
2026-02-17 23:12:32 |INFO  |📊 WETH/USDC Spreads | BuyCex->SellDex: 80.18 bps | BuyDex->SellCex: -139.29 bps | Min Required: 10.00
2026-02-17 23:12:32 |INFO  |💰 WETH/USDC Potential PnL: Gross $0.0316 - Fees $0.1158 = Net $-0.0841 (Min: $0.1000)
2026-02-17 23:12:32 |WARN  |❌ WETH/USDC ignored: Not profitable enough (Net $-0.0841)
2026-02-17 23:12:32 |INFO  |Tick: No signals generated (spreads too tight or API error)
2026-02-17 23:12:34 |INFO  |pair:WETH/USDC
2026-02-17 23:12:34 |INFO  |Generatiing signal for WETH/USDC...
2026-02-17 23:12:34 |INFO  |WETH/USDC Prices | CEX: 1973.21 | DEX: 2001.153719342962
2026-02-17 23:12:34 |INFO  |📊 WETH/USDC Spreads | BuyCex->SellDex: 80.59 bps | BuyDex->SellCex: -139.69 bps | Min Required: 10.00
2026-02-17 23:12:34 |INFO  |💰 WETH/USDC Potential PnL: Gross $0.0318 - Fees $0.1158 = Net $-0.0840 (Min: $0.1000)
2026-02-17 23:12:34 |WARN  |❌ WETH/USDC ignored: Not profitable enough (Net $-0.0840)
2026-02-17 23:12:34 |INFO  |Tick: No signals generated (spreads too tight or API error)
2026-02-17 23:12:36 |INFO  |pair:WETH/USDC
2026-02-17 23:12:36 |INFO  |Generatiing signal for WETH/USDC...
2026-02-17 23:12:37 |INFO  |WETH/USDC Prices | CEX: 1973.21 | DEX: 2001.153719342962
2026-02-17 23:12:37 |INFO  |📊 WETH/USDC Spreads | BuyCex->SellDex: 80.59 bps | BuyDex->SellCex: -139.69 bps | Min Required: 10.00
2026-02-17 23:12:37 |INFO  |💰 WETH/USDC Potential PnL: Gross $0.0318 - Fees $0.1158 = Net $-0.0840 (Min: $0.1000)
2026-02-17 23:12:37 |WARN  |❌ WETH/USDC ignored: Not profitable enough (Net $-0.0840)
2026-02-17 23:12:37 |INFO  |Tick: No signals generated (spreads too tight or API error)
2026-02-17 23:12:39 |INFO  |pair:WETH/USDC
2026-02-17 23:12:39 |INFO  |Generatiing signal for WETH/USDC...
2026-02-17 23:12:39 |INFO  |WETH/USDC Prices | CEX: 1973.76 | DEX: 2001.1537267659614
2026-02-17 23:12:39 |INFO  |📊 WETH/USDC Spreads | BuyCex->SellDex: 77.78 bps | BuyDex->SellCex: -136.94 bps | Min Required: 10.00
2026-02-17 23:12:39 |INFO  |💰 WETH/USDC Potential PnL: Gross $0.0307 - Fees $0.1158 = Net $-0.0851 (Min: $0.1000)
2026-02-17 23:12:39 |WARN  |❌ WETH/USDC ignored: Not profitable enough (Net $-0.0851)
2026-02-17 23:12:39 |INFO  |Tick: No signals generated (spreads too tight or API error)
2026-02-17 23:12:42 |INFO  |pair:WETH/USDC
2026-02-17 23:12:42 |INFO  |Generatiing signal for WETH/USDC...
2026-02-17 23:12:43 |INFO  |WETH/USDC Prices | CEX: 1973.45 | DEX: 2001.15372258589
2026-02-17 23:12:43 |INFO  |📊 WETH/USDC Spreads | BuyCex->SellDex: 79.36 bps | BuyDex->SellCex: -138.49 bps | Min Required: 10.00
2026-02-17 23:12:43 |INFO  |💰 WETH/USDC Potential PnL: Gross $0.0313 - Fees $0.1158 = Net $-0.0845 (Min: $0.1000)
2026-02-17 23:12:43 |WARN  |❌ WETH/USDC ignored: Not profitable enough (Net $-0.0845)
2026-02-17 23:12:43 |INFO  |Tick: No signals generated (spreads too tight or API error)
2026-02-17 23:12:45 |INFO  |pair:WETH/USDC
2026-02-17 23:12:45 |INFO  |Generatiing signal for WETH/USDC...
2026-02-17 23:12:45 |INFO  |WETH/USDC Prices | CEX: 1973.45 | DEX: 2001.15372258589
2026-02-17 23:12:45 |INFO  |📊 WETH/USDC Spreads | BuyCex->SellDex: 79.36 bps | BuyDex->SellCex: -138.49 bps | Min Required: 10.00
2026-02-17 23:12:45 |INFO  |💰 WETH/USDC Potential PnL: Gross $0.0313 - Fees $0.1158 = Net $-0.0845 (Min: $0.1000)
2026-02-17 23:12:45 |WARN  |❌ WETH/USDC ignored: Not profitable enough (Net $-0.0845)
2026-02-17 23:12:45 |INFO  |Tick: No signals generated (spreads too tight or API error)
2026-02-17 23:12:47 |INFO  |pair:WETH/USDC
2026-02-17 23:12:47 |INFO  |Generatiing signal for WETH/USDC...
2026-02-17 23:12:48 |INFO  |WETH/USDC Prices | CEX: 1973.45 | DEX: 2001.15372258589
2026-02-17 23:12:48 |INFO  |📊 WETH/USDC Spreads | BuyCex->SellDex: 79.36 bps | BuyDex->SellCex: -138.49 bps | Min Required: 10.00
2026-02-17 23:12:48 |INFO  |💰 WETH/USDC Potential PnL: Gross $0.0313 - Fees $0.1158 = Net $-0.0845 (Min: $0.1000)
2026-02-17 23:12:48 |WARN  |❌ WETH/USDC ignored: Not profitable enough (Net $-0.0845)
2026-02-17 23:12:48 |INFO  |Tick: No signals generated (spreads too tight or API error)
2026-02-17 23:12:51 |INFO  |pair:WETH/USDC
2026-02-17 23:12:51 |INFO  |Generatiing signal for WETH/USDC...
2026-02-17 23:12:51 |INFO  |WETH/USDC Prices | CEX: 1973.45 | DEX: 2001.15372258589
2026-02-17 23:12:51 |INFO  |📊 WETH/USDC Spreads | BuyCex->SellDex: 79.36 bps | BuyDex->SellCex: -138.49 bps | Min Required: 10.00
2026-02-17 23:12:51 |INFO  |💰 WETH/USDC Potential PnL: Gross $0.0313 - Fees $0.1158 = Net $-0.0845 (Min: $0.1000)
2026-02-17 23:12:51 |WARN  |❌ WETH/USDC ignored: Not profitable enough (Net $-0.0845)
2026-02-17 23:12:51 |INFO  |Tick: No signals generated (spreads too tight or API error)
2026-02-17 23:12:53 |INFO  |pair:WETH/USDC
2026-02-17 23:12:53 |INFO  |Generatiing signal for WETH/USDC...
2026-02-17 23:12:54 |INFO  |WETH/USDC Prices | CEX: 1973.36 | DEX: 2001.1537213723204
2026-02-17 23:12:54 |INFO  |📊 WETH/USDC Spreads | BuyCex->SellDex: 79.82 bps | BuyDex->SellCex: -138.94 bps | Min Required: 10.00
2026-02-17 23:12:54 |INFO  |💰 WETH/USDC Potential PnL: Gross $0.0315 - Fees $0.1158 = Net $-0.0843 (Min: $0.1000)
2026-02-17 23:12:54 |WARN  |❌ WETH/USDC ignored: Not profitable enough (Net $-0.0843)
2026-02-17 23:12:54 |INFO  |Tick: No signals generated (spreads too tight or API error)
2026-02-17 23:12:56 |INFO  |pair:WETH/USDC
2026-02-17 23:12:56 |INFO  |Generatiing signal for WETH/USDC...
2026-02-17 23:12:57 |INFO  |WETH/USDC Prices | CEX: 1973.36 | DEX: 2001.1537213723204
2026-02-17 23:12:57 |INFO  |📊 WETH/USDC Spreads | BuyCex->SellDex: 79.82 bps | BuyDex->SellCex: -138.94 bps | Min Required: 10.00
2026-02-17 23:12:57 |INFO  |💰 WETH/USDC Potential PnL: Gross $0.0315 - Fees $0.1158 = Net $-0.0843 (Min: $0.1000)
2026-02-17 23:12:57 |WARN  |❌ WETH/USDC ignored: Not profitable enough (Net $-0.0843)
2026-02-17 23:12:57 |INFO  |Tick: No signals generated (spreads too tight or API error)
2026-02-17 23:12:59 |INFO  |pair:WETH/USDC
2026-02-17 23:12:59 |INFO  |Generatiing signal for WETH/USDC...
2026-02-17 23:12:59 |INFO  |WETH/USDC Prices | CEX: 1973.36 | DEX: 2001.1537213723204
2026-02-17 23:12:59 |INFO  |📊 WETH/USDC Spreads | BuyCex->SellDex: 79.82 bps | BuyDex->SellCex: -138.94 bps | Min Required: 10.00
2026-02-17 23:12:59 |INFO  |💰 WETH/USDC Potential PnL: Gross $0.0315 - Fees $0.1158 = Net $-0.0843 (Min: $0.1000)
2026-02-17 23:12:59 |WARN  |❌ WETH/USDC ignored: Not profitable enough (Net $-0.0843)
2026-02-17 23:12:59 |INFO  |Tick: No signals generated (spreads too tight or API error)
2026-02-17 23:13:21 |INFO  |pair:WETH/USDC
2026-02-17 23:13:21 |INFO  |Generatiing signal for WETH/USDC...
2026-02-17 23:13:02 |INFO  |WETH/USDC Prices | CEX: 1973.36 | DEX: 2001.1537213723204
2026-02-17 23:13:02 |INFO  |📊 WETH/USDC Spreads | BuyCex->SellDex: 79.82 bps | BuyDex->SellCex: -138.94 bps | Min Required: 10.00
2026-02-17 23:13:02 |INFO  |💰 WETH/USDC Potential PnL: Gross $0.0315 - Fees $0.1158 = Net $-0.0843 (Min: $0.1000)
2026-02-17 23:13:02 |WARN  |❌ WETH/USDC ignored: Not profitable enough (Net $-0.0843)
2026-02-17 23:13:02 |INFO  |Tick: No signals generated (spreads too tight or API error)
2026-02-17 23:13:05 |INFO  |pair:WETH/USDC
2026-02-17 23:13:05 |INFO  |Generatiing signal for WETH/USDC...
2026-02-17 23:13:05 |INFO  |WETH/USDC Prices | CEX: 1973.76 | DEX: 2001.1537267659614
2026-02-17 23:13:05 |INFO  |📊 WETH/USDC Spreads | BuyCex->SellDex: 77.78 bps | BuyDex->SellCex: -136.94 bps | Min Required: 10.00
2026-02-17 23:13:05 |INFO  |💰 WETH/USDC Potential PnL: Gross $0.0307 - Fees $0.1158 = Net $-0.0851 (Min: $0.1000)
2026-02-17 23:13:05 |WARN  |❌ WETH/USDC ignored: Not profitable enough (Net $-0.0851)
2026-02-17 23:13:05 |INFO  |Tick: No signals generated (spreads too tight or API error)
2026-02-17 23:13:07 |INFO  |pair:WETH/USDC
2026-02-17 23:13:07 |INFO  |Generatiing signal for WETH/USDC...
2026-02-17 23:13:07 |INFO  |WETH/USDC Prices | CEX: 1974.18 | DEX: 2001.1537324292858
2026-02-17 23:13:07 |INFO  |📊 WETH/USDC Spreads | BuyCex->SellDex: 75.63 bps | BuyDex->SellCex: -134.84 bps | Min Required: 10.00
2026-02-17 23:13:07 |INFO  |💰 WETH/USDC Potential PnL: Gross $0.0299 - Fees $0.1158 = Net $-0.0859 (Min: $0.1000)
2026-02-17 23:13:07 |WARN  |❌ WETH/USDC ignored: Not profitable enough (Net $-0.0859)
2026-02-17 23:13:07 |INFO  |Tick: No signals generated (spreads too tight or API error)
2026-02-17 23:13:09 |INFO  |pair:WETH/USDC
2026-02-17 23:13:09 |INFO  |Generatiing signal for WETH/USDC...
2026-02-17 23:13:10 |INFO  |WETH/USDC Prices | CEX: 1974.18 | DEX: 2001.1537324292858
2026-02-17 23:13:10 |INFO  |📊 WETH/USDC Spreads | BuyCex->SellDex: 75.63 bps | BuyDex->SellCex: -134.84 bps | Min Required: 10.00
2026-02-17 23:13:10 |INFO  |💰 WETH/USDC Potential PnL: Gross $0.0299 - Fees $0.1158 = Net $-0.0859 (Min: $0.1000)
2026-02-17 23:13:10 |WARN  |❌ WETH/USDC ignored: Not profitable enough (Net $-0.0859)
2026-02-17 23:13:10 |INFO  |Tick: No signals generated (spreads too tight or API error)
2026-02-17 23:13:12 |INFO  |pair:WETH/USDC
2026-02-17 23:13:12 |INFO  |Generatiing signal for WETH/USDC...
2026-02-17 23:13:12 |INFO  |WETH/USDC Prices | CEX: 1974.18 | DEX: 2001.1537324292858
2026-02-17 23:13:12 |INFO  |📊 WETH/USDC Spreads | BuyCex->SellDex: 75.63 bps | BuyDex->SellCex: -134.84 bps | Min Required: 10.00
2026-02-17 23:13:12 |INFO  |💰 WETH/USDC Potential PnL: Gross $0.0299 - Fees $0.1158 = Net $-0.0859 (Min: $0.1000)
2026-02-17 23:13:12 |WARN  |❌ WETH/USDC ignored: Not profitable enough (Net $-0.0859)
2026-02-17 23:13:12 |INFO  |Tick: No signals generated (spreads too tight or API error)
2026-02-17 23:13:14 |INFO  |pair:WETH/USDC
2026-02-17 23:13:14 |INFO  |Generatiing signal for WETH/USDC...
2026-02-17 23:13:14 |INFO  |WETH/USDC Prices | CEX: 1974.21 | DEX: 2001.1537301369876
2026-02-17 23:13:14 |INFO  |📊 WETH/USDC Spreads | BuyCex->SellDex: 76.50 bps | BuyDex->SellCex: -135.69 bps | Min Required: 10.00
2026-02-17 23:13:14 |INFO  |💰 WETH/USDC Potential PnL: Gross $0.0302 - Fees $0.1158 = Net $-0.0856 (Min: $0.1000)
2026-02-17 23:13:14 |WARN  |❌ WETH/USDC ignored: Not profitable enough (Net $-0.0856)
2026-02-17 23:13:14 |INFO  |Tick: No signals generated (spreads too tight or API error)
2026-02-17 23:13:16 |INFO  |pair:WETH/USDC
2026-02-17 23:13:16 |INFO  |Generatiing signal for WETH/USDC...
2026-02-17 23:13:17 |INFO  |WETH/USDC Prices | CEX: 1974.21 | DEX: 2001.1537301369876
2026-02-17 23:13:17 |INFO  |📊 WETH/USDC Spreads | BuyCex->SellDex: 76.50 bps | BuyDex->SellCex: -135.69 bps | Min Required: 10.00
2026-02-17 23:13:17 |INFO  |💰 WETH/USDC Potential PnL: Gross $0.0302 - Fees $0.1158 = Net $-0.0856 (Min: $0.1000)
2026-02-17 23:13:17 |WARN  |❌ WETH/USDC ignored: Not profitable enough (Net $-0.0856)
2026-02-17 23:13:17 |INFO  |Tick: No signals generated (spreads too tight or API error)
2026-02-17 23:13:19 |INFO  |pair:WETH/USDC
2026-02-17 23:13:19 |INFO  |Generatiing signal for WETH/USDC...
2026-02-17 23:13:19 |INFO  |WETH/USDC Prices | CEX: 1974.21 | DEX: 2001.1537301369876
2026-02-17 23:13:19 |INFO  |📊 WETH/USDC Spreads | BuyCex->SellDex: 76.50 bps | BuyDex->SellCex: -135.69 bps | Min Required: 10.00
2026-02-17 23:13:19 |INFO  |💰 WETH/USDC Potential PnL: Gross $0.0302 - Fees $0.1158 = Net $-0.0856 (Min: $0.1000)
2026-02-17 23:13:19 |WARN  |❌ WETH/USDC ignored: Not profitable enough (Net $-0.0856)
2026-02-17 23:13:19 |INFO  |Tick: No signals generated (spreads too tight or API error)
2026-02-17 23:13:21 |INFO  |pair:WETH/USDC
2026-02-17 23:13:21 |INFO  |Generatiing signal for WETH/USDC...
2026-02-17 23:13:21 |INFO  |WETH/USDC Prices | CEX: 1974.21 | DEX: 2001.1537301369876
2026-02-17 23:13:21 |INFO  |📊 WETH/USDC Spreads | BuyCex->SellDex: 76.50 bps | BuyDex->SellCex: -135.69 bps | Min Required: 10.00
2026-02-17 23:13:21 |INFO  |💰 WETH/USDC Potential PnL: Gross $0.0302 - Fees $0.1158 = Net $-0.0856 (Min: $0.1000)
2026-02-17 23:13:21 |WARN  |❌ WETH/USDC ignored: Not profitable enough (Net $-0.0856)
2026-02-17 23:13:21 |INFO  |Tick: No signals generated (spreads too tight or API error)
2026-02-17 23:13:23 |INFO  |pair:WETH/USDC
2026-02-17 23:13:23 |INFO  |Generatiing signal for WETH/USDC...
2026-02-17 23:13:23 |INFO  |WETH/USDC Prices | CEX: 1974.21 | DEX: 2001.1537301369876
2026-02-17 23:13:23 |INFO  |📊 WETH/USDC Spreads | BuyCex->SellDex: 76.50 bps | BuyDex->SellCex: -135.69 bps | Min Required: 10.00
2026-02-17 23:13:23 |INFO  |💰 WETH/USDC Potential PnL: Gross $0.0302 - Fees $0.1158 = Net $-0.0856 (Min: $0.1000)
2026-02-17 23:13:23 |WARN  |❌ WETH/USDC ignored: Not profitable enough (Net $-0.0856)
2026-02-17 23:13:23 |INFO  |Tick: No signals generated (spreads too tight or API error)
2026-02-17 23:13:26 |INFO  |pair:WETH/USDC
2026-02-17 23:13:26 |INFO  |Generatiing signal for WETH/USDC...
2026-02-17 23:13:26 |INFO  |WETH/USDC Prices | CEX: 1974.24 | DEX: 2001.153733238332
2026-02-17 23:13:26 |INFO  |📊 WETH/USDC Spreads | BuyCex->SellDex: 75.33 bps | BuyDex->SellCex: -134.54 bps | Min Required: 10.00
2026-02-17 23:13:26 |INFO  |💰 WETH/USDC Potential PnL: Gross $0.0297 - Fees $0.1158 = Net $-0.0861 (Min: $0.1000)
2026-02-17 23:13:26 |WARN  |❌ WETH/USDC ignored: Not profitable enough (Net $-0.0861)
2026-02-17 23:13:26 |INFO  |Tick: No signals generated (spreads too tight or API error)
2026-02-17 23:13:28 |INFO  |pair:WETH/USDC
2026-02-17 23:13:28 |INFO  |Generatiing signal for WETH/USDC...
2026-02-17 23:13:29 |INFO  |WETH/USDC Prices | CEX: 1974.24 | DEX: 2001.153733238332
2026-02-17 23:13:29 |INFO  |📊 WETH/USDC Spreads | BuyCex->SellDex: 75.33 bps | BuyDex->SellCex: -134.54 bps | Min Required: 10.00
2026-02-17 23:13:29 |INFO  |💰 WETH/USDC Potential PnL: Gross $0.0297 - Fees $0.1158 = Net $-0.0861 (Min: $0.1000)
2026-02-17 23:13:29 |WARN  |❌ WETH/USDC ignored: Not profitable enough (Net $-0.0861)
2026-02-17 23:13:29 |INFO  |Tick: No signals generated (spreads too tight or API error)
2026-02-17 23:13:31 |INFO  |pair:WETH/USDC
2026-02-17 23:13:31 |INFO  |Generatiing signal for WETH/USDC...
2026-02-17 23:13:31 |INFO  |WETH/USDC Prices | CEX: 1974.31 | DEX: 2001.1537341822188
2026-02-17 23:13:31 |INFO  |📊 WETH/USDC Spreads | BuyCex->SellDex: 74.97 bps | BuyDex->SellCex: -134.19 bps | Min Required: 10.00
2026-02-17 23:13:31 |INFO  |💰 WETH/USDC Potential PnL: Gross $0.0296 - Fees $0.1158 = Net $-0.0862 (Min: $0.1000)
2026-02-17 23:13:31 |WARN  |❌ WETH/USDC ignored: Not profitable enough (Net $-0.0862)
2026-02-17 23:13:31 |INFO  |Tick: No signals generated (spreads too tight or API error)
2026-02-17 23:13:32 |INFO  |HEALTH | uptime=1782s | last_trade=Nones | cb_open=false | pnl=$0.00 | limit_reached=false
2026-02-17 23:13:33 |INFO  |pair:WETH/USDC
2026-02-17 23:13:33 |INFO  |Generatiing signal for WETH/USDC...
2026-02-17 23:13:34 |INFO  |WETH/USDC Prices | CEX: 1974.48 | DEX: 2001.1537364745172
2026-02-17 23:13:34 |INFO  |📊 WETH/USDC Spreads | BuyCex->SellDex: 74.10 bps | BuyDex->SellCex: -133.34 bps | Min Required: 10.00
2026-02-17 23:13:34 |INFO  |💰 WETH/USDC Potential PnL: Gross $0.0293 - Fees $0.1158 = Net $-0.0865 (Min: $0.1000)
2026-02-17 23:13:34 |WARN  |❌ WETH/USDC ignored: Not profitable enough (Net $-0.0865)
2026-02-17 23:13:34 |INFO  |Tick: No signals generated (spreads too tight or API error)
2026-02-17 23:13:36 |INFO  |pair:WETH/USDC
2026-02-17 23:13:36 |INFO  |Generatiing signal for WETH/USDC...
2026-02-17 23:13:36 |INFO  |WETH/USDC Prices | CEX: 1974.88 | DEX: 2001.1537418681582
2026-02-17 23:13:36 |INFO  |📊 WETH/USDC Spreads | BuyCex->SellDex: 72.06 bps | BuyDex->SellCex: -131.34 bps | Min Required: 10.00
2026-02-17 23:13:36 |INFO  |💰 WETH/USDC Potential PnL: Gross $0.0285 - Fees $0.1158 = Net $-0.0873 (Min: $0.1000)
2026-02-17 23:13:36 |WARN  |❌ WETH/USDC ignored: Not profitable enough (Net $-0.0873)
2026-02-17 23:13:36 |INFO  |Tick: No signals generated (spreads too tight or API error)
2026-02-17 23:13:38 |INFO  |pair:WETH/USDC
2026-02-17 23:13:38 |INFO  |Generatiing signal for WETH/USDC...
2026-02-17 23:13:39 |INFO  |WETH/USDC Prices | CEX: 1974.83 | DEX: 2001.1537411872107
2026-02-17 23:13:39 |INFO  |📊 WETH/USDC Spreads | BuyCex->SellDex: 72.32 bps | BuyDex->SellCex: -131.59 bps | Min Required: 10.00
2026-02-17 23:13:39 |INFO  |💰 WETH/USDC Potential PnL: Gross $0.0286 - Fees $0.1158 = Net $-0.0872 (Min: $0.1000)
2026-02-17 23:13:39 |WARN  |❌ WETH/USDC ignored: Not profitable enough (Net $-0.0872)
2026-02-17 23:13:39 |INFO  |Tick: No signals generated (spreads too tight or API error)
2026-02-17 23:13:42 |INFO  |pair:WETH/USDC
2026-02-17 23:13:42 |INFO  |Generatiing signal for WETH/USDC...
2026-02-17 23:13:42 |INFO  |WETH/USDC Prices | CEX: 1975.04 | DEX: 2001.153744018873
2026-02-17 23:13:42 |INFO  |📊 WETH/USDC Spreads | BuyCex->SellDex: 71.25 bps | BuyDex->SellCex: -130.54 bps | Min Required: 10.00
2026-02-17 23:13:42 |INFO  |💰 WETH/USDC Potential PnL: Gross $0.0281 - Fees $0.1158 = Net $-0.0877 (Min: $0.1000)
2026-02-17 23:13:42 |WARN  |❌ WETH/USDC ignored: Not profitable enough (Net $-0.0877)
2026-02-17 23:13:42 |INFO  |Tick: No signals generated (spreads too tight or API error)
2026-02-17 23:13:44 |INFO  |pair:WETH/USDC
2026-02-17 23:13:44 |INFO  |Generatiing signal for WETH/USDC...
2026-02-17 23:13:45 |INFO  |WETH/USDC Prices | CEX: 1974.92 | DEX: 2001.1537424075223
2026-02-17 23:13:45 |INFO  |📊 WETH/USDC Spreads | BuyCex->SellDex: 71.86 bps | BuyDex->SellCex: -131.14 bps | Min Required: 10.00
2026-02-17 23:13:45 |INFO  |💰 WETH/USDC Potential PnL: Gross $0.0284 - Fees $0.1158 = Net $-0.0874 (Min: $0.1000)
2026-02-17 23:13:45 |WARN  |❌ WETH/USDC ignored: Not profitable enough (Net $-0.0874)
2026-02-17 23:13:45 |INFO  |Tick: No signals generated (spreads too tight or API error)
2026-02-17 23:13:47 |INFO  |pair:WETH/USDC
2026-02-17 23:13:47 |INFO  |Generatiing signal for WETH/USDC...
2026-02-17 23:13:47 |INFO  |WETH/USDC Prices | CEX: 1973.93 | DEX: 2001.1537289908395
2026-02-17 23:13:47 |INFO  |📊 WETH/USDC Spreads | BuyCex->SellDex: 76.91 bps | BuyDex->SellCex: -136.14 bps | Min Required: 10.00
2026-02-17 23:13:47 |INFO  |💰 WETH/USDC Potential PnL: Gross $0.0304 - Fees $0.1158 = Net $-0.0854 (Min: $0.1000)
2026-02-17 23:13:47 |WARN  |❌ WETH/USDC ignored: Not profitable enough (Net $-0.0854)
2026-02-17 23:13:47 |INFO  |Tick: No signals generated (spreads too tight or API error)
2026-02-17 23:13:50 |INFO  |pair:WETH/USDC
2026-02-17 23:13:50 |INFO  |Generatiing signal for WETH/USDC...
2026-02-17 23:13:50 |INFO  |WETH/USDC Prices | CEX: 1973.92 | DEX: 2001.1537289234182
2026-02-17 23:13:50 |INFO  |📊 WETH/USDC Spreads | BuyCex->SellDex: 76.96 bps | BuyDex->SellCex: -136.14 bps | Min Required: 10.00
2026-02-17 23:13:50 |INFO  |💰 WETH/USDC Potential PnL: Gross $0.0304 - Fees $0.1158 = Net $-0.0854 (Min: $0.1000)
2026-02-17 23:13:50 |WARN  |❌ WETH/USDC ignored: Not profitable enough (Net $-0.0854)
2026-02-17 23:13:50 |INFO  |Tick: No signals generated (spreads too tight or API error)
2026-02-17 23:14:03 |INFO  |=== Configuring Bot for Arbitrum Mainnet (Dry Run) ===
2026-02-17 23:14:03 |INFO  |Metrics server starting on http://localhost:3030/metrics
2026-02-17 23:14:03 |INFO  |Initializing ArbBot...
2026-02-17 23:14:03 |WARN  |PRODUCTION MODE ENABLED - REAL MONEY TRADING
2026-02-17 23:14:03 |INFO  |BINANCE_API_KEY
2026-02-17 23:14:03 |INFO  |BINANCE_SECRET
2026-02-17 23:14:08 |INFO  |Bot initialized in DRY RUN mode.
2026-02-17 23:14:08 |INFO  |DRY RUN MODE ENABLED - No trades will be executed
2026-02-17 23:14:08 |INFO  |Bot starting...
2026-02-17 23:14:09 |INFO  |pair:WETH/USDC
2026-02-17 23:14:09 |INFO  |Generatiing signal for WETH/USDC...
2026-02-17 23:14:09 |INFO  |WETH/USDC Prices | CEX: 1973.93 | DEX: 1982.299707390412
2026-02-17 23:14:09 |INFO  |📊 WETH/USDC Spreads | BuyCex->SellDex: -18.03 bps | BuyDex->SellCex: -42.27 bps | Min Required: 20.00
2026-02-17 23:14:09 |INFO  |❌ WETH/USDC ignored: Spread too low.
2026-02-17 23:14:11 |INFO  |pair:WETH/USDC
2026-02-17 23:14:11 |INFO  |Generatiing signal for WETH/USDC...
2026-02-17 23:14:12 |INFO  |WETH/USDC Prices | CEX: 1973.93 | DEX: 1982.299707390412
2026-02-17 23:14:12 |INFO  |📊 WETH/USDC Spreads | BuyCex->SellDex: -18.03 bps | BuyDex->SellCex: -42.27 bps | Min Required: 20.00
2026-02-17 23:14:12 |INFO  |❌ WETH/USDC ignored: Spread too low.
2026-02-17 23:14:15 |INFO  |pair:WETH/USDC
2026-02-17 23:14:15 |INFO  |Generatiing signal for WETH/USDC...
2026-02-17 23:14:15 |INFO  |WETH/USDC Prices | CEX: 1973.93 | DEX: 1982.299707390412
2026-02-17 23:14:15 |INFO  |📊 WETH/USDC Spreads | BuyCex->SellDex: -18.03 bps | BuyDex->SellCex: -42.27 bps | Min Required: 20.00
2026-02-17 23:14:15 |INFO  |❌ WETH/USDC ignored: Spread too low.
2026-02-17 23:14:18 |INFO  |pair:WETH/USDC
2026-02-17 23:14:18 |INFO  |Generatiing signal for WETH/USDC...
2026-02-17 23:14:18 |INFO  |WETH/USDC Prices | CEX: 1973.5 | DEX: 1982.299701619667
2026-02-17 23:14:18 |INFO  |📊 WETH/USDC Spreads | BuyCex->SellDex: -15.86 bps | BuyDex->SellCex: -44.44 bps | Min Required: 20.00
2026-02-17 23:14:18 |INFO  |❌ WETH/USDC ignored: Spread too low.
2026-02-17 23:14:21 |INFO  |pair:WETH/USDC
2026-02-17 23:14:21 |INFO  |Generatiing signal for WETH/USDC...
2026-02-17 23:14:21 |INFO  |WETH/USDC Prices | CEX: 1973.51 | DEX: 1982.2997017538705
2026-02-17 23:14:21 |INFO  |📊 WETH/USDC Spreads | BuyCex->SellDex: -15.91 bps | BuyDex->SellCex: -44.39 bps | Min Required: 20.00
2026-02-17 23:14:21 |INFO  |❌ WETH/USDC ignored: Spread too low.
2026-02-17 23:14:24 |INFO  |pair:WETH/USDC
2026-02-17 23:14:24 |INFO  |Generatiing signal for WETH/USDC...
2026-02-17 23:14:24 |INFO  |WETH/USDC Prices | CEX: 1973.32 | DEX: 1982.299699204007
2026-02-17 23:14:24 |INFO  |📊 WETH/USDC Spreads | BuyCex->SellDex: -14.94 bps | BuyDex->SellCex: -45.35 bps | Min Required: 20.00
2026-02-17 23:14:24 |INFO  |❌ WETH/USDC ignored: Spread too low.
2026-02-17 23:14:26 |INFO  |pair:WETH/USDC
2026-02-17 23:14:26 |INFO  |Generatiing signal for WETH/USDC...
2026-02-17 23:14:26 |INFO  |WETH/USDC Prices | CEX: 1973.32 | DEX: 1982.299699204007
2026-02-17 23:14:26 |INFO  |📊 WETH/USDC Spreads | BuyCex->SellDex: -14.94 bps | BuyDex->SellCex: -45.35 bps | Min Required: 20.00
2026-02-17 23:14:26 |INFO  |❌ WETH/USDC ignored: Spread too low.
2026-02-17 23:14:29 |INFO  |pair:WETH/USDC
2026-02-17 23:14:29 |INFO  |Generatiing signal for WETH/USDC...
2026-02-17 23:14:29 |INFO  |WETH/USDC Prices | CEX: 1973.76 | DEX: 1982.2997051089553
2026-02-17 23:14:29 |INFO  |📊 WETH/USDC Spreads | BuyCex->SellDex: -17.17 bps | BuyDex->SellCex: -43.13 bps | Min Required: 20.00
2026-02-17 23:14:29 |INFO  |❌ WETH/USDC ignored: Spread too low.
2026-02-17 23:14:31 |INFO  |pair:WETH/USDC
2026-02-17 23:14:31 |INFO  |Generatiing signal for WETH/USDC...
2026-02-17 23:14:32 |INFO  |WETH/USDC Prices | CEX: 1973.76 | DEX: 1982.2997051089553
2026-02-17 23:14:32 |INFO  |📊 WETH/USDC Spreads | BuyCex->SellDex: -17.17 bps | BuyDex->SellCex: -43.13 bps | Min Required: 20.00
2026-02-17 23:14:32 |INFO  |❌ WETH/USDC ignored: Spread too low.
2026-02-17 23:14:34 |INFO  |pair:WETH/USDC
2026-02-17 23:14:34 |INFO  |Generatiing signal for WETH/USDC...
2026-02-17 23:14:34 |INFO  |WETH/USDC Prices | CEX: 1973.76 | DEX: 1982.2997051089553
2026-02-17 23:14:34 |INFO  |📊 WETH/USDC Spreads | BuyCex->SellDex: -17.17 bps | BuyDex->SellCex: -43.13 bps | Min Required: 20.00
2026-02-17 23:14:34 |INFO  |❌ WETH/USDC ignored: Spread too low.
2026-02-17 23:14:36 |INFO  |pair:WETH/USDC
2026-02-17 23:14:36 |INFO  |Generatiing signal for WETH/USDC...
2026-02-17 23:14:36 |INFO  |WETH/USDC Prices | CEX: 1974 | DEX: 1982.2997083298358
2026-02-17 23:14:36 |INFO  |📊 WETH/USDC Spreads | BuyCex->SellDex: -18.38 bps | BuyDex->SellCex: -41.92 bps | Min Required: 20.00
2026-02-17 23:14:36 |INFO  |❌ WETH/USDC ignored: Spread too low.
2026-02-17 23:15:31 |INFO  |=== Configuring Bot for Arbitrum Mainnet (Dry Run) ===
2026-02-17 23:15:31 |INFO  |Metrics server starting on http://localhost:3030/metrics
2026-02-17 23:15:31 |INFO  |Initializing ArbBot...
2026-02-17 23:15:31 |WARN  |PRODUCTION MODE ENABLED - REAL MONEY TRADING
2026-02-17 23:15:31 |INFO  |BINANCE_API_KEY
2026-02-17 23:15:31 |INFO  |BINANCE_SECRET
2026-02-17 23:15:35 |INFO  |Bot initialized in DRY RUN mode.
2026-02-17 23:15:35 |INFO  |DRY RUN MODE ENABLED - No trades will be executed
2026-02-17 23:15:35 |INFO  |Bot starting...
2026-02-17 23:15:36 |INFO  |pair:WETH/USDC
2026-02-17 23:15:36 |INFO  |Generatiing signal for WETH/USDC...
2026-02-17 23:15:36 |INFO  |WETH/USDC Prices | CEX: 1975.85 | DEX: 1982.3395079163345
2026-02-17 23:15:36 |INFO  |📊 WETH/USDC Spreads | BuyCex->SellDex: -27.93 bps | BuyDex->SellCex: -32.79 bps | Min Required: 10.00
2026-02-17 23:15:36 |INFO  |❌ WETH/USDC ignored: Spread too low.
2026-02-17 23:15:38 |INFO  |pair:WETH/USDC
2026-02-17 23:15:38 |INFO  |Generatiing signal for WETH/USDC...
2026-02-17 23:15:38 |INFO  |WETH/USDC Prices | CEX: 1975.69 | DEX: 1982.3395025481993
2026-02-17 23:15:38 |INFO  |📊 WETH/USDC Spreads | BuyCex->SellDex: -27.12 bps | BuyDex->SellCex: -33.59 bps | Min Required: 10.00
2026-02-17 23:15:38 |INFO  |❌ WETH/USDC ignored: Spread too low.
2026-02-17 23:15:41 |INFO  |pair:WETH/USDC
2026-02-17 23:15:41 |INFO  |Generatiing signal for WETH/USDC...
2026-02-17 23:15:42 |INFO  |WETH/USDC Prices | CEX: 1975.69 | DEX: 1982.3395025481993
2026-02-17 23:15:42 |INFO  |📊 WETH/USDC Spreads | BuyCex->SellDex: -27.12 bps | BuyDex->SellCex: -33.59 bps | Min Required: 10.00
2026-02-17 23:15:42 |INFO  |❌ WETH/USDC ignored: Spread too low.
2026-02-17 23:15:44 |INFO  |pair:WETH/USDC
2026-02-17 23:15:44 |INFO  |Generatiing signal for WETH/USDC...
2026-02-17 23:15:44 |INFO  |WETH/USDC Prices | CEX: 1975.89 | DEX: 1982.339509258368
2026-02-17 23:15:44 |INFO  |📊 WETH/USDC Spreads | BuyCex->SellDex: -28.13 bps | BuyDex->SellCex: -32.59 bps | Min Required: 10.00
2026-02-17 23:15:44 |INFO  |❌ WETH/USDC ignored: Spread too low.
2026-02-17 23:15:47 |INFO  |pair:WETH/USDC
2026-02-17 23:15:47 |INFO  |Generatiing signal for WETH/USDC...
2026-02-17 23:15:47 |INFO  |WETH/USDC Prices | CEX: 1976 | DEX: 1982.3395129489606
2026-02-17 23:15:47 |INFO  |📊 WETH/USDC Spreads | BuyCex->SellDex: -28.69 bps | BuyDex->SellCex: -32.03 bps | Min Required: 10.00
2026-02-17 23:15:47 |INFO  |❌ WETH/USDC ignored: Spread too low.
2026-02-17 23:15:49 |INFO  |pair:WETH/USDC
2026-02-17 23:15:49 |INFO  |Generatiing signal for WETH/USDC...
2026-02-17 23:15:49 |INFO  |WETH/USDC Prices | CEX: 1976.16 | DEX: 1982.3395183170956
2026-02-17 23:15:49 |INFO  |📊 WETH/USDC Spreads | BuyCex->SellDex: -29.49 bps | BuyDex->SellCex: -31.22 bps | Min Required: 10.00
2026-02-17 23:15:49 |INFO  |❌ WETH/USDC ignored: Spread too low.
2026-02-17 23:15:51 |INFO  |pair:WETH/USDC
2026-02-17 23:15:51 |INFO  |Generatiing signal for WETH/USDC...
2026-02-17 23:15:52 |INFO  |WETH/USDC Prices | CEX: 1976.06 | DEX: 1982.3395149620114
2026-02-17 23:15:52 |INFO  |📊 WETH/USDC Spreads | BuyCex->SellDex: -28.99 bps | BuyDex->SellCex: -31.73 bps | Min Required: 10.00
2026-02-17 23:15:52 |INFO  |❌ WETH/USDC ignored: Spread too low.
2026-02-17 23:15:54 |INFO  |pair:WETH/USDC
2026-02-17 23:15:54 |INFO  |Generatiing signal for WETH/USDC...
2026-02-17 23:15:54 |INFO  |WETH/USDC Prices | CEX: 1976.06 | DEX: 1982.3395149620114
2026-02-17 23:15:54 |INFO  |📊 WETH/USDC Spreads | BuyCex->SellDex: -28.99 bps | BuyDex->SellCex: -31.73 bps | Min Required: 10.00
2026-02-17 23:15:54 |INFO  |❌ WETH/USDC ignored: Spread too low.
2026-02-17 23:15:56 |INFO  |pair:WETH/USDC
2026-02-17 23:15:56 |INFO  |Generatiing signal for WETH/USDC...
2026-02-17 23:15:57 |INFO  |WETH/USDC Prices | CEX: 1976.06 | DEX: 1982.3395149620114
2026-02-17 23:15:57 |INFO  |📊 WETH/USDC Spreads | BuyCex->SellDex: -28.99 bps | BuyDex->SellCex: -31.73 bps | Min Required: 10.00
2026-02-17 23:15:57 |INFO  |❌ WETH/USDC ignored: Spread too low.
2026-02-17 23:15:59 |INFO  |pair:WETH/USDC
2026-02-17 23:15:59 |INFO  |Generatiing signal for WETH/USDC...
2026-02-17 23:15:59 |INFO  |WETH/USDC Prices | CEX: 1975.77 | DEX: 1982.3395052322674
2026-02-17 23:15:59 |INFO  |📊 WETH/USDC Spreads | BuyCex->SellDex: -27.53 bps | BuyDex->SellCex: -33.19 bps | Min Required: 10.00
2026-02-17 23:15:59 |INFO  |❌ WETH/USDC ignored: Spread too low.
2026-02-17 23:16:21 |INFO  |pair:WETH/USDC
2026-02-17 23:16:21 |INFO  |Generatiing signal for WETH/USDC...
2026-02-17 23:16:02 |INFO  |WETH/USDC Prices | CEX: 1974.97 | DEX: 1982.3394783915928
2026-02-17 23:16:02 |INFO  |📊 WETH/USDC Spreads | BuyCex->SellDex: -23.49 bps | BuyDex->SellCex: -37.23 bps | Min Required: 10.00
2026-02-17 23:16:02 |INFO  |❌ WETH/USDC ignored: Spread too low.
2026-02-17 23:16:04 |INFO  |pair:WETH/USDC
2026-02-17 23:16:04 |INFO  |Generatiing signal for WETH/USDC...
2026-02-17 23:16:04 |INFO  |WETH/USDC Prices | CEX: 1974.97 | DEX: 1982.3394783915928
2026-02-17 23:16:04 |INFO  |📊 WETH/USDC Spreads | BuyCex->SellDex: -23.49 bps | BuyDex->SellCex: -37.23 bps | Min Required: 10.00
2026-02-17 23:16:04 |INFO  |❌ WETH/USDC ignored: Spread too low.
2026-02-17 23:16:06 |INFO  |pair:WETH/USDC
2026-02-17 23:16:06 |INFO  |Generatiing signal for WETH/USDC...
2026-02-17 23:16:06 |INFO  |WETH/USDC Prices | CEX: 1974.57 | DEX: 1982.339464971256
2026-02-17 23:16:06 |INFO  |📊 WETH/USDC Spreads | BuyCex->SellDex: -21.47 bps | BuyDex->SellCex: -39.24 bps | Min Required: 10.00
2026-02-17 23:16:06 |INFO  |❌ WETH/USDC ignored: Spread too low.
2026-02-17 23:16:08 |INFO  |pair:WETH/USDC
2026-02-17 23:16:08 |INFO  |Generatiing signal for WETH/USDC...
2026-02-17 23:16:09 |INFO  |WETH/USDC Prices | CEX: 1974.92 | DEX: 1982.3394767140505
2026-02-17 23:16:09 |INFO  |📊 WETH/USDC Spreads | BuyCex->SellDex: -23.23 bps | BuyDex->SellCex: -37.48 bps | Min Required: 10.00
2026-02-17 23:16:09 |INFO  |❌ WETH/USDC ignored: Spread too low.
2026-02-17 23:16:11 |INFO  |pair:WETH/USDC
2026-02-17 23:16:11 |INFO  |Generatiing signal for WETH/USDC...
2026-02-17 23:16:11 |INFO  |WETH/USDC Prices | CEX: 1974.97 | DEX: 1982.3394783915928
2026-02-17 23:16:11 |INFO  |📊 WETH/USDC Spreads | BuyCex->SellDex: -23.49 bps | BuyDex->SellCex: -37.23 bps | Min Required: 10.00
2026-02-17 23:16:11 |INFO  |❌ WETH/USDC ignored: Spread too low.
2026-02-17 23:16:13 |INFO  |pair:WETH/USDC
2026-02-17 23:16:13 |INFO  |Generatiing signal for WETH/USDC...
2026-02-17 23:16:13 |INFO  |WETH/USDC Prices | CEX: 1974.33 | DEX: 1982.3394569190534
2026-02-17 23:16:13 |INFO  |📊 WETH/USDC Spreads | BuyCex->SellDex: -20.25 bps | BuyDex->SellCex: -40.45 bps | Min Required: 10.00
2026-02-17 23:16:13 |INFO  |❌ WETH/USDC ignored: Spread too low.
2026-02-17 23:16:15 |INFO  |pair:WETH/USDC
2026-02-17 23:16:15 |INFO  |Generatiing signal for WETH/USDC...
2026-02-17 23:16:16 |INFO  |WETH/USDC Prices | CEX: 1974.49 | DEX: 1982.339462287188
2026-02-17 23:16:16 |INFO  |📊 WETH/USDC Spreads | BuyCex->SellDex: -21.06 bps | BuyDex->SellCex: -39.65 bps | Min Required: 10.00
2026-02-17 23:16:16 |INFO  |❌ WETH/USDC ignored: Spread too low.
2026-02-17 23:16:18 |INFO  |pair:WETH/USDC
2026-02-17 23:16:18 |INFO  |Generatiing signal for WETH/USDC...
2026-02-17 23:16:18 |INFO  |WETH/USDC Prices | CEX: 1974.69 | DEX: 1982.339468997357
2026-02-17 23:16:18 |INFO  |📊 WETH/USDC Spreads | BuyCex->SellDex: -22.07 bps | BuyDex->SellCex: -38.64 bps | Min Required: 10.00
2026-02-17 23:16:18 |INFO  |❌ WETH/USDC ignored: Spread too low.
2026-02-17 23:16:21 |INFO  |pair:WETH/USDC
2026-02-17 23:16:21 |INFO  |Generatiing signal for WETH/USDC...
2026-02-17 23:16:21 |INFO  |WETH/USDC Prices | CEX: 1974.69 | DEX: 1982.339468997357
2026-02-17 23:16:21 |INFO  |📊 WETH/USDC Spreads | BuyCex->SellDex: -22.07 bps | BuyDex->SellCex: -38.64 bps | Min Required: 10.00
2026-02-17 23:16:21 |INFO  |❌ WETH/USDC ignored: Spread too low.
2026-02-17 23:16:23 |INFO  |pair:WETH/USDC
2026-02-17 23:16:23 |INFO  |Generatiing signal for WETH/USDC...
2026-02-17 23:16:23 |INFO  |WETH/USDC Prices | CEX: 1974.88 | DEX: 1982.339475372017
2026-02-17 23:16:23 |INFO  |📊 WETH/USDC Spreads | BuyCex->SellDex: -23.03 bps | BuyDex->SellCex: -37.68 bps | Min Required: 10.00
2026-02-17 23:16:23 |INFO  |❌ WETH/USDC ignored: Spread too low.
2026-02-17 23:16:25 |INFO  |pair:WETH/USDC
2026-02-17 23:16:25 |INFO  |Generatiing signal for WETH/USDC...
2026-02-17 23:16:26 |INFO  |WETH/USDC Prices | CEX: 1974.71 | DEX: 1982.3394696616635
2026-02-17 23:16:26 |INFO  |📊 WETH/USDC Spreads | BuyCex->SellDex: -22.17 bps | BuyDex->SellCex: -38.54 bps | Min Required: 10.00
2026-02-17 23:16:26 |INFO  |❌ WETH/USDC ignored: Spread too low.
2026-02-17 23:16:28 |INFO  |pair:WETH/USDC
2026-02-17 23:16:28 |INFO  |Generatiing signal for WETH/USDC...
2026-02-17 23:16:28 |INFO  |WETH/USDC Prices | CEX: 1974.88 | DEX: 1982.339475372017
2026-02-17 23:16:28 |INFO  |📊 WETH/USDC Spreads | BuyCex->SellDex: -23.03 bps | BuyDex->SellCex: -37.68 bps | Min Required: 10.00
2026-02-17 23:16:28 |INFO  |❌ WETH/USDC ignored: Spread too low.
2026-02-17 23:16:30 |INFO  |pair:WETH/USDC
2026-02-17 23:16:30 |INFO  |Generatiing signal for WETH/USDC...
2026-02-17 23:16:30 |INFO  |WETH/USDC Prices | CEX: 1974.81 | DEX: 1982.3394730234581
2026-02-17 23:16:30 |INFO  |📊 WETH/USDC Spreads | BuyCex->SellDex: -22.68 bps | BuyDex->SellCex: -38.03 bps | Min Required: 10.00
2026-02-17 23:16:30 |INFO  |❌ WETH/USDC ignored: Spread too low.
2026-02-17 23:16:32 |INFO  |pair:WETH/USDC
2026-02-17 23:16:32 |INFO  |Generatiing signal for WETH/USDC...
2026-02-17 23:16:33 |INFO  |WETH/USDC Prices | CEX: 1974.81 | DEX: 1982.3394730234581
2026-02-17 23:16:33 |INFO  |📊 WETH/USDC Spreads | BuyCex->SellDex: -22.68 bps | BuyDex->SellCex: -38.03 bps | Min Required: 10.00
2026-02-17 23:16:33 |INFO  |❌ WETH/USDC ignored: Spread too low.
2026-02-17 23:16:35 |INFO  |pair:WETH/USDC
2026-02-17 23:16:35 |INFO  |Generatiing signal for WETH/USDC...
2026-02-17 23:16:35 |INFO  |WETH/USDC Prices | CEX: 1974.81 | DEX: 1982.3394730234581
2026-02-17 23:16:35 |INFO  |📊 WETH/USDC Spreads | BuyCex->SellDex: -22.68 bps | BuyDex->SellCex: -38.03 bps | Min Required: 10.00
2026-02-17 23:16:35 |INFO  |❌ WETH/USDC ignored: Spread too low.
2026-02-17 23:16:36 |INFO  |HEALTH | uptime=62s | last_trade=Nones | cb_open=false | pnl=$0.00 | limit_reached=false
2026-02-17 23:16:37 |INFO  |pair:WETH/USDC
2026-02-17 23:16:37 |INFO  |Generatiing signal for WETH/USDC...
2026-02-17 23:16:38 |INFO  |WETH/USDC Prices | CEX: 1975.2 | DEX: 1982.3394861082868
2026-02-17 23:16:38 |INFO  |📊 WETH/USDC Spreads | BuyCex->SellDex: -24.65 bps | BuyDex->SellCex: -36.07 bps | Min Required: 10.00
2026-02-17 23:16:38 |INFO  |❌ WETH/USDC ignored: Spread too low.
2026-02-17 23:16:40 |INFO  |pair:WETH/USDC
2026-02-17 23:16:40 |INFO  |Generatiing signal for WETH/USDC...
2026-02-17 23:16:40 |INFO  |WETH/USDC Prices | CEX: 1975.2 | DEX: 1982.3394861082868
2026-02-17 23:16:40 |INFO  |📊 WETH/USDC Spreads | BuyCex->SellDex: -24.65 bps | BuyDex->SellCex: -36.07 bps | Min Required: 10.00
2026-02-17 23:16:40 |INFO  |❌ WETH/USDC ignored: Spread too low.
2026-02-17 23:16:42 |INFO  |pair:WETH/USDC
2026-02-17 23:16:42 |INFO  |Generatiing signal for WETH/USDC...
2026-02-17 23:16:43 |INFO  |WETH/USDC Prices | CEX: 1975.2 | DEX: 1982.3394861082868
2026-02-17 23:16:43 |INFO  |📊 WETH/USDC Spreads | BuyCex->SellDex: -24.65 bps | BuyDex->SellCex: -36.07 bps | Min Required: 10.00
2026-02-17 23:16:43 |INFO  |❌ WETH/USDC ignored: Spread too low.
2026-02-17 23:16:45 |INFO  |pair:WETH/USDC
2026-02-17 23:16:45 |INFO  |Generatiing signal for WETH/USDC...
2026-02-17 23:16:46 |INFO  |WETH/USDC Prices | CEX: 1975.2 | DEX: 1982.3394861082868
2026-02-17 23:16:46 |INFO  |📊 WETH/USDC Spreads | BuyCex->SellDex: -24.65 bps | BuyDex->SellCex: -36.07 bps | Min Required: 10.00
2026-02-17 23:16:46 |INFO  |❌ WETH/USDC ignored: Spread too low.
2026-02-17 23:16:48 |INFO  |pair:WETH/USDC
2026-02-17 23:16:48 |INFO  |Generatiing signal for WETH/USDC...
2026-02-17 23:16:49 |INFO  |WETH/USDC Prices | CEX: 1975.2 | DEX: 1982.3394861082868
2026-02-17 23:16:49 |INFO  |📊 WETH/USDC Spreads | BuyCex->SellDex: -24.65 bps | BuyDex->SellCex: -36.07 bps | Min Required: 10.00
2026-02-17 23:16:49 |INFO  |❌ WETH/USDC ignored: Spread too low.
2026-02-17 23:16:51 |INFO  |pair:WETH/USDC
2026-02-17 23:16:51 |INFO  |Generatiing signal for WETH/USDC...
2026-02-17 23:16:52 |INFO  |WETH/USDC Prices | CEX: 1974.57 | DEX: 1982.339464971256
2026-02-17 23:16:52 |INFO  |📊 WETH/USDC Spreads | BuyCex->SellDex: -21.47 bps | BuyDex->SellCex: -39.24 bps | Min Required: 10.00
2026-02-17 23:16:52 |INFO  |❌ WETH/USDC ignored: Spread too low.
2026-02-17 23:16:54 |INFO  |pair:WETH/USDC
2026-02-17 23:16:54 |INFO  |Generatiing signal for WETH/USDC...
2026-02-17 23:16:54 |INFO  |WETH/USDC Prices | CEX: 1974.57 | DEX: 1982.339464971256
2026-02-17 23:16:54 |INFO  |📊 WETH/USDC Spreads | BuyCex->SellDex: -21.47 bps | BuyDex->SellCex: -39.24 bps | Min Required: 10.00
2026-02-17 23:16:54 |INFO  |❌ WETH/USDC ignored: Spread too low.
2026-02-17 23:16:56 |INFO  |pair:WETH/USDC
2026-02-17 23:16:56 |INFO  |Generatiing signal for WETH/USDC...
2026-02-17 23:16:57 |INFO  |WETH/USDC Prices | CEX: 1974.41 | DEX: 1982.339459603121
2026-02-17 23:16:57 |INFO  |📊 WETH/USDC Spreads | BuyCex->SellDex: -20.66 bps | BuyDex->SellCex: -40.05 bps | Min Required: 10.00
2026-02-17 23:16:57 |INFO  |❌ WETH/USDC ignored: Spread too low.
2026-02-17 23:17:00 |INFO  |pair:WETH/USDC
2026-02-17 23:17:00 |INFO  |Generatiing signal for WETH/USDC...
2026-02-17 23:17:00 |INFO  |WETH/USDC Prices | CEX: 1974.6 | DEX: 1982.339465971071
2026-02-17 23:17:00 |INFO  |📊 WETH/USDC Spreads | BuyCex->SellDex: -21.62 bps | BuyDex->SellCex: -39.09 bps | Min Required: 10.00
2026-02-17 23:17:00 |INFO  |❌ WETH/USDC ignored: Spread too low.
2026-02-17 23:17:02 |INFO  |pair:WETH/USDC
2026-02-17 23:17:02 |INFO  |Generatiing signal for WETH/USDC...
2026-02-17 23:17:03 |INFO  |WETH/USDC Prices | CEX: 1974.6 | DEX: 1982.339465971071
2026-02-17 23:17:03 |INFO  |📊 WETH/USDC Spreads | BuyCex->SellDex: -21.62 bps | BuyDex->SellCex: -39.09 bps | Min Required: 10.00
2026-02-17 23:17:03 |INFO  |❌ WETH/USDC ignored: Spread too low.
2026-02-17 23:17:05 |INFO  |pair:WETH/USDC
2026-02-17 23:17:05 |INFO  |Generatiing signal for WETH/USDC...
2026-02-17 23:17:05 |INFO  |WETH/USDC Prices | CEX: 1974.6 | DEX: 1982.339465971071
2026-02-17 23:17:05 |INFO  |📊 WETH/USDC Spreads | BuyCex->SellDex: -21.62 bps | BuyDex->SellCex: -39.09 bps | Min Required: 10.00
2026-02-17 23:17:05 |INFO  |❌ WETH/USDC ignored: Spread too low.
2026-02-17 23:17:07 |INFO  |pair:WETH/USDC
2026-02-17 23:17:07 |INFO  |Generatiing signal for WETH/USDC...
2026-02-17 23:17:08 |INFO  |WETH/USDC Prices | CEX: 1974.6 | DEX: 1982.339465971071
2026-02-17 23:17:08 |INFO  |📊 WETH/USDC Spreads | BuyCex->SellDex: -21.62 bps | BuyDex->SellCex: -39.09 bps | Min Required: 10.00
2026-02-17 23:17:08 |INFO  |❌ WETH/USDC ignored: Spread too low.
2026-02-17 23:17:10 |INFO  |pair:WETH/USDC
2026-02-17 23:17:10 |INFO  |Generatiing signal for WETH/USDC...
2026-02-17 23:17:11 |INFO  |WETH/USDC Prices | CEX: 1974.6 | DEX: 1982.339465971071
2026-02-17 23:17:11 |INFO  |📊 WETH/USDC Spreads | BuyCex->SellDex: -21.62 bps | BuyDex->SellCex: -39.09 bps | Min Required: 10.00
2026-02-17 23:17:11 |INFO  |❌ WETH/USDC ignored: Spread too low.
2026-02-17 23:17:13 |INFO  |pair:WETH/USDC
2026-02-17 23:17:13 |INFO  |Generatiing signal for WETH/USDC...
2026-02-17 23:17:13 |INFO  |WETH/USDC Prices | CEX: 1974.89 | DEX: 1982.3394757075257
2026-02-17 23:17:13 |INFO  |📊 WETH/USDC Spreads | BuyCex->SellDex: -23.08 bps | BuyDex->SellCex: -37.63 bps | Min Required: 10.00
2026-02-17 23:17:13 |INFO  |❌ WETH/USDC ignored: Spread too low.
2026-02-17 23:17:16 |INFO  |pair:WETH/USDC
2026-02-17 23:17:16 |INFO  |Generatiing signal for WETH/USDC...
2026-02-17 23:17:16 |INFO  |WETH/USDC Prices | CEX: 1974.89 | DEX: 1982.3394757075257
2026-02-17 23:17:16 |INFO  |📊 WETH/USDC Spreads | BuyCex->SellDex: -23.08 bps | BuyDex->SellCex: -37.63 bps | Min Required: 10.00
2026-02-17 23:17:16 |INFO  |❌ WETH/USDC ignored: Spread too low.
2026-02-17 23:17:19 |INFO  |pair:WETH/USDC
2026-02-17 23:17:19 |INFO  |Generatiing signal for WETH/USDC...
2026-02-17 23:17:19 |INFO  |WETH/USDC Prices | CEX: 1975 | DEX: 1982.3394793981186
2026-02-17 23:17:19 |INFO  |📊 WETH/USDC Spreads | BuyCex->SellDex: -23.64 bps | BuyDex->SellCex: -37.07 bps | Min Required: 10.00
2026-02-17 23:17:19 |INFO  |❌ WETH/USDC ignored: Spread too low.
2026-02-17 23:17:21 |INFO  |pair:WETH/USDC
2026-02-17 23:17:21 |INFO  |Generatiing signal for WETH/USDC...
2026-02-17 23:17:21 |INFO  |WETH/USDC Prices | CEX: 1975 | DEX: 1982.3394793981186
2026-02-17 23:17:21 |INFO  |📊 WETH/USDC Spreads | BuyCex->SellDex: -23.64 bps | BuyDex->SellCex: -37.07 bps | Min Required: 10.00
2026-02-17 23:17:21 |INFO  |❌ WETH/USDC ignored: Spread too low.
2026-02-17 23:17:24 |INFO  |pair:WETH/USDC
2026-02-17 23:17:24 |INFO  |Generatiing signal for WETH/USDC...
2026-02-17 23:17:24 |INFO  |WETH/USDC Prices | CEX: 1975.68 | DEX: 1982.339502212691
2026-02-17 23:17:24 |INFO  |📊 WETH/USDC Spreads | BuyCex->SellDex: -27.07 bps | BuyDex->SellCex: -33.64 bps | Min Required: 10.00
2026-02-17 23:17:24 |INFO  |❌ WETH/USDC ignored: Spread too low.
2026-02-17 23:17:26 |INFO  |pair:WETH/USDC
2026-02-17 23:17:26 |INFO  |Generatiing signal for WETH/USDC...
2026-02-17 23:17:27 |INFO  |WETH/USDC Prices | CEX: 1975.68 | DEX: 1982.339502212691
2026-02-17 23:17:27 |INFO  |📊 WETH/USDC Spreads | BuyCex->SellDex: -27.07 bps | BuyDex->SellCex: -33.64 bps | Min Required: 10.00
2026-02-17 23:17:27 |INFO  |❌ WETH/USDC ignored: Spread too low.
2026-02-17 23:17:29 |INFO  |pair:WETH/USDC
2026-02-17 23:17:29 |INFO  |Generatiing signal for WETH/USDC...
2026-02-17 23:17:29 |INFO  |WETH/USDC Prices | CEX: 1975.8 | DEX: 1982.3395062387922
2026-02-17 23:17:29 |INFO  |📊 WETH/USDC Spreads | BuyCex->SellDex: -27.68 bps | BuyDex->SellCex: -33.04 bps | Min Required: 10.00
2026-02-17 23:17:29 |INFO  |❌ WETH/USDC ignored: Spread too low.
2026-02-17 23:17:31 |INFO  |pair:WETH/USDC
2026-02-17 23:17:31 |INFO  |Generatiing signal for WETH/USDC...
2026-02-17 23:17:32 |INFO  |WETH/USDC Prices | CEX: 1975.8 | DEX: 1982.3395062387922
2026-02-17 23:17:32 |INFO  |📊 WETH/USDC Spreads | BuyCex->SellDex: -27.68 bps | BuyDex->SellCex: -33.04 bps | Min Required: 10.00
2026-02-17 23:17:32 |INFO  |❌ WETH/USDC ignored: Spread too low.
2026-02-17 23:17:34 |INFO  |pair:WETH/USDC
2026-02-17 23:17:34 |INFO  |Generatiing signal for WETH/USDC...
2026-02-17 23:17:34 |INFO  |WETH/USDC Prices | CEX: 1975.82 | DEX: 1982.339506909809
2026-02-17 23:17:34 |INFO  |📊 WETH/USDC Spreads | BuyCex->SellDex: -27.78 bps | BuyDex->SellCex: -32.94 bps | Min Required: 10.00
2026-02-17 23:17:34 |INFO  |❌ WETH/USDC ignored: Spread too low.
2026-02-17 23:17:36 |INFO  |pair:WETH/USDC
2026-02-17 23:17:36 |INFO  |Generatiing signal for WETH/USDC...
2026-02-17 23:17:37 |INFO  |WETH/USDC Prices | CEX: 1975.69 | DEX: 1982.3395025481993
2026-02-17 23:17:37 |INFO  |📊 WETH/USDC Spreads | BuyCex->SellDex: -27.12 bps | BuyDex->SellCex: -33.59 bps | Min Required: 10.00
2026-02-17 23:17:37 |INFO  |❌ WETH/USDC ignored: Spread too low.
2026-02-17 23:17:38 |INFO  |HEALTH | uptime=123s | last_trade=Nones | cb_open=false | pnl=$0.00 | limit_reached=false
2026-02-17 23:17:40 |INFO  |pair:WETH/USDC
2026-02-17 23:17:40 |INFO  |Generatiing signal for WETH/USDC...
2026-02-17 23:17:41 |INFO  |WETH/USDC Prices | CEX: 1975.61 | DEX: 1982.3394998641324
2026-02-17 23:17:41 |INFO  |📊 WETH/USDC Spreads | BuyCex->SellDex: -26.72 bps | BuyDex->SellCex: -34.00 bps | Min Required: 10.00
2026-02-17 23:17:41 |INFO  |❌ WETH/USDC ignored: Spread too low.
2026-02-17 23:17:43 |INFO  |pair:WETH/USDC
2026-02-17 23:17:43 |INFO  |Generatiing signal for WETH/USDC...
2026-02-17 23:17:44 |INFO  |WETH/USDC Prices | CEX: 1975.61 | DEX: 1982.3394998641324
2026-02-17 23:17:44 |INFO  |📊 WETH/USDC Spreads | BuyCex->SellDex: -26.72 bps | BuyDex->SellCex: -34.00 bps | Min Required: 10.00
2026-02-17 23:17:44 |INFO  |❌ WETH/USDC ignored: Spread too low.
2026-02-17 23:17:47 |INFO  |pair:WETH/USDC
2026-02-17 23:17:47 |INFO  |Generatiing signal for WETH/USDC...
2026-02-17 23:17:47 |INFO  |WETH/USDC Prices | CEX: 1975.61 | DEX: 1982.3394998641324
2026-02-17 23:17:47 |INFO  |📊 WETH/USDC Spreads | BuyCex->SellDex: -26.72 bps | BuyDex->SellCex: -34.00 bps | Min Required: 10.00
2026-02-17 23:17:47 |INFO  |❌ WETH/USDC ignored: Spread too low.
2026-02-17 23:17:49 |INFO  |pair:WETH/USDC
2026-02-17 23:17:49 |INFO  |Generatiing signal for WETH/USDC...
2026-02-17 23:17:49 |INFO  |WETH/USDC Prices | CEX: 1975.61 | DEX: 1982.3394998641324
2026-02-17 23:17:49 |INFO  |📊 WETH/USDC Spreads | BuyCex->SellDex: -26.72 bps | BuyDex->SellCex: -34.00 bps | Min Required: 10.00
2026-02-17 23:17:49 |INFO  |❌ WETH/USDC ignored: Spread too low.
2026-02-17 23:17:51 |INFO  |pair:WETH/USDC
2026-02-17 23:17:51 |INFO  |Generatiing signal for WETH/USDC...
2026-02-17 23:17:52 |INFO  |WETH/USDC Prices | CEX: 1975.62 | DEX: 1982.3395001929307
2026-02-17 23:17:52 |INFO  |📊 WETH/USDC Spreads | BuyCex->SellDex: -26.77 bps | BuyDex->SellCex: -33.95 bps | Min Required: 10.00
2026-02-17 23:17:52 |INFO  |❌ WETH/USDC ignored: Spread too low.
2026-02-17 23:17:55 |INFO  |pair:WETH/USDC
2026-02-17 23:17:55 |INFO  |Generatiing signal for WETH/USDC...
2026-02-17 23:17:55 |INFO  |WETH/USDC Prices | CEX: 1976.24 | DEX: 1982.3395210011631
2026-02-17 23:17:55 |INFO  |📊 WETH/USDC Spreads | BuyCex->SellDex: -29.90 bps | BuyDex->SellCex: -30.82 bps | Min Required: 10.00
2026-02-17 23:17:55 |INFO  |❌ WETH/USDC ignored: Spread too low.
2026-02-17 23:17:58 |INFO  |pair:WETH/USDC
2026-02-17 23:17:58 |INFO  |Generatiing signal for WETH/USDC...
2026-02-17 23:17:58 |INFO  |WETH/USDC Prices | CEX: 1976.24 | DEX: 1982.3395210011631
2026-02-17 23:17:58 |INFO  |📊 WETH/USDC Spreads | BuyCex->SellDex: -29.90 bps | BuyDex->SellCex: -30.82 bps | Min Required: 10.00
2026-02-17 23:17:58 |INFO  |❌ WETH/USDC ignored: Spread too low.
2026-02-17 23:18:00 |INFO  |pair:WETH/USDC
2026-02-17 23:18:00 |INFO  |Generatiing signal for WETH/USDC...
2026-02-17 23:18:00 |INFO  |WETH/USDC Prices | CEX: 1976.32 | DEX: 1982.3395236852305
2026-02-17 23:18:00 |INFO  |📊 WETH/USDC Spreads | BuyCex->SellDex: -30.30 bps | BuyDex->SellCex: -30.42 bps | Min Required: 10.00
2026-02-17 23:18:00 |INFO  |❌ WETH/USDC ignored: Spread too low.
2026-02-17 23:18:03 |INFO  |pair:WETH/USDC
2026-02-17 23:18:03 |INFO  |Generatiing signal for WETH/USDC...
2026-02-17 23:18:03 |INFO  |WETH/USDC Prices | CEX: 1975.92 | DEX: 1982.3395102648935
2026-02-17 23:18:03 |INFO  |📊 WETH/USDC Spreads | BuyCex->SellDex: -28.28 bps | BuyDex->SellCex: -32.43 bps | Min Required: 10.00
2026-02-17 23:18:03 |INFO  |❌ WETH/USDC ignored: Spread too low.
2026-02-17 23:18:05 |INFO  |pair:WETH/USDC
2026-02-17 23:18:05 |INFO  |Generatiing signal for WETH/USDC...
2026-02-17 23:18:05 |INFO  |WETH/USDC Prices | CEX: 1975.72 | DEX: 1982.339503554725
2026-02-17 23:18:05 |INFO  |📊 WETH/USDC Spreads | BuyCex->SellDex: -27.27 bps | BuyDex->SellCex: -33.44 bps | Min Required: 10.00
2026-02-17 23:18:05 |INFO  |❌ WETH/USDC ignored: Spread too low.
2026-02-17 23:18:08 |INFO  |pair:WETH/USDC
2026-02-17 23:18:08 |INFO  |Generatiing signal for WETH/USDC...
2026-02-17 23:18:08 |INFO  |WETH/USDC Prices | CEX: 1976.09 | DEX: 1982.339515968537
2026-02-17 23:18:08 |INFO  |📊 WETH/USDC Spreads | BuyCex->SellDex: -29.14 bps | BuyDex->SellCex: -31.58 bps | Min Required: 10.00
2026-02-17 23:18:08 |INFO  |❌ WETH/USDC ignored: Spread too low.
2026-02-17 23:18:10 |INFO  |pair:WETH/USDC
2026-02-17 23:18:10 |INFO  |Generatiing signal for WETH/USDC...
2026-02-17 23:18:11 |INFO  |WETH/USDC Prices | CEX: 1976.09 | DEX: 1982.339515968537
2026-02-17 23:18:11 |INFO  |📊 WETH/USDC Spreads | BuyCex->SellDex: -29.14 bps | BuyDex->SellCex: -31.58 bps | Min Required: 10.00
2026-02-17 23:18:11 |INFO  |❌ WETH/USDC ignored: Spread too low.
2026-02-17 23:18:13 |INFO  |pair:WETH/USDC
2026-02-17 23:18:13 |INFO  |Generatiing signal for WETH/USDC...
2026-02-17 23:18:13 |INFO  |WETH/USDC Prices | CEX: 1976.09 | DEX: 1982.339515968537
2026-02-17 23:18:13 |INFO  |📊 WETH/USDC Spreads | BuyCex->SellDex: -29.14 bps | BuyDex->SellCex: -31.58 bps | Min Required: 10.00
2026-02-17 23:18:13 |INFO  |❌ WETH/USDC ignored: Spread too low.
2026-02-17 23:18:15 |INFO  |pair:WETH/USDC
2026-02-17 23:18:15 |INFO  |Generatiing signal for WETH/USDC...
2026-02-17 23:18:16 |INFO  |WETH/USDC Prices | CEX: 1975.99 | DEX: 1982.3395126134524
2026-02-17 23:18:16 |INFO  |📊 WETH/USDC Spreads | BuyCex->SellDex: -28.64 bps | BuyDex->SellCex: -32.08 bps | Min Required: 10.00
2026-02-17 23:18:16 |INFO  |❌ WETH/USDC ignored: Spread too low.
2026-02-17 23:18:19 |INFO  |pair:WETH/USDC
2026-02-17 23:18:19 |INFO  |Generatiing signal for WETH/USDC...
2026-02-17 23:18:19 |INFO  |WETH/USDC Prices | CEX: 1975.99 | DEX: 1982.3395126134524
2026-02-17 23:18:19 |INFO  |📊 WETH/USDC Spreads | BuyCex->SellDex: -28.64 bps | BuyDex->SellCex: -32.08 bps | Min Required: 10.00
2026-02-17 23:18:19 |INFO  |❌ WETH/USDC ignored: Spread too low.
2026-02-17 23:18:21 |INFO  |pair:WETH/USDC
2026-02-17 23:18:21 |INFO  |Generatiing signal for WETH/USDC...
2026-02-17 23:18:22 |INFO  |WETH/USDC Prices | CEX: 1975.99 | DEX: 1982.3395126134524
2026-02-17 23:18:22 |INFO  |📊 WETH/USDC Spreads | BuyCex->SellDex: -28.64 bps | BuyDex->SellCex: -32.08 bps | Min Required: 10.00
2026-02-17 23:18:22 |INFO  |❌ WETH/USDC ignored: Spread too low.
2026-02-17 23:18:25 |INFO  |pair:WETH/USDC
2026-02-17 23:18:25 |INFO  |Generatiing signal for WETH/USDC...
2026-02-17 23:18:25 |INFO  |WETH/USDC Prices | CEX: 1975.99 | DEX: 1982.3395126134524
2026-02-17 23:18:25 |INFO  |📊 WETH/USDC Spreads | BuyCex->SellDex: -28.64 bps | BuyDex->SellCex: -32.08 bps | Min Required: 10.00
2026-02-17 23:18:25 |INFO  |❌ WETH/USDC ignored: Spread too low.
2026-02-17 23:18:27 |INFO  |pair:WETH/USDC
2026-02-17 23:18:27 |INFO  |Generatiing signal for WETH/USDC...
2026-02-17 23:18:28 |INFO  |WETH/USDC Prices | CEX: 1976.32 | DEX: 1982.3395236852305
2026-02-17 23:18:28 |INFO  |📊 WETH/USDC Spreads | BuyCex->SellDex: -30.30 bps | BuyDex->SellCex: -30.42 bps | Min Required: 10.00
2026-02-17 23:18:28 |INFO  |❌ WETH/USDC ignored: Spread too low.
2026-02-17 23:18:30 |INFO  |pair:WETH/USDC
2026-02-17 23:18:30 |INFO  |Generatiing signal for WETH/USDC...
2026-02-17 23:18:30 |INFO  |WETH/USDC Prices | CEX: 1976.55 | DEX: 1982.3395314019244
2026-02-17 23:18:30 |INFO  |📊 WETH/USDC Spreads | BuyCex->SellDex: -31.46 bps | BuyDex->SellCex: -29.26 bps | Min Required: 10.00
2026-02-17 23:18:30 |INFO  |❌ WETH/USDC ignored: Spread too low.
2026-02-17 23:18:32 |INFO  |pair:WETH/USDC
2026-02-17 23:18:32 |INFO  |Generatiing signal for WETH/USDC...
2026-02-17 23:18:32 |INFO  |WETH/USDC Prices | CEX: 1976.55 | DEX: 1982.3395314019244
2026-02-17 23:18:32 |INFO  |📊 WETH/USDC Spreads | BuyCex->SellDex: -31.46 bps | BuyDex->SellCex: -29.26 bps | Min Required: 10.00
2026-02-17 23:18:32 |INFO  |❌ WETH/USDC ignored: Spread too low.
2026-02-17 23:18:36 |INFO  |pair:WETH/USDC
2026-02-17 23:18:36 |INFO  |Generatiing signal for WETH/USDC...
2026-02-17 23:18:36 |INFO  |WETH/USDC Prices | CEX: 1976.37 | DEX: 1982.3395253627727
2026-02-17 23:18:36 |INFO  |📊 WETH/USDC Spreads | BuyCex->SellDex: -30.55 bps | BuyDex->SellCex: -30.16 bps | Min Required: 10.00
2026-02-17 23:18:36 |INFO  |❌ WETH/USDC ignored: Spread too low.
2026-02-17 23:18:39 |INFO  |pair:WETH/USDC
2026-02-17 23:18:39 |INFO  |Generatiing signal for WETH/USDC...
2026-02-17 23:18:39 |INFO  |WETH/USDC Prices | CEX: 1975.85 | DEX: 1982.3395079163345
2026-02-17 23:18:39 |INFO  |📊 WETH/USDC Spreads | BuyCex->SellDex: -27.93 bps | BuyDex->SellCex: -32.79 bps | Min Required: 10.00
2026-02-17 23:18:39 |INFO  |❌ WETH/USDC ignored: Spread too low.
2026-02-17 23:18:40 |INFO  |HEALTH | uptime=186s | last_trade=Nones | cb_open=false | pnl=$0.00 | limit_reached=false
2026-02-17 23:18:41 |INFO  |pair:WETH/USDC
2026-02-17 23:18:41 |INFO  |Generatiing signal for WETH/USDC...
2026-02-17 23:18:42 |INFO  |WETH/USDC Prices | CEX: 1975.71 | DEX: 1982.3395032192163
2026-02-17 23:18:42 |INFO  |📊 WETH/USDC Spreads | BuyCex->SellDex: -27.22 bps | BuyDex->SellCex: -33.49 bps | Min Required: 10.00
2026-02-17 23:18:42 |INFO  |❌ WETH/USDC ignored: Spread too low.
2026-02-17 23:18:44 |INFO  |pair:WETH/USDC
2026-02-17 23:18:44 |INFO  |Generatiing signal for WETH/USDC...
2026-02-17 23:18:45 |INFO  |WETH/USDC Prices | CEX: 1975.69 | DEX: 1982.3395025481993
2026-02-17 23:18:45 |INFO  |📊 WETH/USDC Spreads | BuyCex->SellDex: -27.12 bps | BuyDex->SellCex: -33.59 bps | Min Required: 10.00
2026-02-17 23:18:45 |INFO  |❌ WETH/USDC ignored: Spread too low.
2026-02-17 23:18:48 |INFO  |pair:WETH/USDC
2026-02-17 23:18:48 |INFO  |Generatiing signal for WETH/USDC...
2026-02-17 23:18:48 |INFO  |WETH/USDC Prices | CEX: 1975.69 | DEX: 1982.3395025481993
2026-02-17 23:18:48 |INFO  |📊 WETH/USDC Spreads | BuyCex->SellDex: -27.12 bps | BuyDex->SellCex: -33.59 bps | Min Required: 10.00
2026-02-17 23:18:48 |INFO  |❌ WETH/USDC ignored: Spread too low.
2026-02-17 23:18:50 |INFO  |pair:WETH/USDC
2026-02-17 23:18:50 |INFO  |Generatiing signal for WETH/USDC...
2026-02-17 23:18:51 |INFO  |WETH/USDC Prices | CEX: 1974.81 | DEX: 1982.3394730234581
2026-02-17 23:18:51 |INFO  |📊 WETH/USDC Spreads | BuyCex->SellDex: -22.68 bps | BuyDex->SellCex: -38.03 bps | Min Required: 10.00
2026-02-17 23:18:51 |INFO  |❌ WETH/USDC ignored: Spread too low.
2026-02-17 23:18:53 |INFO  |pair:WETH/USDC
2026-02-17 23:18:53 |INFO  |Generatiing signal for WETH/USDC...
2026-02-17 23:18:54 |INFO  |WETH/USDC Prices | CEX: 1974.73 | DEX: 1982.3394703393906
2026-02-17 23:18:54 |INFO  |📊 WETH/USDC Spreads | BuyCex->SellDex: -22.27 bps | BuyDex->SellCex: -38.44 bps | Min Required: 10.00
2026-02-17 23:18:54 |INFO  |❌ WETH/USDC ignored: Spread too low.
2026-02-17 23:18:57 |INFO  |pair:WETH/USDC
2026-02-17 23:18:57 |INFO  |Generatiing signal for WETH/USDC...
2026-02-17 23:18:57 |INFO  |WETH/USDC Prices | CEX: 1974.73 | DEX: 1982.3394703393906
2026-02-17 23:18:57 |INFO  |📊 WETH/USDC Spreads | BuyCex->SellDex: -22.27 bps | BuyDex->SellCex: -38.44 bps | Min Required: 10.00
2026-02-17 23:18:57 |INFO  |❌ WETH/USDC ignored: Spread too low.
2026-02-17 23:19:00 |INFO  |pair:WETH/USDC
2026-02-17 23:19:00 |INFO  |Generatiing signal for WETH/USDC...
2026-02-17 23:19:00 |INFO  |WETH/USDC Prices | CEX: 1974.49 | DEX: 1982.339462287188
2026-02-17 23:19:00 |INFO  |📊 WETH/USDC Spreads | BuyCex->SellDex: -21.06 bps | BuyDex->SellCex: -39.65 bps | Min Required: 10.00
2026-02-17 23:19:00 |INFO  |❌ WETH/USDC ignored: Spread too low.
2026-02-17 23:19:02 |INFO  |pair:WETH/USDC
2026-02-17 23:19:02 |INFO  |Generatiing signal for WETH/USDC...
2026-02-17 23:19:03 |INFO  |WETH/USDC Prices | CEX: 1974.8 | DEX: 1982.3394726879499
2026-02-17 23:19:03 |INFO  |📊 WETH/USDC Spreads | BuyCex->SellDex: -22.63 bps | BuyDex->SellCex: -38.08 bps | Min Required: 10.00
2026-02-17 23:19:03 |INFO  |❌ WETH/USDC ignored: Spread too low.
2026-02-17 23:19:05 |INFO  |pair:WETH/USDC
2026-02-17 23:19:05 |INFO  |Generatiing signal for WETH/USDC...
2026-02-17 23:19:05 |INFO  |WETH/USDC Prices | CEX: 1974.8 | DEX: 1982.3394726879499
2026-02-17 23:19:05 |INFO  |📊 WETH/USDC Spreads | BuyCex->SellDex: -22.63 bps | BuyDex->SellCex: -38.08 bps | Min Required: 10.00
2026-02-17 23:19:05 |INFO  |❌ WETH/USDC ignored: Spread too low.
2026-02-17 23:19:07 |INFO  |pair:WETH/USDC
2026-02-17 23:19:07 |INFO  |Generatiing signal for WETH/USDC...
2026-02-17 23:19:08 |INFO  |WETH/USDC Prices | CEX: 1974.25 | DEX: 1982.339454228276
2026-02-17 23:19:08 |INFO  |📊 WETH/USDC Spreads | BuyCex->SellDex: -19.85 bps | BuyDex->SellCex: -40.86 bps | Min Required: 10.00
2026-02-17 23:19:08 |INFO  |❌ WETH/USDC ignored: Spread too low.
2026-02-17 23:19:10 |INFO  |pair:WETH/USDC
2026-02-17 23:19:10 |INFO  |Generatiing signal for WETH/USDC...
2026-02-17 23:19:10 |INFO  |WETH/USDC Prices | CEX: 1974.32 | DEX: 1982.339456583545
2026-02-17 23:19:10 |INFO  |📊 WETH/USDC Spreads | BuyCex->SellDex: -20.20 bps | BuyDex->SellCex: -40.50 bps | Min Required: 10.00
2026-02-17 23:19:10 |INFO  |❌ WETH/USDC ignored: Spread too low.
2026-02-17 23:19:13 |INFO  |pair:WETH/USDC
2026-02-17 23:19:13 |INFO  |Generatiing signal for WETH/USDC...
2026-02-17 23:19:13 |INFO  |WETH/USDC Prices | CEX: 1974.96 | DEX: 1982.339478056084
2026-02-17 23:19:13 |INFO  |📊 WETH/USDC Spreads | BuyCex->SellDex: -23.44 bps | BuyDex->SellCex: -37.28 bps | Min Required: 10.00
2026-02-17 23:19:13 |INFO  |❌ WETH/USDC ignored: Spread too low.
2026-02-17 23:19:15 |INFO  |pair:WETH/USDC
2026-02-17 23:19:15 |INFO  |Generatiing signal for WETH/USDC...
2026-02-17 23:19:16 |INFO  |WETH/USDC Prices | CEX: 1974.76 | DEX: 1982.339471345916
2026-02-17 23:19:16 |INFO  |📊 WETH/USDC Spreads | BuyCex->SellDex: -22.43 bps | BuyDex->SellCex: -38.29 bps | Min Required: 10.00
2026-02-17 23:19:16 |INFO  |❌ WETH/USDC ignored: Spread too low.
2026-02-17 23:19:18 |INFO  |pair:WETH/USDC
2026-02-17 23:19:18 |INFO  |Generatiing signal for WETH/USDC...
2026-02-17 23:19:18 |INFO  |WETH/USDC Prices | CEX: 1974.76 | DEX: 1982.339471345916
2026-02-17 23:19:18 |INFO  |📊 WETH/USDC Spreads | BuyCex->SellDex: -22.43 bps | BuyDex->SellCex: -38.29 bps | Min Required: 10.00
2026-02-17 23:19:18 |INFO  |❌ WETH/USDC ignored: Spread too low.
2026-02-17 23:19:21 |INFO  |pair:WETH/USDC
2026-02-17 23:19:21 |INFO  |Generatiing signal for WETH/USDC...
2026-02-17 23:19:21 |INFO  |WETH/USDC Prices | CEX: 1973.52 | DEX: 1982.3394297428708
2026-02-17 23:19:21 |INFO  |📊 WETH/USDC Spreads | BuyCex->SellDex: -16.16 bps | BuyDex->SellCex: -44.54 bps | Min Required: 10.00
2026-02-17 23:19:21 |INFO  |❌ WETH/USDC ignored: Spread too low.
2026-02-17 23:19:23 |INFO  |pair:WETH/USDC
2026-02-17 23:19:23 |INFO  |Generatiing signal for WETH/USDC...
2026-02-17 23:19:24 |INFO  |WETH/USDC Prices | CEX: 1973.52 | DEX: 1982.3394297428708
2026-02-17 23:19:24 |INFO  |📊 WETH/USDC Spreads | BuyCex->SellDex: -16.16 bps | BuyDex->SellCex: -44.54 bps | Min Required: 10.00
2026-02-17 23:19:24 |INFO  |❌ WETH/USDC ignored: Spread too low.
2026-02-17 23:19:26 |INFO  |pair:WETH/USDC
2026-02-17 23:19:26 |INFO  |Generatiing signal for WETH/USDC...
2026-02-17 23:19:26 |INFO  |WETH/USDC Prices | CEX: 1973.52 | DEX: 1982.3394297428708
2026-02-17 23:19:26 |INFO  |📊 WETH/USDC Spreads | BuyCex->SellDex: -16.16 bps | BuyDex->SellCex: -44.54 bps | Min Required: 10.00
2026-02-17 23:19:26 |INFO  |❌ WETH/USDC ignored: Spread too low.
2026-02-17 23:19:29 |INFO  |pair:WETH/USDC
2026-02-17 23:19:29 |INFO  |Generatiing signal for WETH/USDC...
2026-02-17 23:19:29 |INFO  |WETH/USDC Prices | CEX: 1973.52 | DEX: 1982.3394297428708
2026-02-17 23:19:29 |INFO  |📊 WETH/USDC Spreads | BuyCex->SellDex: -16.16 bps | BuyDex->SellCex: -44.54 bps | Min Required: 10.00
2026-02-17 23:19:29 |INFO  |❌ WETH/USDC ignored: Spread too low.
2026-02-17 23:19:32 |INFO  |pair:WETH/USDC
2026-02-17 23:19:32 |INFO  |Generatiing signal for WETH/USDC...
2026-02-17 23:19:32 |INFO  |WETH/USDC Prices | CEX: 1973.76 | DEX: 1982.339437795073
2026-02-17 23:19:32 |INFO  |📊 WETH/USDC Spreads | BuyCex->SellDex: -17.37 bps | BuyDex->SellCex: -43.33 bps | Min Required: 10.00
2026-02-17 23:19:32 |INFO  |❌ WETH/USDC ignored: Spread too low.
2026-02-17 23:19:35 |INFO  |pair:WETH/USDC
2026-02-17 23:19:35 |INFO  |Generatiing signal for WETH/USDC...
2026-02-17 23:19:35 |INFO  |WETH/USDC Prices | CEX: 1974.08 | DEX: 1982.3394485313434
2026-02-17 23:19:35 |INFO  |📊 WETH/USDC Spreads | BuyCex->SellDex: -18.99 bps | BuyDex->SellCex: -41.72 bps | Min Required: 10.00
2026-02-17 23:19:35 |INFO  |❌ WETH/USDC ignored: Spread too low.
2026-02-17 23:19:37 |INFO  |pair:WETH/USDC
2026-02-17 23:19:37 |INFO  |Generatiing signal for WETH/USDC...
2026-02-17 23:19:38 |INFO  |WETH/USDC Prices | CEX: 1973.91 | DEX: 1982.3394428276995
2026-02-17 23:19:38 |INFO  |📊 WETH/USDC Spreads | BuyCex->SellDex: -18.13 bps | BuyDex->SellCex: -42.57 bps | Min Required: 10.00
2026-02-17 23:19:38 |INFO  |❌ WETH/USDC ignored: Spread too low.
2026-02-17 23:19:40 |INFO  |pair:WETH/USDC
2026-02-17 23:19:40 |INFO  |Generatiing signal for WETH/USDC...
2026-02-17 23:19:40 |INFO  |WETH/USDC Prices | CEX: 1974.08 | DEX: 1982.3394485313434
2026-02-17 23:19:40 |INFO  |📊 WETH/USDC Spreads | BuyCex->SellDex: -18.99 bps | BuyDex->SellCex: -41.72 bps | Min Required: 10.00
2026-02-17 23:19:40 |INFO  |❌ WETH/USDC ignored: Spread too low.
2026-02-17 23:19:41 |INFO  |HEALTH | uptime=247s | last_trade=Nones | cb_open=false | pnl=$0.00 | limit_reached=false
2026-02-17 23:19:42 |INFO  |pair:WETH/USDC
2026-02-17 23:19:42 |INFO  |Generatiing signal for WETH/USDC...
2026-02-17 23:19:42 |INFO  |WETH/USDC Prices | CEX: 1974.08 | DEX: 1982.3394485313434
2026-02-17 23:19:42 |INFO  |📊 WETH/USDC Spreads | BuyCex->SellDex: -18.99 bps | BuyDex->SellCex: -41.72 bps | Min Required: 10.00
2026-02-17 23:19:42 |INFO  |❌ WETH/USDC ignored: Spread too low.
2026-02-17 23:19:45 |INFO  |pair:WETH/USDC
2026-02-17 23:19:45 |INFO  |Generatiing signal for WETH/USDC...
2026-02-17 23:19:46 |INFO  |WETH/USDC Prices | CEX: 1973.96 | DEX: 1982.3394445052415
2026-02-17 23:19:46 |INFO  |📊 WETH/USDC Spreads | BuyCex->SellDex: -18.38 bps | BuyDex->SellCex: -42.32 bps | Min Required: 10.00
2026-02-17 23:19:46 |INFO  |❌ WETH/USDC ignored: Spread too low.
2026-02-17 23:19:49 |INFO  |pair:WETH/USDC
2026-02-17 23:19:49 |INFO  |Generatiing signal for WETH/USDC...
2026-02-17 23:19:49 |INFO  |WETH/USDC Prices | CEX: 1973.96 | DEX: 1982.3394445052415
2026-02-17 23:19:49 |INFO  |📊 WETH/USDC Spreads | BuyCex->SellDex: -18.38 bps | BuyDex->SellCex: -42.32 bps | Min Required: 10.00
2026-02-17 23:19:49 |INFO  |❌ WETH/USDC ignored: Spread too low.
2026-02-17 23:19:52 |INFO  |pair:WETH/USDC
2026-02-17 23:19:52 |INFO  |Generatiing signal for WETH/USDC...
2026-02-17 23:19:52 |INFO  |WETH/USDC Prices | CEX: 1973.96 | DEX: 1982.3394445052415
2026-02-17 23:19:52 |INFO  |📊 WETH/USDC Spreads | BuyCex->SellDex: -18.38 bps | BuyDex->SellCex: -42.32 bps | Min Required: 10.00
2026-02-17 23:19:52 |INFO  |❌ WETH/USDC ignored: Spread too low.
2026-02-17 23:19:54 |INFO  |pair:WETH/USDC
2026-02-17 23:19:54 |INFO  |Generatiing signal for WETH/USDC...
2026-02-17 23:19:54 |INFO  |WETH/USDC Prices | CEX: 1974.08 | DEX: 1982.3394485313434
2026-02-17 23:19:54 |INFO  |📊 WETH/USDC Spreads | BuyCex->SellDex: -18.99 bps | BuyDex->SellCex: -41.72 bps | Min Required: 10.00
2026-02-17 23:19:54 |INFO  |❌ WETH/USDC ignored: Spread too low.
2026-02-17 23:19:56 |INFO  |pair:WETH/USDC
2026-02-17 23:19:56 |INFO  |Generatiing signal for WETH/USDC...
2026-02-17 23:19:57 |INFO  |WETH/USDC Prices | CEX: 1974.08 | DEX: 1982.3394485313434
2026-02-17 23:19:57 |INFO  |📊 WETH/USDC Spreads | BuyCex->SellDex: -18.99 bps | BuyDex->SellCex: -41.72 bps | Min Required: 10.00
2026-02-17 23:19:57 |INFO  |❌ WETH/USDC ignored: Spread too low.
2026-02-17 23:19:59 |INFO  |pair:WETH/USDC
2026-02-17 23:19:59 |INFO  |Generatiing signal for WETH/USDC...
2026-02-17 23:19:59 |INFO  |WETH/USDC Prices | CEX: 1974.56 | DEX: 1982.3394646290371
2026-02-17 23:19:59 |INFO  |📊 WETH/USDC Spreads | BuyCex->SellDex: -21.42 bps | BuyDex->SellCex: -39.29 bps | Min Required: 10.00
2026-02-17 23:19:59 |INFO  |❌ WETH/USDC ignored: Spread too low.
2026-02-17 23:20:21 |INFO  |pair:WETH/USDC
2026-02-17 23:20:21 |INFO  |Generatiing signal for WETH/USDC...
2026-02-17 23:20:02 |INFO  |WETH/USDC Prices | CEX: 1974.8 | DEX: 1982.3394726879499
2026-02-17 23:20:02 |INFO  |📊 WETH/USDC Spreads | BuyCex->SellDex: -22.63 bps | BuyDex->SellCex: -38.08 bps | Min Required: 10.00
2026-02-17 23:20:02 |INFO  |❌ WETH/USDC ignored: Spread too low.
2026-02-17 23:20:04 |INFO  |pair:WETH/USDC
2026-02-17 23:20:04 |INFO  |Generatiing signal for WETH/USDC...
2026-02-17 23:20:04 |INFO  |WETH/USDC Prices | CEX: 1975.12 | DEX: 1982.3394834242192
2026-02-17 23:20:04 |INFO  |📊 WETH/USDC Spreads | BuyCex->SellDex: -24.24 bps | BuyDex->SellCex: -36.47 bps | Min Required: 10.00
2026-02-17 23:20:04 |INFO  |❌ WETH/USDC ignored: Spread too low.
2026-02-17 23:20:07 |INFO  |pair:WETH/USDC
2026-02-17 23:20:07 |INFO  |Generatiing signal for WETH/USDC...
2026-02-17 23:20:07 |INFO  |WETH/USDC Prices | CEX: 1975.2 | DEX: 1982.3394861082868
2026-02-17 23:20:07 |INFO  |📊 WETH/USDC Spreads | BuyCex->SellDex: -24.65 bps | BuyDex->SellCex: -36.07 bps | Min Required: 10.00
2026-02-17 23:20:07 |INFO  |❌ WETH/USDC ignored: Spread too low.
2026-02-17 23:20:10 |INFO  |pair:WETH/USDC
2026-02-17 23:20:10 |INFO  |Generatiing signal for WETH/USDC...
2026-02-17 23:20:10 |INFO  |WETH/USDC Prices | CEX: 1975.22 | DEX: 1982.3394867793036
2026-02-17 23:20:10 |INFO  |📊 WETH/USDC Spreads | BuyCex->SellDex: -24.75 bps | BuyDex->SellCex: -35.97 bps | Min Required: 10.00
2026-02-17 23:20:10 |INFO  |❌ WETH/USDC ignored: Spread too low.
2026-02-17 23:20:12 |INFO  |pair:WETH/USDC
2026-02-17 23:20:12 |INFO  |Generatiing signal for WETH/USDC...
2026-02-17 23:20:13 |INFO  |WETH/USDC Prices | CEX: 1975.33 | DEX: 1982.3394904631862
2026-02-17 23:20:13 |INFO  |📊 WETH/USDC Spreads | BuyCex->SellDex: -25.31 bps | BuyDex->SellCex: -35.41 bps | Min Required: 10.00
2026-02-17 23:20:13 |INFO  |❌ WETH/USDC ignored: Spread too low.
2026-02-17 23:20:15 |INFO  |pair:WETH/USDC
2026-02-17 23:20:15 |INFO  |Generatiing signal for WETH/USDC...
2026-02-17 23:20:15 |INFO  |WETH/USDC Prices | CEX: 1975.33 | DEX: 1982.3394904631862
2026-02-17 23:20:15 |INFO  |📊 WETH/USDC Spreads | BuyCex->SellDex: -25.31 bps | BuyDex->SellCex: -35.41 bps | Min Required: 10.00
2026-02-17 23:20:15 |INFO  |❌ WETH/USDC ignored: Spread too low.
2026-02-17 23:20:17 |INFO  |pair:WETH/USDC
2026-02-17 23:20:17 |INFO  |Generatiing signal for WETH/USDC...
2026-02-17 23:20:17 |INFO  |WETH/USDC Prices | CEX: 1975.33 | DEX: 1982.3394904631862
2026-02-17 23:20:17 |INFO  |📊 WETH/USDC Spreads | BuyCex->SellDex: -25.31 bps | BuyDex->SellCex: -35.41 bps | Min Required: 10.00
2026-02-17 23:20:17 |INFO  |❌ WETH/USDC ignored: Spread too low.
2026-02-17 23:20:19 |INFO  |pair:WETH/USDC
2026-02-17 23:20:19 |INFO  |Generatiing signal for WETH/USDC...
2026-02-17 23:20:20 |INFO  |WETH/USDC Prices | CEX: 1975.33 | DEX: 1982.3394904631862
2026-02-17 23:20:20 |INFO  |📊 WETH/USDC Spreads | BuyCex->SellDex: -25.31 bps | BuyDex->SellCex: -35.41 bps | Min Required: 10.00
2026-02-17 23:20:20 |INFO  |❌ WETH/USDC ignored: Spread too low.
2026-02-17 23:20:22 |INFO  |pair:WETH/USDC
2026-02-17 23:20:22 |INFO  |Generatiing signal for WETH/USDC...
2026-02-17 23:20:23 |INFO  |WETH/USDC Prices | CEX: 1975.33 | DEX: 1982.3394904631862
2026-02-17 23:20:23 |INFO  |📊 WETH/USDC Spreads | BuyCex->SellDex: -25.31 bps | BuyDex->SellCex: -35.41 bps | Min Required: 10.00
2026-02-17 23:20:23 |INFO  |❌ WETH/USDC ignored: Spread too low.
2026-02-17 23:20:25 |INFO  |pair:WETH/USDC
2026-02-17 23:20:25 |INFO  |Generatiing signal for WETH/USDC...
2026-02-17 23:20:25 |INFO  |WETH/USDC Prices | CEX: 1975.52 | DEX: 1982.3394968445566
2026-02-17 23:20:25 |INFO  |📊 WETH/USDC Spreads | BuyCex->SellDex: -26.26 bps | BuyDex->SellCex: -34.45 bps | Min Required: 10.00
2026-02-17 23:20:25 |INFO  |❌ WETH/USDC ignored: Spread too low.
2026-02-17 23:20:27 |INFO  |pair:WETH/USDC
2026-02-17 23:20:27 |INFO  |Generatiing signal for WETH/USDC...
2026-02-17 23:20:28 |INFO  |WETH/USDC Prices | CEX: 1975.65 | DEX: 1982.339501206166
2026-02-17 23:20:28 |INFO  |📊 WETH/USDC Spreads | BuyCex->SellDex: -26.92 bps | BuyDex->SellCex: -33.80 bps | Min Required: 10.00
2026-02-17 23:20:28 |INFO  |❌ WETH/USDC ignored: Spread too low.
2026-02-17 23:20:30 |INFO  |pair:WETH/USDC
2026-02-17 23:20:30 |INFO  |Generatiing signal for WETH/USDC...
2026-02-17 23:20:30 |INFO  |WETH/USDC Prices | CEX: 1975.92 | DEX: 1982.3395102648935
2026-02-17 23:20:30 |INFO  |📊 WETH/USDC Spreads | BuyCex->SellDex: -28.28 bps | BuyDex->SellCex: -32.43 bps | Min Required: 10.00
2026-02-17 23:20:30 |INFO  |❌ WETH/USDC ignored: Spread too low.
2026-02-17 23:20:33 |INFO  |pair:WETH/USDC
2026-02-17 23:20:33 |INFO  |Generatiing signal for WETH/USDC...
2026-02-17 23:20:33 |INFO  |WETH/USDC Prices | CEX: 1976.4 | DEX: 1982.339526369298
2026-02-17 23:20:33 |INFO  |📊 WETH/USDC Spreads | BuyCex->SellDex: -30.71 bps | BuyDex->SellCex: -30.21 bps | Min Required: 10.00
2026-02-17 23:20:33 |INFO  |❌ WETH/USDC ignored: Spread too low.
2026-02-17 23:20:36 |INFO  |pair:WETH/USDC
2026-02-17 23:20:36 |INFO  |Generatiing signal for WETH/USDC...
2026-02-17 23:20:36 |INFO  |WETH/USDC Prices | CEX: 1976.4 | DEX: 1982.339526369298
2026-02-17 23:20:36 |INFO  |📊 WETH/USDC Spreads | BuyCex->SellDex: -30.71 bps | BuyDex->SellCex: -30.21 bps | Min Required: 10.00
2026-02-17 23:20:36 |INFO  |❌ WETH/USDC ignored: Spread too low.
2026-02-17 23:20:38 |INFO  |pair:WETH/USDC
2026-02-17 23:20:38 |INFO  |Generatiing signal for WETH/USDC...
2026-02-17 23:20:38 |INFO  |WETH/USDC Prices | CEX: 1976.4 | DEX: 1982.339526369298
2026-02-17 23:20:38 |INFO  |📊 WETH/USDC Spreads | BuyCex->SellDex: -30.71 bps | BuyDex->SellCex: -30.21 bps | Min Required: 10.00
2026-02-17 23:20:38 |INFO  |❌ WETH/USDC ignored: Spread too low.
2026-02-17 23:20:40 |INFO  |pair:WETH/USDC
2026-02-17 23:20:40 |INFO  |Generatiing signal for WETH/USDC...
2026-02-17 23:20:41 |INFO  |WETH/USDC Prices | CEX: 1976.58 | DEX: 1982.339532401739
2026-02-17 23:20:41 |INFO  |📊 WETH/USDC Spreads | BuyCex->SellDex: -31.61 bps | BuyDex->SellCex: -29.10 bps | Min Required: 10.00
2026-02-17 23:20:41 |INFO  |❌ WETH/USDC ignored: Spread too low.
2026-02-17 23:20:42 |INFO  |HEALTH | uptime=307s | last_trade=Nones | cb_open=false | pnl=$0.00 | limit_reached=false
2026-02-17 23:20:43 |INFO  |pair:WETH/USDC
2026-02-17 23:20:43 |INFO  |Generatiing signal for WETH/USDC...
2026-02-17 23:20:44 |INFO  |WETH/USDC Prices | CEX: 1976.52 | DEX: 1982.339530395399
2026-02-17 23:20:44 |INFO  |📊 WETH/USDC Spreads | BuyCex->SellDex: -31.31 bps | BuyDex->SellCex: -29.41 bps | Min Required: 10.00
2026-02-17 23:20:44 |INFO  |❌ WETH/USDC ignored: Spread too low.
2026-02-17 23:20:45 |INFO  |pair:WETH/USDC
2026-02-17 23:20:45 |INFO  |Generatiing signal for WETH/USDC...
2026-02-17 23:20:46 |INFO  |WETH/USDC Prices | CEX: 1976.52 | DEX: 1982.339530395399
2026-02-17 23:20:46 |INFO  |📊 WETH/USDC Spreads | BuyCex->SellDex: -31.31 bps | BuyDex->SellCex: -29.41 bps | Min Required: 10.00
2026-02-17 23:20:46 |INFO  |❌ WETH/USDC ignored: Spread too low.
2026-02-17 23:20:50 |INFO  |pair:WETH/USDC
2026-02-17 23:20:50 |INFO  |Generatiing signal for WETH/USDC...
2026-02-17 23:20:50 |INFO  |WETH/USDC Prices | CEX: 1976.88 | DEX: 1982.339542473702
2026-02-17 23:20:50 |INFO  |📊 WETH/USDC Spreads | BuyCex->SellDex: -33.13 bps | BuyDex->SellCex: -27.59 bps | Min Required: 10.00
2026-02-17 23:20:50 |INFO  |❌ WETH/USDC ignored: Spread too low.
2026-02-17 23:20:52 |INFO  |pair:WETH/USDC
2026-02-17 23:20:52 |INFO  |Generatiing signal for WETH/USDC...
2026-02-17 23:20:53 |INFO  |WETH/USDC Prices | CEX: 1976.97 | DEX: 1982.339545493278
2026-02-17 23:20:53 |INFO  |📊 WETH/USDC Spreads | BuyCex->SellDex: -33.58 bps | BuyDex->SellCex: -27.14 bps | Min Required: 10.00
2026-02-17 23:20:53 |INFO  |❌ WETH/USDC ignored: Spread too low.
2026-02-17 23:20:55 |INFO  |pair:WETH/USDC
2026-02-17 23:20:55 |INFO  |Generatiing signal for WETH/USDC...
2026-02-17 23:20:55 |INFO  |WETH/USDC Prices | CEX: 1976.97 | DEX: 1982.339545493278
2026-02-17 23:20:55 |INFO  |📊 WETH/USDC Spreads | BuyCex->SellDex: -33.58 bps | BuyDex->SellCex: -27.14 bps | Min Required: 10.00
2026-02-17 23:20:55 |INFO  |❌ WETH/USDC ignored: Spread too low.
2026-02-17 23:20:58 |INFO  |pair:WETH/USDC
2026-02-17 23:20:58 |INFO  |Generatiing signal for WETH/USDC...
2026-02-17 23:20:58 |INFO  |WETH/USDC Prices | CEX: 1976.97 | DEX: 1982.339545493278
2026-02-17 23:20:58 |INFO  |📊 WETH/USDC Spreads | BuyCex->SellDex: -33.58 bps | BuyDex->SellCex: -27.14 bps | Min Required: 10.00
2026-02-17 23:20:58 |INFO  |❌ WETH/USDC ignored: Spread too low.
2026-02-17 23:21:21 |INFO  |pair:WETH/USDC
2026-02-17 23:21:21 |INFO  |Generatiing signal for WETH/USDC...
2026-02-17 23:21:21 |INFO  |WETH/USDC Prices | CEX: 1976.62 | DEX: 1982.3395337504835
2026-02-17 23:21:21 |INFO  |📊 WETH/USDC Spreads | BuyCex->SellDex: -31.81 bps | BuyDex->SellCex: -28.90 bps | Min Required: 10.00
2026-02-17 23:21:21 |INFO  |❌ WETH/USDC ignored: Spread too low.
2026-02-17 23:21:04 |INFO  |pair:WETH/USDC
2026-02-17 23:21:04 |INFO  |Generatiing signal for WETH/USDC...
2026-02-17 23:21:04 |INFO  |WETH/USDC Prices | CEX: 1976.29 | DEX: 1982.3395226787054
2026-02-17 23:21:04 |INFO  |📊 WETH/USDC Spreads | BuyCex->SellDex: -30.15 bps | BuyDex->SellCex: -30.57 bps | Min Required: 10.00
2026-02-17 23:21:04 |INFO  |❌ WETH/USDC ignored: Spread too low.
2026-02-17 23:21:07 |INFO  |pair:WETH/USDC
2026-02-17 23:21:07 |INFO  |Generatiing signal for WETH/USDC...
2026-02-17 23:21:08 |INFO  |WETH/USDC Prices | CEX: 1976.35 | DEX: 1982.3395246917557
2026-02-17 23:21:08 |INFO  |📊 WETH/USDC Spreads | BuyCex->SellDex: -30.45 bps | BuyDex->SellCex: -30.26 bps | Min Required: 10.00
2026-02-17 23:21:08 |INFO  |❌ WETH/USDC ignored: Spread too low.
2026-02-17 23:21:10 |INFO  |pair:WETH/USDC
2026-02-17 23:21:10 |INFO  |Generatiing signal for WETH/USDC...
2026-02-17 23:21:10 |INFO  |WETH/USDC Prices | CEX: 1976.25 | DEX: 1982.3395213299614
2026-02-17 23:21:10 |INFO  |📊 WETH/USDC Spreads | BuyCex->SellDex: -29.95 bps | BuyDex->SellCex: -30.77 bps | Min Required: 10.00
2026-02-17 23:21:10 |INFO  |❌ WETH/USDC ignored: Spread too low.
2026-02-17 23:21:12 |INFO  |pair:WETH/USDC
2026-02-17 23:21:12 |INFO  |Generatiing signal for WETH/USDC...
2026-02-17 23:21:13 |INFO  |WETH/USDC Prices | CEX: 1976.25 | DEX: 1982.3395213299614
2026-02-17 23:21:13 |INFO  |📊 WETH/USDC Spreads | BuyCex->SellDex: -29.95 bps | BuyDex->SellCex: -30.77 bps | Min Required: 10.00
2026-02-17 23:21:13 |INFO  |❌ WETH/USDC ignored: Spread too low.
2026-02-17 23:21:17 |INFO  |pair:WETH/USDC
2026-02-17 23:21:17 |INFO  |Generatiing signal for WETH/USDC...
2026-02-17 23:21:18 |INFO  |WETH/USDC Prices | CEX: 1975.93 | DEX: 1982.339510600402
2026-02-17 23:21:18 |INFO  |📊 WETH/USDC Spreads | BuyCex->SellDex: -28.33 bps | BuyDex->SellCex: -32.38 bps | Min Required: 10.00
2026-02-17 23:21:18 |INFO  |❌ WETH/USDC ignored: Spread too low.
2026-02-17 23:21:21 |INFO  |pair:WETH/USDC
2026-02-17 23:21:21 |INFO  |Generatiing signal for WETH/USDC...
2026-02-17 23:21:21 |INFO  |WETH/USDC Prices | CEX: 1975.93 | DEX: 1982.339510600402
2026-02-17 23:21:21 |INFO  |📊 WETH/USDC Spreads | BuyCex->SellDex: -28.33 bps | BuyDex->SellCex: -32.38 bps | Min Required: 10.00
2026-02-17 23:21:21 |INFO  |❌ WETH/USDC ignored: Spread too low.
2026-02-17 23:21:24 |INFO  |pair:WETH/USDC
2026-02-17 23:21:24 |INFO  |Generatiing signal for WETH/USDC...
2026-02-17 23:21:24 |INFO  |WETH/USDC Prices | CEX: 1976.4 | DEX: 1982.339526369298
2026-02-17 23:21:24 |INFO  |📊 WETH/USDC Spreads | BuyCex->SellDex: -30.71 bps | BuyDex->SellCex: -30.21 bps | Min Required: 10.00
2026-02-17 23:21:24 |INFO  |❌ WETH/USDC ignored: Spread too low.
2026-02-17 23:21:26 |INFO  |pair:WETH/USDC
2026-02-17 23:21:26 |INFO  |Generatiing signal for WETH/USDC...
2026-02-17 23:21:27 |INFO  |WETH/USDC Prices | CEX: 1976.56 | DEX: 1982.3395317307227
2026-02-17 23:21:27 |INFO  |📊 WETH/USDC Spreads | BuyCex->SellDex: -31.51 bps | BuyDex->SellCex: -29.21 bps | Min Required: 10.00
2026-02-17 23:21:27 |INFO  |❌ WETH/USDC ignored: Spread too low.
2026-02-17 23:21:29 |INFO  |pair:WETH/USDC
2026-02-17 23:21:29 |INFO  |Generatiing signal for WETH/USDC...
2026-02-17 23:21:29 |INFO  |WETH/USDC Prices | CEX: 1976.51 | DEX: 1982.3395300598906
2026-02-17 23:21:29 |INFO  |📊 WETH/USDC Spreads | BuyCex->SellDex: -31.26 bps | BuyDex->SellCex: -29.46 bps | Min Required: 10.00
2026-02-17 23:21:29 |INFO  |❌ WETH/USDC ignored: Spread too low.
2026-02-17 23:21:32 |INFO  |pair:WETH/USDC
2026-02-17 23:21:32 |INFO  |Generatiing signal for WETH/USDC...
2026-02-17 23:21:32 |INFO  |WETH/USDC Prices | CEX: 1975.93 | DEX: 1982.339510600402
2026-02-17 23:21:32 |INFO  |📊 WETH/USDC Spreads | BuyCex->SellDex: -28.33 bps | BuyDex->SellCex: -32.38 bps | Min Required: 10.00
2026-02-17 23:21:32 |INFO  |❌ WETH/USDC ignored: Spread too low.
2026-02-17 23:21:34 |INFO  |pair:WETH/USDC
2026-02-17 23:21:34 |INFO  |Generatiing signal for WETH/USDC...
2026-02-17 23:21:34 |INFO  |WETH/USDC Prices | CEX: 1976.25 | DEX: 1982.3395213299614
2026-02-17 23:21:34 |INFO  |📊 WETH/USDC Spreads | BuyCex->SellDex: -29.95 bps | BuyDex->SellCex: -30.77 bps | Min Required: 10.00
2026-02-17 23:21:34 |INFO  |❌ WETH/USDC ignored: Spread too low.
2026-02-17 23:21:43 |INFO  |pair:WETH/USDC
2026-02-17 23:21:43 |INFO  |Generatiing signal for WETH/USDC...
2026-02-17 23:21:43 |INFO  |WETH/USDC Prices | CEX: 1976.4 | DEX: 1982.339526369298
2026-02-17 23:21:43 |INFO  |📊 WETH/USDC Spreads | BuyCex->SellDex: -30.71 bps | BuyDex->SellCex: -30.21 bps | Min Required: 10.00
2026-02-17 23:21:43 |INFO  |❌ WETH/USDC ignored: Spread too low.
2026-02-17 23:21:44 |INFO  |HEALTH | uptime=370s | last_trade=Nones | cb_open=false | pnl=$0.00 | limit_reached=false
2026-02-17 23:21:45 |INFO  |pair:WETH/USDC
2026-02-17 23:21:45 |INFO  |Generatiing signal for WETH/USDC...
2026-02-17 23:21:46 |INFO  |WETH/USDC Prices | CEX: 1976.4 | DEX: 1982.339526369298
2026-02-17 23:21:46 |INFO  |📊 WETH/USDC Spreads | BuyCex->SellDex: -30.71 bps | BuyDex->SellCex: -30.21 bps | Min Required: 10.00
2026-02-17 23:21:46 |INFO  |❌ WETH/USDC ignored: Spread too low.
2026-02-17 23:21:49 |INFO  |pair:WETH/USDC
2026-02-17 23:21:49 |INFO  |Generatiing signal for WETH/USDC...
2026-02-17 23:21:50 |INFO  |WETH/USDC Prices | CEX: 1976.4 | DEX: 1982.339526369298
2026-02-17 23:21:50 |INFO  |📊 WETH/USDC Spreads | BuyCex->SellDex: -30.71 bps | BuyDex->SellCex: -30.21 bps | Min Required: 10.00
2026-02-17 23:21:50 |INFO  |❌ WETH/USDC ignored: Spread too low.
2026-02-17 23:21:53 |INFO  |pair:WETH/USDC
2026-02-17 23:21:53 |INFO  |Generatiing signal for WETH/USDC...
2026-02-17 23:21:54 |INFO  |WETH/USDC Prices | CEX: 1976.54 | DEX: 1982.339531059706
2026-02-17 23:21:54 |INFO  |📊 WETH/USDC Spreads | BuyCex->SellDex: -31.41 bps | BuyDex->SellCex: -29.31 bps | Min Required: 10.00
2026-02-17 23:21:54 |INFO  |❌ WETH/USDC ignored: Spread too low.
2026-02-17 23:21:56 |INFO  |pair:WETH/USDC
2026-02-17 23:21:56 |INFO  |Generatiing signal for WETH/USDC...
2026-02-17 23:21:57 |INFO  |WETH/USDC Prices | CEX: 1976.64 | DEX: 1982.3395344215003
2026-02-17 23:21:57 |INFO  |📊 WETH/USDC Spreads | BuyCex->SellDex: -31.92 bps | BuyDex->SellCex: -28.80 bps | Min Required: 10.00
2026-02-17 23:21:57 |INFO  |❌ WETH/USDC ignored: Spread too low.
2026-02-17 23:21:59 |INFO  |pair:WETH/USDC
2026-02-17 23:21:59 |INFO  |Generatiing signal for WETH/USDC...
2026-02-17 23:21:59 |INFO  |WETH/USDC Prices | CEX: 1976.96 | DEX: 1982.3395451577699
2026-02-17 23:21:59 |INFO  |📊 WETH/USDC Spreads | BuyCex->SellDex: -33.53 bps | BuyDex->SellCex: -27.19 bps | Min Required: 10.00
2026-02-17 23:21:59 |INFO  |❌ WETH/USDC ignored: Spread too low.
2026-02-17 23:22:21 |INFO  |pair:WETH/USDC
2026-02-17 23:22:21 |INFO  |Generatiing signal for WETH/USDC...
2026-02-17 23:22:02 |INFO  |WETH/USDC Prices | CEX: 1976.77 | DEX: 1982.3395387831101
2026-02-17 23:22:02 |INFO  |📊 WETH/USDC Spreads | BuyCex->SellDex: -32.57 bps | BuyDex->SellCex: -28.15 bps | Min Required: 10.00
2026-02-17 23:22:02 |INFO  |❌ WETH/USDC ignored: Spread too low.
2026-02-17 23:22:04 |INFO  |pair:WETH/USDC
2026-02-17 23:22:04 |INFO  |Generatiing signal for WETH/USDC...
2026-02-17 23:22:04 |INFO  |WETH/USDC Prices | CEX: 1976.77 | DEX: 1982.3395387831101
2026-02-17 23:22:04 |INFO  |📊 WETH/USDC Spreads | BuyCex->SellDex: -32.57 bps | BuyDex->SellCex: -28.15 bps | Min Required: 10.00
2026-02-17 23:22:04 |INFO  |❌ WETH/USDC ignored: Spread too low.
2026-02-17 23:22:06 |INFO  |pair:WETH/USDC
2026-02-17 23:22:06 |INFO  |Generatiing signal for WETH/USDC...
2026-02-17 23:22:07 |INFO  |WETH/USDC Prices | CEX: 1976.77 | DEX: 1982.3395387831101
2026-02-17 23:22:07 |INFO  |📊 WETH/USDC Spreads | BuyCex->SellDex: -32.57 bps | BuyDex->SellCex: -28.15 bps | Min Required: 10.00
2026-02-17 23:22:07 |INFO  |❌ WETH/USDC ignored: Spread too low.
2026-02-17 23:22:09 |INFO  |pair:WETH/USDC
2026-02-17 23:22:09 |INFO  |Generatiing signal for WETH/USDC...
2026-02-17 23:22:09 |INFO  |WETH/USDC Prices | CEX: 1976.77 | DEX: 1982.3395387831101
2026-02-17 23:22:09 |INFO  |📊 WETH/USDC Spreads | BuyCex->SellDex: -32.57 bps | BuyDex->SellCex: -28.15 bps | Min Required: 10.00
2026-02-17 23:22:09 |INFO  |❌ WETH/USDC ignored: Spread too low.
2026-02-17 23:22:12 |INFO  |pair:WETH/USDC
2026-02-17 23:22:12 |INFO  |Generatiing signal for WETH/USDC...
2026-02-17 23:22:12 |INFO  |WETH/USDC Prices | CEX: 1976.96 | DEX: 1982.3395451577699
2026-02-17 23:22:12 |INFO  |📊 WETH/USDC Spreads | BuyCex->SellDex: -33.53 bps | BuyDex->SellCex: -27.19 bps | Min Required: 10.00
2026-02-17 23:22:12 |INFO  |❌ WETH/USDC ignored: Spread too low.
2026-02-17 23:22:15 |INFO  |pair:WETH/USDC
2026-02-17 23:22:15 |INFO  |Generatiing signal for WETH/USDC...
2026-02-17 23:22:15 |INFO  |WETH/USDC Prices | CEX: 1976.96 | DEX: 1982.3395451577699
2026-02-17 23:22:15 |INFO  |📊 WETH/USDC Spreads | BuyCex->SellDex: -33.53 bps | BuyDex->SellCex: -27.19 bps | Min Required: 10.00
2026-02-17 23:22:15 |INFO  |❌ WETH/USDC ignored: Spread too low.
2026-02-17 23:22:17 |INFO  |pair:WETH/USDC
2026-02-17 23:22:17 |INFO  |Generatiing signal for WETH/USDC...
2026-02-17 23:22:18 |INFO  |WETH/USDC Prices | CEX: 1976.96 | DEX: 1982.3395451577699
2026-02-17 23:22:18 |INFO  |📊 WETH/USDC Spreads | BuyCex->SellDex: -33.53 bps | BuyDex->SellCex: -27.19 bps | Min Required: 10.00
2026-02-17 23:22:18 |INFO  |❌ WETH/USDC ignored: Spread too low.
2026-02-17 23:22:20 |INFO  |pair:WETH/USDC
2026-02-17 23:22:20 |INFO  |Generatiing signal for WETH/USDC...
2026-02-17 23:22:21 |INFO  |WETH/USDC Prices | CEX: 1976.96 | DEX: 1982.3395451577699
2026-02-17 23:22:21 |INFO  |📊 WETH/USDC Spreads | BuyCex->SellDex: -33.53 bps | BuyDex->SellCex: -27.19 bps | Min Required: 10.00
2026-02-17 23:22:21 |INFO  |❌ WETH/USDC ignored: Spread too low.
2026-02-17 23:22:23 |INFO  |pair:WETH/USDC
2026-02-17 23:22:23 |INFO  |Generatiing signal for WETH/USDC...
2026-02-17 23:22:23 |INFO  |WETH/USDC Prices | CEX: 1976.96 | DEX: 1982.3395451577699
2026-02-17 23:22:23 |INFO  |📊 WETH/USDC Spreads | BuyCex->SellDex: -33.53 bps | BuyDex->SellCex: -27.19 bps | Min Required: 10.00
2026-02-17 23:22:23 |INFO  |❌ WETH/USDC ignored: Spread too low.
2026-02-17 23:22:26 |INFO  |pair:WETH/USDC
2026-02-17 23:22:26 |INFO  |Generatiing signal for WETH/USDC...
2026-02-17 23:22:26 |INFO  |WETH/USDC Prices | CEX: 1976.96 | DEX: 1982.3395451577699
2026-02-17 23:22:26 |INFO  |📊 WETH/USDC Spreads | BuyCex->SellDex: -33.53 bps | BuyDex->SellCex: -27.19 bps | Min Required: 10.00
2026-02-17 23:22:26 |INFO  |❌ WETH/USDC ignored: Spread too low.
2026-02-17 23:22:29 |INFO  |pair:WETH/USDC
2026-02-17 23:22:29 |INFO  |Generatiing signal for WETH/USDC...
2026-02-17 23:22:29 |INFO  |WETH/USDC Prices | CEX: 1976.96 | DEX: 1982.3395451577699
2026-02-17 23:22:29 |INFO  |📊 WETH/USDC Spreads | BuyCex->SellDex: -33.53 bps | BuyDex->SellCex: -27.19 bps | Min Required: 10.00
2026-02-17 23:22:29 |INFO  |❌ WETH/USDC ignored: Spread too low.
2026-02-17 23:22:31 |INFO  |pair:WETH/USDC
2026-02-17 23:22:31 |INFO  |Generatiing signal for WETH/USDC...
2026-02-17 23:22:32 |INFO  |WETH/USDC Prices | CEX: 1977.18 | DEX: 1982.3395525389553
2026-02-17 23:22:32 |INFO  |📊 WETH/USDC Spreads | BuyCex->SellDex: -34.64 bps | BuyDex->SellCex: -26.08 bps | Min Required: 10.00
2026-02-17 23:22:32 |INFO  |❌ WETH/USDC ignored: Spread too low.
2026-02-17 23:22:34 |INFO  |pair:WETH/USDC
2026-02-17 23:22:34 |INFO  |Generatiing signal for WETH/USDC...
2026-02-17 23:22:35 |INFO  |WETH/USDC Prices | CEX: 1977.03 | DEX: 1982.339547506329
2026-02-17 23:22:35 |INFO  |📊 WETH/USDC Spreads | BuyCex->SellDex: -33.88 bps | BuyDex->SellCex: -26.83 bps | Min Required: 10.00
2026-02-17 23:22:35 |INFO  |❌ WETH/USDC ignored: Spread too low.
2026-02-17 23:22:37 |INFO  |pair:WETH/USDC
2026-02-17 23:22:37 |INFO  |Generatiing signal for WETH/USDC...
2026-02-17 23:22:37 |INFO  |WETH/USDC Prices | CEX: 1977.17 | DEX: 1982.3395522034466
2026-02-17 23:22:37 |INFO  |📊 WETH/USDC Spreads | BuyCex->SellDex: -34.59 bps | BuyDex->SellCex: -26.13 bps | Min Required: 10.00
2026-02-17 23:22:37 |INFO  |❌ WETH/USDC ignored: Spread too low.
2026-02-17 23:22:39 |INFO  |pair:WETH/USDC
2026-02-17 23:22:39 |INFO  |Generatiing signal for WETH/USDC...
2026-02-17 23:22:39 |INFO  |WETH/USDC Prices | CEX: 1977.2 | DEX: 1982.339553209972
2026-02-17 23:22:39 |INFO  |📊 WETH/USDC Spreads | BuyCex->SellDex: -34.74 bps | BuyDex->SellCex: -25.98 bps | Min Required: 10.00
2026-02-17 23:22:39 |INFO  |❌ WETH/USDC ignored: Spread too low.
2026-02-17 23:22:42 |INFO  |pair:WETH/USDC
2026-02-17 23:22:42 |INFO  |Generatiing signal for WETH/USDC...
2026-02-17 23:22:42 |INFO  |WETH/USDC Prices | CEX: 1977.33 | DEX: 1982.3395575648715
2026-02-17 23:22:42 |INFO  |📊 WETH/USDC Spreads | BuyCex->SellDex: -35.39 bps | BuyDex->SellCex: -25.32 bps | Min Required: 10.00
2026-02-17 23:22:42 |INFO  |❌ WETH/USDC ignored: Spread too low.
2026-02-17 23:22:45 |INFO  |pair:WETH/USDC
2026-02-17 23:22:45 |INFO  |Generatiing signal for WETH/USDC...
2026-02-17 23:22:45 |INFO  |WETH/USDC Prices | CEX: 1977.44 | DEX: 1982.3395612621741
2026-02-17 23:22:45 |INFO  |📊 WETH/USDC Spreads | BuyCex->SellDex: -35.95 bps | BuyDex->SellCex: -24.77 bps | Min Required: 10.00
2026-02-17 23:22:45 |INFO  |❌ WETH/USDC ignored: Spread too low.
2026-02-17 23:22:46 |INFO  |HEALTH | uptime=432s | last_trade=Nones | cb_open=false | pnl=$0.00 | limit_reached=false
2026-02-17 23:22:48 |INFO  |pair:WETH/USDC
2026-02-17 23:22:48 |INFO  |Generatiing signal for WETH/USDC...
2026-02-17 23:22:49 |INFO  |WETH/USDC Prices | CEX: 1977.12 | DEX: 1982.3395505259045
2026-02-17 23:22:49 |INFO  |📊 WETH/USDC Spreads | BuyCex->SellDex: -34.34 bps | BuyDex->SellCex: -26.38 bps | Min Required: 10.00
2026-02-17 23:22:49 |INFO  |❌ WETH/USDC ignored: Spread too low.
2026-02-17 23:22:51 |INFO  |pair:WETH/USDC
2026-02-17 23:22:51 |INFO  |Generatiing signal for WETH/USDC...
2026-02-17 23:22:52 |INFO  |WETH/USDC Prices | CEX: 1977.2 | DEX: 1982.339553209972
2026-02-17 23:22:52 |INFO  |📊 WETH/USDC Spreads | BuyCex->SellDex: -34.74 bps | BuyDex->SellCex: -25.98 bps | Min Required: 10.00
2026-02-17 23:22:52 |INFO  |❌ WETH/USDC ignored: Spread too low.
2026-02-17 23:22:54 |INFO  |pair:WETH/USDC
2026-02-17 23:22:54 |INFO  |Generatiing signal for WETH/USDC...
2026-02-17 23:22:54 |INFO  |WETH/USDC Prices | CEX: 1977.2 | DEX: 1982.339553209972
2026-02-17 23:22:54 |INFO  |📊 WETH/USDC Spreads | BuyCex->SellDex: -34.74 bps | BuyDex->SellCex: -25.98 bps | Min Required: 10.00
2026-02-17 23:22:54 |INFO  |❌ WETH/USDC ignored: Spread too low.
2026-02-17 23:22:56 |INFO  |pair:WETH/USDC
2026-02-17 23:22:56 |INFO  |Generatiing signal for WETH/USDC...
2026-02-17 23:22:56 |INFO  |WETH/USDC Prices | CEX: 1977.36 | DEX: 1982.3395585781072
2026-02-17 23:22:56 |INFO  |📊 WETH/USDC Spreads | BuyCex->SellDex: -35.55 bps | BuyDex->SellCex: -25.17 bps | Min Required: 10.00
2026-02-17 23:22:56 |INFO  |❌ WETH/USDC ignored: Spread too low.
2026-02-17 23:22:59 |INFO  |pair:WETH/USDC
2026-02-17 23:22:59 |INFO  |Generatiing signal for WETH/USDC...
2026-02-17 23:23:00 |INFO  |WETH/USDC Prices | CEX: 1977.36 | DEX: 1982.3395585781072
2026-02-17 23:23:00 |INFO  |📊 WETH/USDC Spreads | BuyCex->SellDex: -35.55 bps | BuyDex->SellCex: -25.17 bps | Min Required: 10.00
2026-02-17 23:23:00 |INFO  |❌ WETH/USDC ignored: Spread too low.
2026-02-17 23:23:02 |INFO  |pair:WETH/USDC
2026-02-17 23:23:02 |INFO  |Generatiing signal for WETH/USDC...
2026-02-17 23:23:02 |INFO  |WETH/USDC Prices | CEX: 1977.6 | DEX: 1982.3395666303093
2026-02-17 23:23:02 |INFO  |📊 WETH/USDC Spreads | BuyCex->SellDex: -36.75 bps | BuyDex->SellCex: -23.96 bps | Min Required: 10.00
2026-02-17 23:23:02 |INFO  |❌ WETH/USDC ignored: Spread too low.
2026-02-17 23:23:04 |INFO  |pair:WETH/USDC
2026-02-17 23:23:04 |INFO  |Generatiing signal for WETH/USDC...
2026-02-17 23:23:05 |INFO  |WETH/USDC Prices | CEX: 1978.08 | DEX: 1982.339582728003
2026-02-17 23:23:05 |INFO  |📊 WETH/USDC Spreads | BuyCex->SellDex: -39.17 bps | BuyDex->SellCex: -21.54 bps | Min Required: 10.00
2026-02-17 23:23:05 |INFO  |❌ WETH/USDC ignored: Spread too low.
2026-02-17 23:23:08 |INFO  |pair:WETH/USDC
2026-02-17 23:23:08 |INFO  |Generatiing signal for WETH/USDC...
2026-02-17 23:23:08 |INFO  |WETH/USDC Prices | CEX: 1978.21 | DEX: 1982.3395803861547
2026-02-17 23:23:08 |INFO  |📊 WETH/USDC Spreads | BuyCex->SellDex: -38.82 bps | BuyDex->SellCex: -21.89 bps | Min Required: 10.00
2026-02-17 23:23:08 |INFO  |❌ WETH/USDC ignored: Spread too low.
2026-02-17 23:23:11 |INFO  |pair:WETH/USDC
2026-02-17 23:23:11 |INFO  |Generatiing signal for WETH/USDC...
2026-02-17 23:23:11 |INFO  |WETH/USDC Prices | CEX: 1978.21 | DEX: 1982.3395803861547
2026-02-17 23:23:11 |INFO  |📊 WETH/USDC Spreads | BuyCex->SellDex: -38.82 bps | BuyDex->SellCex: -21.89 bps | Min Required: 10.00
2026-02-17 23:23:11 |INFO  |❌ WETH/USDC ignored: Spread too low.
2026-02-17 23:23:14 |INFO  |pair:WETH/USDC
2026-02-17 23:23:14 |INFO  |Generatiing signal for WETH/USDC...
2026-02-17 23:23:14 |INFO  |WETH/USDC Prices | CEX: 1978.21 | DEX: 1982.3395803861547
2026-02-17 23:23:14 |INFO  |📊 WETH/USDC Spreads | BuyCex->SellDex: -38.82 bps | BuyDex->SellCex: -21.89 bps | Min Required: 10.00
2026-02-17 23:23:14 |INFO  |❌ WETH/USDC ignored: Spread too low.
2026-02-17 23:23:16 |INFO  |pair:WETH/USDC
2026-02-17 23:23:16 |INFO  |Generatiing signal for WETH/USDC...
2026-02-17 23:23:16 |INFO  |WETH/USDC Prices | CEX: 1978.21 | DEX: 1982.3395803861547
2026-02-17 23:23:16 |INFO  |📊 WETH/USDC Spreads | BuyCex->SellDex: -38.82 bps | BuyDex->SellCex: -21.89 bps | Min Required: 10.00
2026-02-17 23:23:16 |INFO  |❌ WETH/USDC ignored: Spread too low.
2026-02-17 23:23:18 |INFO  |pair:WETH/USDC
2026-02-17 23:23:18 |INFO  |Generatiing signal for WETH/USDC...
2026-02-17 23:23:19 |INFO  |WETH/USDC Prices | CEX: 1977.85 | DEX: 1982.33957501802
2026-02-17 23:23:19 |INFO  |📊 WETH/USDC Spreads | BuyCex->SellDex: -38.21 bps | BuyDex->SellCex: -22.70 bps | Min Required: 10.00
2026-02-17 23:23:19 |INFO  |❌ WETH/USDC ignored: Spread too low.
2026-02-17 23:23:21 |INFO  |pair:WETH/USDC
2026-02-17 23:23:21 |INFO  |Generatiing signal for WETH/USDC...
2026-02-17 23:23:21 |INFO  |WETH/USDC Prices | CEX: 1977.85 | DEX: 1982.33957501802
2026-02-17 23:23:21 |INFO  |📊 WETH/USDC Spreads | BuyCex->SellDex: -38.21 bps | BuyDex->SellCex: -22.70 bps | Min Required: 10.00
2026-02-17 23:23:21 |INFO  |❌ WETH/USDC ignored: Spread too low.
2026-02-17 23:23:24 |INFO  |pair:WETH/USDC
2026-02-17 23:23:24 |INFO  |Generatiing signal for WETH/USDC...
2026-02-17 23:23:24 |INFO  |WETH/USDC Prices | CEX: 1977.93 | DEX: 1982.3395777020874
2026-02-17 23:23:24 |INFO  |📊 WETH/USDC Spreads | BuyCex->SellDex: -38.42 bps | BuyDex->SellCex: -22.29 bps | Min Required: 10.00
2026-02-17 23:23:24 |INFO  |❌ WETH/USDC ignored: Spread too low.
2026-02-17 23:23:26 |INFO  |pair:WETH/USDC
2026-02-17 23:23:26 |INFO  |Generatiing signal for WETH/USDC...
2026-02-17 23:23:27 |INFO  |WETH/USDC Prices | CEX: 1977.88 | DEX: 1982.3395760245455
2026-02-17 23:23:27 |INFO  |📊 WETH/USDC Spreads | BuyCex->SellDex: -38.17 bps | BuyDex->SellCex: -22.55 bps | Min Required: 10.00
2026-02-17 23:23:27 |INFO  |❌ WETH/USDC ignored: Spread too low.
2026-02-17 23:23:29 |INFO  |pair:WETH/USDC
2026-02-17 23:23:29 |INFO  |Generatiing signal for WETH/USDC...
2026-02-17 23:23:30 |INFO  |WETH/USDC Prices | CEX: 1977.13 | DEX: 1982.339550861413
2026-02-17 23:23:30 |INFO  |📊 WETH/USDC Spreads | BuyCex->SellDex: -34.39 bps | BuyDex->SellCex: -26.33 bps | Min Required: 10.00
2026-02-17 23:23:30 |INFO  |❌ WETH/USDC ignored: Spread too low.
2026-02-17 23:23:32 |INFO  |pair:WETH/USDC
2026-02-17 23:23:32 |INFO  |Generatiing signal for WETH/USDC...
2026-02-17 23:23:32 |INFO  |WETH/USDC Prices | CEX: 1976.98 | DEX: 1982.3395458287866
2026-02-17 23:23:32 |INFO  |📊 WETH/USDC Spreads | BuyCex->SellDex: -33.63 bps | BuyDex->SellCex: -27.09 bps | Min Required: 10.00
2026-02-17 23:23:32 |INFO  |❌ WETH/USDC ignored: Spread too low.
2026-02-17 23:23:34 |INFO  |pair:WETH/USDC
2026-02-17 23:23:34 |INFO  |Generatiing signal for WETH/USDC...
2026-02-17 23:23:35 |INFO  |WETH/USDC Prices | CEX: 1976.98 | DEX: 1982.3395458287866
2026-02-17 23:23:35 |INFO  |📊 WETH/USDC Spreads | BuyCex->SellDex: -33.63 bps | BuyDex->SellCex: -27.09 bps | Min Required: 10.00
2026-02-17 23:23:35 |INFO  |❌ WETH/USDC ignored: Spread too low.
2026-02-17 23:23:37 |INFO  |pair:WETH/USDC
2026-02-17 23:23:37 |INFO  |Generatiing signal for WETH/USDC...
2026-02-17 23:23:37 |INFO  |WETH/USDC Prices | CEX: 1976.98 | DEX: 1982.3395458287866
2026-02-17 23:23:37 |INFO  |📊 WETH/USDC Spreads | BuyCex->SellDex: -33.63 bps | BuyDex->SellCex: -27.09 bps | Min Required: 10.00
2026-02-17 23:23:37 |INFO  |❌ WETH/USDC ignored: Spread too low.
2026-02-17 23:23:39 |INFO  |pair:WETH/USDC
2026-02-17 23:23:39 |INFO  |Generatiing signal for WETH/USDC...
2026-02-17 23:23:39 |INFO  |WETH/USDC Prices | CEX: 1977.36 | DEX: 1982.3395585781072
2026-02-17 23:23:39 |INFO  |📊 WETH/USDC Spreads | BuyCex->SellDex: -35.55 bps | BuyDex->SellCex: -25.17 bps | Min Required: 10.00
2026-02-17 23:23:39 |INFO  |❌ WETH/USDC ignored: Spread too low.
2026-02-17 23:23:41 |INFO  |pair:WETH/USDC
2026-02-17 23:23:41 |INFO  |Generatiing signal for WETH/USDC...
2026-02-17 23:23:42 |INFO  |WETH/USDC Prices | CEX: 1977.44 | DEX: 1982.3395612621741
2026-02-17 23:23:42 |INFO  |📊 WETH/USDC Spreads | BuyCex->SellDex: -35.95 bps | BuyDex->SellCex: -24.77 bps | Min Required: 10.00
2026-02-17 23:23:42 |INFO  |❌ WETH/USDC ignored: Spread too low.
2026-02-17 23:23:44 |INFO  |pair:WETH/USDC
2026-02-17 23:23:44 |INFO  |Generatiing signal for WETH/USDC...
2026-02-17 23:23:45 |INFO  |WETH/USDC Prices | CEX: 1977.44 | DEX: 1982.3395612621741
2026-02-17 23:23:45 |INFO  |📊 WETH/USDC Spreads | BuyCex->SellDex: -35.95 bps | BuyDex->SellCex: -24.77 bps | Min Required: 10.00
2026-02-17 23:23:45 |INFO  |❌ WETH/USDC ignored: Spread too low.
2026-02-17 23:23:47 |INFO  |pair:WETH/USDC
2026-02-17 23:23:47 |INFO  |Generatiing signal for WETH/USDC...
2026-02-17 23:23:47 |INFO  |WETH/USDC Prices | CEX: 1977.21 | DEX: 1982.3395535454808
2026-02-17 23:23:47 |INFO  |📊 WETH/USDC Spreads | BuyCex->SellDex: -34.79 bps | BuyDex->SellCex: -25.93 bps | Min Required: 10.00
2026-02-17 23:23:47 |INFO  |❌ WETH/USDC ignored: Spread too low.
2026-02-17 23:23:48 |INFO  |HEALTH | uptime=494s | last_trade=Nones | cb_open=false | pnl=$0.00 | limit_reached=false
2026-02-17 23:23:50 |INFO  |pair:WETH/USDC
2026-02-17 23:23:50 |INFO  |Generatiing signal for WETH/USDC...
2026-02-17 23:23:51 |INFO  |WETH/USDC Prices | CEX: 1977.18 | DEX: 1982.3395525389553
2026-02-17 23:23:51 |INFO  |📊 WETH/USDC Spreads | BuyCex->SellDex: -34.64 bps | BuyDex->SellCex: -26.08 bps | Min Required: 10.00
2026-02-17 23:23:51 |INFO  |❌ WETH/USDC ignored: Spread too low.
2026-02-17 23:23:53 |INFO  |pair:WETH/USDC
2026-02-17 23:23:53 |INFO  |Generatiing signal for WETH/USDC...
2026-02-17 23:23:53 |INFO  |WETH/USDC Prices | CEX: 1977.18 | DEX: 1982.3395525389553
2026-02-17 23:23:53 |INFO  |📊 WETH/USDC Spreads | BuyCex->SellDex: -34.64 bps | BuyDex->SellCex: -26.08 bps | Min Required: 10.00
2026-02-17 23:23:53 |INFO  |❌ WETH/USDC ignored: Spread too low.
2026-02-17 23:23:55 |INFO  |pair:WETH/USDC
2026-02-17 23:23:55 |INFO  |Generatiing signal for WETH/USDC...
2026-02-17 23:23:56 |INFO  |WETH/USDC Prices | CEX: 1977.18 | DEX: 1982.3395525389553
2026-02-17 23:23:56 |INFO  |📊 WETH/USDC Spreads | BuyCex->SellDex: -34.64 bps | BuyDex->SellCex: -26.08 bps | Min Required: 10.00
2026-02-17 23:23:56 |INFO  |❌ WETH/USDC ignored: Spread too low.
2026-02-17 23:23:58 |INFO  |pair:WETH/USDC
2026-02-17 23:23:58 |INFO  |Generatiing signal for WETH/USDC...
2026-02-17 23:23:58 |INFO  |WETH/USDC Prices | CEX: 1977.18 | DEX: 1982.3395525389553
2026-02-17 23:23:58 |INFO  |📊 WETH/USDC Spreads | BuyCex->SellDex: -34.64 bps | BuyDex->SellCex: -26.08 bps | Min Required: 10.00
2026-02-17 23:23:58 |INFO  |❌ WETH/USDC ignored: Spread too low.
2026-02-17 23:24:21 |INFO  |pair:WETH/USDC
2026-02-17 23:24:21 |INFO  |Generatiing signal for WETH/USDC...
2026-02-17 23:24:02 |INFO  |WETH/USDC Prices | CEX: 1977.18 | DEX: 1982.3395525389553
2026-02-17 23:24:02 |INFO  |📊 WETH/USDC Spreads | BuyCex->SellDex: -34.64 bps | BuyDex->SellCex: -26.08 bps | Min Required: 10.00
2026-02-17 23:24:02 |INFO  |❌ WETH/USDC ignored: Spread too low.
2026-02-17 23:24:04 |INFO  |pair:WETH/USDC
2026-02-17 23:24:04 |INFO  |Generatiing signal for WETH/USDC...
2026-02-17 23:24:04 |INFO  |WETH/USDC Prices | CEX: 1977.18 | DEX: 1982.3395525389553
2026-02-17 23:24:04 |INFO  |📊 WETH/USDC Spreads | BuyCex->SellDex: -34.64 bps | BuyDex->SellCex: -26.08 bps | Min Required: 10.00
2026-02-17 23:24:04 |INFO  |❌ WETH/USDC ignored: Spread too low.
2026-02-17 23:24:07 |INFO  |pair:WETH/USDC
2026-02-17 23:24:07 |INFO  |Generatiing signal for WETH/USDC...
2026-02-17 23:24:07 |INFO  |WETH/USDC Prices | CEX: 1977.18 | DEX: 1982.3395525389553
2026-02-17 23:24:07 |INFO  |📊 WETH/USDC Spreads | BuyCex->SellDex: -34.64 bps | BuyDex->SellCex: -26.08 bps | Min Required: 10.00
2026-02-17 23:24:07 |INFO  |❌ WETH/USDC ignored: Spread too low.
2026-02-17 23:24:09 |INFO  |pair:WETH/USDC
2026-02-17 23:24:09 |INFO  |Generatiing signal for WETH/USDC...
2026-02-17 23:24:10 |INFO  |WETH/USDC Prices | CEX: 1977.18 | DEX: 1982.3395525389553
2026-02-17 23:24:10 |INFO  |📊 WETH/USDC Spreads | BuyCex->SellDex: -34.64 bps | BuyDex->SellCex: -26.08 bps | Min Required: 10.00
2026-02-17 23:24:10 |INFO  |❌ WETH/USDC ignored: Spread too low.
2026-02-17 23:24:12 |INFO  |pair:WETH/USDC
2026-02-17 23:24:12 |INFO  |Generatiing signal for WETH/USDC...
2026-02-17 23:24:12 |INFO  |WETH/USDC Prices | CEX: 1977.18 | DEX: 1982.3395525389553
2026-02-17 23:24:12 |INFO  |📊 WETH/USDC Spreads | BuyCex->SellDex: -34.64 bps | BuyDex->SellCex: -26.08 bps | Min Required: 10.00
2026-02-17 23:24:12 |INFO  |❌ WETH/USDC ignored: Spread too low.
2026-02-17 23:24:15 |INFO  |pair:WETH/USDC
2026-02-17 23:24:15 |INFO  |Generatiing signal for WETH/USDC...
2026-02-17 23:24:15 |INFO  |WETH/USDC Prices | CEX: 1977.68 | DEX: 1982.3395693143766
2026-02-17 23:24:15 |INFO  |📊 WETH/USDC Spreads | BuyCex->SellDex: -37.16 bps | BuyDex->SellCex: -23.56 bps | Min Required: 10.00
2026-02-17 23:24:15 |INFO  |❌ WETH/USDC ignored: Spread too low.
2026-02-17 23:24:17 |INFO  |pair:WETH/USDC
2026-02-17 23:24:17 |INFO  |Generatiing signal for WETH/USDC...
2026-02-17 23:24:17 |INFO  |WETH/USDC Prices | CEX: 1977.68 | DEX: 1982.3395693143766
2026-02-17 23:24:17 |INFO  |📊 WETH/USDC Spreads | BuyCex->SellDex: -37.16 bps | BuyDex->SellCex: -23.56 bps | Min Required: 10.00
2026-02-17 23:24:17 |INFO  |❌ WETH/USDC ignored: Spread too low.
2026-02-17 23:24:20 |INFO  |pair:WETH/USDC
2026-02-17 23:24:20 |INFO  |Generatiing signal for WETH/USDC...
2026-02-17 23:24:20 |INFO  |WETH/USDC Prices | CEX: 1977.68 | DEX: 1982.3395693143766
2026-02-17 23:24:20 |INFO  |📊 WETH/USDC Spreads | BuyCex->SellDex: -37.16 bps | BuyDex->SellCex: -23.56 bps | Min Required: 10.00
2026-02-17 23:24:20 |INFO  |❌ WETH/USDC ignored: Spread too low.
2026-02-17 23:24:22 |INFO  |pair:WETH/USDC
2026-02-17 23:24:22 |INFO  |Generatiing signal for WETH/USDC...
2026-02-17 23:24:22 |INFO  |WETH/USDC Prices | CEX: 1977.68 | DEX: 1982.3395693143766
2026-02-17 23:24:22 |INFO  |📊 WETH/USDC Spreads | BuyCex->SellDex: -37.16 bps | BuyDex->SellCex: -23.56 bps | Min Required: 10.00
2026-02-17 23:24:22 |INFO  |❌ WETH/USDC ignored: Spread too low.
2026-02-17 23:24:25 |INFO  |pair:WETH/USDC
2026-02-17 23:24:25 |INFO  |Generatiing signal for WETH/USDC...
2026-02-17 23:24:25 |INFO  |WETH/USDC Prices | CEX: 1977.05 | DEX: 1982.3395481773457
2026-02-17 23:24:25 |INFO  |📊 WETH/USDC Spreads | BuyCex->SellDex: -33.98 bps | BuyDex->SellCex: -26.73 bps | Min Required: 10.00
2026-02-17 23:24:25 |INFO  |❌ WETH/USDC ignored: Spread too low.
2026-02-17 23:24:27 |INFO  |pair:WETH/USDC
2026-02-17 23:24:27 |INFO  |Generatiing signal for WETH/USDC...
2026-02-17 23:24:27 |INFO  |WETH/USDC Prices | CEX: 1977.4 | DEX: 1982.3395599201408
2026-02-17 23:24:27 |INFO  |📊 WETH/USDC Spreads | BuyCex->SellDex: -35.75 bps | BuyDex->SellCex: -24.97 bps | Min Required: 10.00
2026-02-17 23:24:27 |INFO  |❌ WETH/USDC ignored: Spread too low.
2026-02-17 23:24:29 |INFO  |pair:WETH/USDC
2026-02-17 23:24:29 |INFO  |Generatiing signal for WETH/USDC...
2026-02-17 23:24:30 |INFO  |WETH/USDC Prices | CEX: 1977.39 | DEX: 1982.3395595846323
2026-02-17 23:24:30 |INFO  |📊 WETH/USDC Spreads | BuyCex->SellDex: -35.70 bps | BuyDex->SellCex: -25.02 bps | Min Required: 10.00
2026-02-17 23:24:30 |INFO  |❌ WETH/USDC ignored: Spread too low.
2026-02-17 23:24:32 |INFO  |pair:WETH/USDC
2026-02-17 23:24:32 |INFO  |Generatiing signal for WETH/USDC...
2026-02-17 23:24:32 |INFO  |WETH/USDC Prices | CEX: 1977.27 | DEX: 1982.3395555585314
2026-02-17 23:24:32 |INFO  |📊 WETH/USDC Spreads | BuyCex->SellDex: -35.09 bps | BuyDex->SellCex: -25.62 bps | Min Required: 10.00
2026-02-17 23:24:32 |INFO  |❌ WETH/USDC ignored: Spread too low.
2026-02-17 23:24:34 |INFO  |pair:WETH/USDC
2026-02-17 23:24:34 |INFO  |Generatiing signal for WETH/USDC...
2026-02-17 23:24:35 |INFO  |WETH/USDC Prices | CEX: 1977.23 | DEX: 1982.3395542164976
2026-02-17 23:24:35 |INFO  |📊 WETH/USDC Spreads | BuyCex->SellDex: -34.89 bps | BuyDex->SellCex: -25.83 bps | Min Required: 10.00
2026-02-17 23:24:35 |INFO  |❌ WETH/USDC ignored: Spread too low.
2026-02-17 23:24:37 |INFO  |pair:WETH/USDC
2026-02-17 23:24:37 |INFO  |Generatiing signal for WETH/USDC...
2026-02-17 23:24:37 |INFO  |WETH/USDC Prices | CEX: 1977.62 | DEX: 1982.3395672946162
2026-02-17 23:24:37 |INFO  |📊 WETH/USDC Spreads | BuyCex->SellDex: -36.86 bps | BuyDex->SellCex: -23.86 bps | Min Required: 10.00
2026-02-17 23:24:37 |INFO  |❌ WETH/USDC ignored: Spread too low.
2026-02-17 23:24:39 |INFO  |pair:WETH/USDC
2026-02-17 23:24:39 |INFO  |Generatiing signal for WETH/USDC...
2026-02-17 23:24:40 |INFO  |WETH/USDC Prices | CEX: 1977.62 | DEX: 1982.3395672946162
2026-02-17 23:24:40 |INFO  |📊 WETH/USDC Spreads | BuyCex->SellDex: -36.86 bps | BuyDex->SellCex: -23.86 bps | Min Required: 10.00
2026-02-17 23:24:40 |INFO  |❌ WETH/USDC ignored: Spread too low.
2026-02-17 23:24:42 |INFO  |pair:WETH/USDC
2026-02-17 23:24:42 |INFO  |Generatiing signal for WETH/USDC...
2026-02-17 23:24:43 |INFO  |WETH/USDC Prices | CEX: 1977.52 | DEX: 1982.3395639462415
2026-02-17 23:24:43 |INFO  |📊 WETH/USDC Spreads | BuyCex->SellDex: -36.35 bps | BuyDex->SellCex: -24.36 bps | Min Required: 10.00
2026-02-17 23:24:43 |INFO  |❌ WETH/USDC ignored: Spread too low.
2026-02-17 23:24:45 |INFO  |pair:WETH/USDC
2026-02-17 23:24:45 |INFO  |Generatiing signal for WETH/USDC...
2026-02-17 23:24:45 |INFO  |WETH/USDC Prices | CEX: 1977.29 | DEX: 1982.3395562295482
2026-02-17 23:24:45 |INFO  |📊 WETH/USDC Spreads | BuyCex->SellDex: -35.19 bps | BuyDex->SellCex: -25.52 bps | Min Required: 10.00
2026-02-17 23:24:45 |INFO  |❌ WETH/USDC ignored: Spread too low.
2026-02-17 23:24:48 |INFO  |pair:WETH/USDC
2026-02-17 23:24:48 |INFO  |Generatiing signal for WETH/USDC...
2026-02-17 23:24:49 |INFO  |WETH/USDC Prices | CEX: 1977.06 | DEX: 1982.339548512854
2026-02-17 23:24:49 |INFO  |📊 WETH/USDC Spreads | BuyCex->SellDex: -34.03 bps | BuyDex->SellCex: -26.68 bps | Min Required: 10.00
2026-02-17 23:24:49 |INFO  |❌ WETH/USDC ignored: Spread too low.
2026-02-17 23:24:50 |INFO  |HEALTH | uptime=555s | last_trade=Nones | cb_open=false | pnl=$0.00 | limit_reached=false
2026-02-17 23:24:51 |INFO  |pair:WETH/USDC
2026-02-17 23:24:51 |INFO  |Generatiing signal for WETH/USDC...
2026-02-17 23:24:51 |INFO  |WETH/USDC Prices | CEX: 1977.05 | DEX: 1982.3395481773457
2026-02-17 23:24:51 |INFO  |📊 WETH/USDC Spreads | BuyCex->SellDex: -33.98 bps | BuyDex->SellCex: -26.73 bps | Min Required: 10.00
2026-02-17 23:24:51 |INFO  |❌ WETH/USDC ignored: Spread too low.
2026-02-17 23:24:53 |INFO  |pair:WETH/USDC
2026-02-17 23:24:53 |INFO  |Generatiing signal for WETH/USDC...
2026-02-17 23:24:54 |INFO  |WETH/USDC Prices | CEX: 1976.73 | DEX: 1982.3395374410761
2026-02-17 23:24:54 |INFO  |📊 WETH/USDC Spreads | BuyCex->SellDex: -32.37 bps | BuyDex->SellCex: -28.35 bps | Min Required: 10.00
2026-02-17 23:24:54 |INFO  |❌ WETH/USDC ignored: Spread too low.
2026-02-17 23:24:56 |INFO  |pair:WETH/USDC
2026-02-17 23:24:56 |INFO  |Generatiing signal for WETH/USDC...
2026-02-17 23:24:56 |INFO  |WETH/USDC Prices | CEX: 1976.34 | DEX: 1982.3395243562472
2026-02-17 23:24:56 |INFO  |📊 WETH/USDC Spreads | BuyCex->SellDex: -30.40 bps | BuyDex->SellCex: -30.32 bps | Min Required: 10.00
2026-02-17 23:24:56 |INFO  |❌ WETH/USDC ignored: Spread too low.
2026-02-17 23:24:58 |INFO  |pair:WETH/USDC
2026-02-17 23:24:58 |INFO  |Generatiing signal for WETH/USDC...
2026-02-17 23:24:59 |INFO  |WETH/USDC Prices | CEX: 1976.13 | DEX: 1982.3395173105705
2026-02-17 23:24:59 |INFO  |📊 WETH/USDC Spreads | BuyCex->SellDex: -29.34 bps | BuyDex->SellCex: -31.37 bps | Min Required: 10.00
2026-02-17 23:24:59 |INFO  |❌ WETH/USDC ignored: Spread too low.
2026-02-17 23:25:21 |INFO  |pair:WETH/USDC
2026-02-17 23:25:21 |INFO  |Generatiing signal for WETH/USDC...
2026-02-17 23:25:21 |INFO  |WETH/USDC Prices | CEX: 1975.85 | DEX: 1982.3395079163345
2026-02-17 23:25:21 |INFO  |📊 WETH/USDC Spreads | BuyCex->SellDex: -27.93 bps | BuyDex->SellCex: -32.79 bps | Min Required: 10.00
2026-02-17 23:25:21 |INFO  |❌ WETH/USDC ignored: Spread too low.
2026-02-17 23:25:04 |INFO  |pair:WETH/USDC
2026-02-17 23:25:04 |INFO  |Generatiing signal for WETH/USDC...
2026-02-17 23:25:04 |INFO  |WETH/USDC Prices | CEX: 1975.69 | DEX: 1982.3395025481993
2026-02-17 23:25:04 |INFO  |📊 WETH/USDC Spreads | BuyCex->SellDex: -27.12 bps | BuyDex->SellCex: -33.59 bps | Min Required: 10.00
2026-02-17 23:25:04 |INFO  |❌ WETH/USDC ignored: Spread too low.
2026-02-17 23:25:07 |INFO  |pair:WETH/USDC
2026-02-17 23:25:07 |INFO  |Generatiing signal for WETH/USDC...
2026-02-17 23:25:08 |INFO  |WETH/USDC Prices | CEX: 1975.69 | DEX: 1982.3395025481993
2026-02-17 23:25:08 |INFO  |📊 WETH/USDC Spreads | BuyCex->SellDex: -27.12 bps | BuyDex->SellCex: -33.59 bps | Min Required: 10.00
2026-02-17 23:25:08 |INFO  |❌ WETH/USDC ignored: Spread too low.
2026-02-17 23:25:10 |INFO  |pair:WETH/USDC
2026-02-17 23:25:10 |INFO  |Generatiing signal for WETH/USDC...
2026-02-17 23:25:11 |INFO  |WETH/USDC Prices | CEX: 1975.69 | DEX: 1982.3395025481993
2026-02-17 23:25:11 |INFO  |📊 WETH/USDC Spreads | BuyCex->SellDex: -27.12 bps | BuyDex->SellCex: -33.59 bps | Min Required: 10.00
2026-02-17 23:25:11 |INFO  |❌ WETH/USDC ignored: Spread too low.
2026-02-17 23:25:13 |INFO  |pair:WETH/USDC
2026-02-17 23:25:13 |INFO  |Generatiing signal for WETH/USDC...
2026-02-17 23:25:14 |INFO  |WETH/USDC Prices | CEX: 1976.16 | DEX: 1982.3395183170956
2026-02-17 23:25:14 |INFO  |📊 WETH/USDC Spreads | BuyCex->SellDex: -29.49 bps | BuyDex->SellCex: -31.22 bps | Min Required: 10.00
2026-02-17 23:25:14 |INFO  |❌ WETH/USDC ignored: Spread too low.
2026-02-17 23:25:16 |INFO  |pair:WETH/USDC
2026-02-17 23:25:16 |INFO  |Generatiing signal for WETH/USDC...
2026-02-17 23:25:16 |INFO  |WETH/USDC Prices | CEX: 1976.49 | DEX: 1982.3395293888739
2026-02-17 23:25:16 |INFO  |📊 WETH/USDC Spreads | BuyCex->SellDex: -31.16 bps | BuyDex->SellCex: -29.56 bps | Min Required: 10.00
2026-02-17 23:25:16 |INFO  |❌ WETH/USDC ignored: Spread too low.
2026-02-17 23:25:19 |INFO  |pair:WETH/USDC
2026-02-17 23:25:19 |INFO  |Generatiing signal for WETH/USDC...
2026-02-17 23:25:19 |INFO  |WETH/USDC Prices | CEX: 1976.64 | DEX: 1982.3395344215003
2026-02-17 23:25:19 |INFO  |📊 WETH/USDC Spreads | BuyCex->SellDex: -31.92 bps | BuyDex->SellCex: -28.80 bps | Min Required: 10.00
2026-02-17 23:25:19 |INFO  |❌ WETH/USDC ignored: Spread too low.
2026-02-17 23:25:21 |INFO  |pair:WETH/USDC
2026-02-17 23:25:21 |INFO  |Generatiing signal for WETH/USDC...
2026-02-17 23:25:21 |INFO  |WETH/USDC Prices | CEX: 1977.07 | DEX: 1982.3395488483625
2026-02-17 23:25:21 |INFO  |📊 WETH/USDC Spreads | BuyCex->SellDex: -34.08 bps | BuyDex->SellCex: -26.63 bps | Min Required: 10.00
2026-02-17 23:25:21 |INFO  |❌ WETH/USDC ignored: Spread too low.
2026-02-17 23:25:23 |INFO  |pair:WETH/USDC
2026-02-17 23:25:23 |INFO  |Generatiing signal for WETH/USDC...
2026-02-17 23:25:24 |INFO  |WETH/USDC Prices | CEX: 1976.89 | DEX: 1982.3395428092108
2026-02-17 23:25:24 |INFO  |📊 WETH/USDC Spreads | BuyCex->SellDex: -33.18 bps | BuyDex->SellCex: -27.54 bps | Min Required: 10.00
2026-02-17 23:25:24 |INFO  |❌ WETH/USDC ignored: Spread too low.
2026-02-17 23:25:26 |INFO  |pair:WETH/USDC
2026-02-17 23:25:26 |INFO  |Generatiing signal for WETH/USDC...
2026-02-17 23:25:26 |INFO  |WETH/USDC Prices | CEX: 1976.62 | DEX: 1982.3395337504835
2026-02-17 23:25:26 |INFO  |📊 WETH/USDC Spreads | BuyCex->SellDex: -31.81 bps | BuyDex->SellCex: -28.90 bps | Min Required: 10.00
2026-02-17 23:25:26 |INFO  |❌ WETH/USDC ignored: Spread too low.
2026-02-17 23:25:28 |INFO  |pair:WETH/USDC
2026-02-17 23:25:28 |INFO  |Generatiing signal for WETH/USDC...
2026-02-17 23:25:29 |INFO  |WETH/USDC Prices | CEX: 1976.76 | DEX: 1982.3395384476012
2026-02-17 23:25:29 |INFO  |📊 WETH/USDC Spreads | BuyCex->SellDex: -32.52 bps | BuyDex->SellCex: -28.20 bps | Min Required: 10.00
2026-02-17 23:25:29 |INFO  |❌ WETH/USDC ignored: Spread too low.
2026-02-17 23:25:30 |INFO  |pair:WETH/USDC
2026-02-17 23:25:30 |INFO  |Generatiing signal for WETH/USDC...
2026-02-17 23:25:31 |INFO  |WETH/USDC Prices | CEX: 1977.12 | DEX: 1982.3395505259045
2026-02-17 23:25:31 |INFO  |📊 WETH/USDC Spreads | BuyCex->SellDex: -34.34 bps | BuyDex->SellCex: -26.38 bps | Min Required: 10.00
2026-02-17 23:25:31 |INFO  |❌ WETH/USDC ignored: Spread too low.
2026-02-17 23:25:33 |INFO  |pair:WETH/USDC
2026-02-17 23:25:33 |INFO  |Generatiing signal for WETH/USDC...
2026-02-17 23:25:33 |INFO  |WETH/USDC Prices | CEX: 1977.28 | DEX: 1982.3395558940394
2026-02-17 23:25:33 |INFO  |📊 WETH/USDC Spreads | BuyCex->SellDex: -35.14 bps | BuyDex->SellCex: -25.57 bps | Min Required: 10.00
2026-02-17 23:25:33 |INFO  |❌ WETH/USDC ignored: Spread too low.
2026-02-17 23:25:35 |INFO  |pair:WETH/USDC
2026-02-17 23:25:35 |INFO  |Generatiing signal for WETH/USDC...
2026-02-17 23:25:36 |INFO  |WETH/USDC Prices | CEX: 1976.65 | DEX: 1982.3395347570086
2026-02-17 23:25:36 |INFO  |📊 WETH/USDC Spreads | BuyCex->SellDex: -31.97 bps | BuyDex->SellCex: -28.75 bps | Min Required: 10.00
2026-02-17 23:25:36 |INFO  |❌ WETH/USDC ignored: Spread too low.
2026-02-17 23:25:38 |INFO  |pair:WETH/USDC
2026-02-17 23:25:38 |INFO  |Generatiing signal for WETH/USDC...
2026-02-17 23:25:39 |INFO  |WETH/USDC Prices | CEX: 1976.65 | DEX: 1982.3395347570086
2026-02-17 23:25:39 |INFO  |📊 WETH/USDC Spreads | BuyCex->SellDex: -31.97 bps | BuyDex->SellCex: -28.75 bps | Min Required: 10.00
2026-02-17 23:25:39 |INFO  |❌ WETH/USDC ignored: Spread too low.
2026-02-17 23:25:41 |INFO  |pair:WETH/USDC
2026-02-17 23:25:41 |INFO  |Generatiing signal for WETH/USDC...
2026-02-17 23:25:41 |INFO  |WETH/USDC Prices | CEX: 1976.88 | DEX: 1982.339542473702
2026-02-17 23:25:41 |INFO  |📊 WETH/USDC Spreads | BuyCex->SellDex: -33.13 bps | BuyDex->SellCex: -27.59 bps | Min Required: 10.00
2026-02-17 23:25:41 |INFO  |❌ WETH/USDC ignored: Spread too low.
2026-02-17 23:25:43 |INFO  |pair:WETH/USDC
2026-02-17 23:25:43 |INFO  |Generatiing signal for WETH/USDC...
2026-02-17 23:25:43 |INFO  |WETH/USDC Prices | CEX: 1976.88 | DEX: 1982.339542473702
2026-02-17 23:25:43 |INFO  |📊 WETH/USDC Spreads | BuyCex->SellDex: -33.13 bps | BuyDex->SellCex: -27.59 bps | Min Required: 10.00
2026-02-17 23:25:43 |INFO  |❌ WETH/USDC ignored: Spread too low.
2026-02-17 23:25:45 |INFO  |pair:WETH/USDC
2026-02-17 23:25:45 |INFO  |Generatiing signal for WETH/USDC...
2026-02-17 23:25:46 |INFO  |WETH/USDC Prices | CEX: 1977.44 | DEX: 1982.3395612621741
2026-02-17 23:25:46 |INFO  |📊 WETH/USDC Spreads | BuyCex->SellDex: -35.95 bps | BuyDex->SellCex: -24.77 bps | Min Required: 10.00
2026-02-17 23:25:46 |INFO  |❌ WETH/USDC ignored: Spread too low.
2026-02-17 23:25:48 |INFO  |pair:WETH/USDC
2026-02-17 23:25:48 |INFO  |Generatiing signal for WETH/USDC...
2026-02-17 23:25:48 |INFO  |WETH/USDC Prices | CEX: 1977.44 | DEX: 1982.3395612621741
2026-02-17 23:25:48 |INFO  |📊 WETH/USDC Spreads | BuyCex->SellDex: -35.95 bps | BuyDex->SellCex: -24.77 bps | Min Required: 10.00
2026-02-17 23:25:48 |INFO  |❌ WETH/USDC ignored: Spread too low.
2026-02-17 23:25:50 |INFO  |pair:WETH/USDC
2026-02-17 23:25:50 |INFO  |Generatiing signal for WETH/USDC...
2026-02-17 23:25:51 |INFO  |WETH/USDC Prices | CEX: 1977.8 | DEX: 1982.3395733404773
2026-02-17 23:25:51 |INFO  |📊 WETH/USDC Spreads | BuyCex->SellDex: -37.76 bps | BuyDex->SellCex: -22.95 bps | Min Required: 10.00
2026-02-17 23:25:51 |INFO  |❌ WETH/USDC ignored: Spread too low.
2026-02-17 23:25:52 |INFO  |HEALTH | uptime=617s | last_trade=Nones | cb_open=false | pnl=$0.00 | limit_reached=false
2026-02-17 23:25:53 |INFO  |pair:WETH/USDC
2026-02-17 23:25:53 |INFO  |Generatiing signal for WETH/USDC...
2026-02-17 23:25:54 |INFO  |WETH/USDC Prices | CEX: 1977.8 | DEX: 1982.3395733404773
2026-02-17 23:25:54 |INFO  |📊 WETH/USDC Spreads | BuyCex->SellDex: -37.76 bps | BuyDex->SellCex: -22.95 bps | Min Required: 10.00
2026-02-17 23:25:54 |INFO  |❌ WETH/USDC ignored: Spread too low.
2026-02-17 23:25:55 |INFO  |pair:WETH/USDC
2026-02-17 23:25:55 |INFO  |Generatiing signal for WETH/USDC...
2026-02-17 23:25:56 |INFO  |WETH/USDC Prices | CEX: 1977.8 | DEX: 1982.3395733404773
2026-02-17 23:25:56 |INFO  |📊 WETH/USDC Spreads | BuyCex->SellDex: -37.76 bps | BuyDex->SellCex: -22.95 bps | Min Required: 10.00
2026-02-17 23:25:56 |INFO  |❌ WETH/USDC ignored: Spread too low.
2026-02-17 23:25:58 |INFO  |pair:WETH/USDC
2026-02-17 23:25:58 |INFO  |Generatiing signal for WETH/USDC...
2026-02-17 23:25:58 |INFO  |WETH/USDC Prices | CEX: 1977.8 | DEX: 1982.3395733404773
2026-02-17 23:25:58 |INFO  |📊 WETH/USDC Spreads | BuyCex->SellDex: -37.76 bps | BuyDex->SellCex: -22.95 bps | Min Required: 10.00
2026-02-17 23:25:58 |INFO  |❌ WETH/USDC ignored: Spread too low.
2026-02-17 23:26:00 |INFO  |pair:WETH/USDC
2026-02-17 23:26:00 |INFO  |Generatiing signal for WETH/USDC...
2026-02-17 23:26:21 |INFO  |WETH/USDC Prices | CEX: 1977.8 | DEX: 1982.3395733404773
2026-02-17 23:26:21 |INFO  |📊 WETH/USDC Spreads | BuyCex->SellDex: -37.76 bps | BuyDex->SellCex: -22.95 bps | Min Required: 10.00
2026-02-17 23:26:21 |INFO  |❌ WETH/USDC ignored: Spread too low.
2026-02-17 23:26:03 |INFO  |pair:WETH/USDC
2026-02-17 23:26:03 |INFO  |Generatiing signal for WETH/USDC...
2026-02-17 23:26:03 |INFO  |WETH/USDC Prices | CEX: 1977.29 | DEX: 1982.3395562295482
2026-02-17 23:26:03 |INFO  |📊 WETH/USDC Spreads | BuyCex->SellDex: -35.19 bps | BuyDex->SellCex: -25.52 bps | Min Required: 10.00
2026-02-17 23:26:03 |INFO  |❌ WETH/USDC ignored: Spread too low.
2026-02-17 23:26:05 |INFO  |pair:WETH/USDC
2026-02-17 23:26:05 |INFO  |Generatiing signal for WETH/USDC...
2026-02-17 23:26:06 |INFO  |WETH/USDC Prices | CEX: 1977.29 | DEX: 1982.3395562295482
2026-02-17 23:26:06 |INFO  |📊 WETH/USDC Spreads | BuyCex->SellDex: -35.19 bps | BuyDex->SellCex: -25.52 bps | Min Required: 10.00
2026-02-17 23:26:06 |INFO  |❌ WETH/USDC ignored: Spread too low.
2026-02-17 23:26:07 |INFO  |pair:WETH/USDC
2026-02-17 23:26:07 |INFO  |Generatiing signal for WETH/USDC...
2026-02-17 23:26:08 |INFO  |WETH/USDC Prices | CEX: 1977.21 | DEX: 1982.3395535454808
2026-02-17 23:26:08 |INFO  |📊 WETH/USDC Spreads | BuyCex->SellDex: -34.79 bps | BuyDex->SellCex: -25.93 bps | Min Required: 10.00
2026-02-17 23:26:08 |INFO  |❌ WETH/USDC ignored: Spread too low.
2026-02-17 23:26:10 |INFO  |pair:WETH/USDC
2026-02-17 23:26:10 |INFO  |Generatiing signal for WETH/USDC...
2026-02-17 23:26:10 |INFO  |WETH/USDC Prices | CEX: 1976.82 | DEX: 1982.3395404606517
2026-02-17 23:26:10 |INFO  |📊 WETH/USDC Spreads | BuyCex->SellDex: -32.82 bps | BuyDex->SellCex: -27.89 bps | Min Required: 10.00
2026-02-17 23:26:10 |INFO  |❌ WETH/USDC ignored: Spread too low.
2026-02-17 23:26:13 |INFO  |pair:WETH/USDC
2026-02-17 23:26:13 |INFO  |Generatiing signal for WETH/USDC...
2026-02-17 23:26:13 |INFO  |WETH/USDC Prices | CEX: 1977.09 | DEX: 1982.3395495193795
2026-02-17 23:26:13 |INFO  |📊 WETH/USDC Spreads | BuyCex->SellDex: -34.18 bps | BuyDex->SellCex: -26.53 bps | Min Required: 10.00
2026-02-17 23:26:13 |INFO  |❌ WETH/USDC ignored: Spread too low.
2026-02-17 23:26:15 |INFO  |pair:WETH/USDC
2026-02-17 23:26:15 |INFO  |Generatiing signal for WETH/USDC...
2026-02-17 23:26:15 |INFO  |WETH/USDC Prices | CEX: 1977.09 | DEX: 1982.3395495193795
2026-02-17 23:26:15 |INFO  |📊 WETH/USDC Spreads | BuyCex->SellDex: -34.18 bps | BuyDex->SellCex: -26.53 bps | Min Required: 10.00
2026-02-17 23:26:15 |INFO  |❌ WETH/USDC ignored: Spread too low.
2026-02-17 23:26:17 |INFO  |pair:WETH/USDC
2026-02-17 23:26:17 |INFO  |Generatiing signal for WETH/USDC...
2026-02-17 23:26:18 |INFO  |WETH/USDC Prices | CEX: 1976.92 | DEX: 1982.3395438157359
2026-02-17 23:26:18 |INFO  |📊 WETH/USDC Spreads | BuyCex->SellDex: -33.33 bps | BuyDex->SellCex: -27.39 bps | Min Required: 10.00
2026-02-17 23:26:18 |INFO  |❌ WETH/USDC ignored: Spread too low.
2026-02-17 23:26:20 |INFO  |pair:WETH/USDC
2026-02-17 23:26:20 |INFO  |Generatiing signal for WETH/USDC...
2026-02-17 23:26:20 |INFO  |WETH/USDC Prices | CEX: 1977.2 | DEX: 1982.339553209972
2026-02-17 23:26:20 |INFO  |📊 WETH/USDC Spreads | BuyCex->SellDex: -34.74 bps | BuyDex->SellCex: -25.98 bps | Min Required: 10.00
2026-02-17 23:26:20 |INFO  |❌ WETH/USDC ignored: Spread too low.
2026-02-17 23:26:22 |INFO  |pair:WETH/USDC
2026-02-17 23:26:22 |INFO  |Generatiing signal for WETH/USDC...
2026-02-17 23:26:22 |INFO  |WETH/USDC Prices | CEX: 1977.2 | DEX: 1982.339553209972
2026-02-17 23:26:22 |INFO  |📊 WETH/USDC Spreads | BuyCex->SellDex: -34.74 bps | BuyDex->SellCex: -25.98 bps | Min Required: 10.00
2026-02-17 23:26:22 |INFO  |❌ WETH/USDC ignored: Spread too low.
2026-02-17 23:26:24 |INFO  |pair:WETH/USDC
2026-02-17 23:26:24 |INFO  |Generatiing signal for WETH/USDC...
2026-02-17 23:26:25 |INFO  |WETH/USDC Prices | CEX: 1976.98 | DEX: 1982.3395458287866
2026-02-17 23:26:25 |INFO  |📊 WETH/USDC Spreads | BuyCex->SellDex: -33.63 bps | BuyDex->SellCex: -27.09 bps | Min Required: 10.00
2026-02-17 23:26:25 |INFO  |❌ WETH/USDC ignored: Spread too low.
2026-02-17 23:26:27 |INFO  |pair:WETH/USDC
2026-02-17 23:26:27 |INFO  |Generatiing signal for WETH/USDC...
2026-02-17 23:26:27 |INFO  |WETH/USDC Prices | CEX: 1976.98 | DEX: 1982.3395458287866
2026-02-17 23:26:27 |INFO  |📊 WETH/USDC Spreads | BuyCex->SellDex: -33.63 bps | BuyDex->SellCex: -27.09 bps | Min Required: 10.00
2026-02-17 23:26:27 |INFO  |❌ WETH/USDC ignored: Spread too low.
2026-02-17 23:26:29 |INFO  |pair:WETH/USDC
2026-02-17 23:26:29 |INFO  |Generatiing signal for WETH/USDC...
2026-02-17 23:26:29 |INFO  |WETH/USDC Prices | CEX: 1976.98 | DEX: 1982.3395458287866
2026-02-17 23:26:29 |INFO  |📊 WETH/USDC Spreads | BuyCex->SellDex: -33.63 bps | BuyDex->SellCex: -27.09 bps | Min Required: 10.00
2026-02-17 23:26:29 |INFO  |❌ WETH/USDC ignored: Spread too low.
2026-02-17 23:26:31 |INFO  |pair:WETH/USDC
2026-02-17 23:26:31 |INFO  |Generatiing signal for WETH/USDC...
2026-02-17 23:26:32 |INFO  |WETH/USDC Prices | CEX: 1977.09 | DEX: 1982.3395495193795
2026-02-17 23:26:32 |INFO  |📊 WETH/USDC Spreads | BuyCex->SellDex: -34.18 bps | BuyDex->SellCex: -26.53 bps | Min Required: 10.00
2026-02-17 23:26:32 |INFO  |❌ WETH/USDC ignored: Spread too low.
2026-02-17 23:26:34 |INFO  |pair:WETH/USDC
2026-02-17 23:26:34 |INFO  |Generatiing signal for WETH/USDC...
2026-02-17 23:26:34 |INFO  |WETH/USDC Prices | CEX: 1977.09 | DEX: 1982.3395495193795
2026-02-17 23:26:34 |INFO  |📊 WETH/USDC Spreads | BuyCex->SellDex: -34.18 bps | BuyDex->SellCex: -26.53 bps | Min Required: 10.00
2026-02-17 23:26:34 |INFO  |❌ WETH/USDC ignored: Spread too low.
2026-02-17 23:26:36 |INFO  |pair:WETH/USDC
2026-02-17 23:26:36 |INFO  |Generatiing signal for WETH/USDC...
2026-02-17 23:26:37 |INFO  |WETH/USDC Prices | CEX: 1977.44 | DEX: 1982.3395612621741
2026-02-17 23:26:37 |INFO  |📊 WETH/USDC Spreads | BuyCex->SellDex: -35.95 bps | BuyDex->SellCex: -24.77 bps | Min Required: 10.00
2026-02-17 23:26:37 |INFO  |❌ WETH/USDC ignored: Spread too low.
2026-02-17 23:26:39 |INFO  |pair:WETH/USDC
2026-02-17 23:26:39 |INFO  |Generatiing signal for WETH/USDC...
2026-02-17 23:26:39 |INFO  |WETH/USDC Prices | CEX: 1977.44 | DEX: 1982.3395612621741
2026-02-17 23:26:39 |INFO  |📊 WETH/USDC Spreads | BuyCex->SellDex: -35.95 bps | BuyDex->SellCex: -24.77 bps | Min Required: 10.00
2026-02-17 23:26:39 |INFO  |❌ WETH/USDC ignored: Spread too low.
2026-02-17 23:26:41 |INFO  |pair:WETH/USDC
2026-02-17 23:26:41 |INFO  |Generatiing signal for WETH/USDC...
2026-02-17 23:26:42 |INFO  |WETH/USDC Prices | CEX: 1977.6 | DEX: 1982.3395666303093
2026-02-17 23:26:42 |INFO  |📊 WETH/USDC Spreads | BuyCex->SellDex: -36.75 bps | BuyDex->SellCex: -23.96 bps | Min Required: 10.00
2026-02-17 23:26:42 |INFO  |❌ WETH/USDC ignored: Spread too low.
2026-02-17 23:26:44 |INFO  |pair:WETH/USDC
2026-02-17 23:26:44 |INFO  |Generatiing signal for WETH/USDC...
2026-02-17 23:26:44 |INFO  |WETH/USDC Prices | CEX: 1977.6 | DEX: 1982.3395666303093
2026-02-17 23:26:44 |INFO  |📊 WETH/USDC Spreads | BuyCex->SellDex: -36.75 bps | BuyDex->SellCex: -23.96 bps | Min Required: 10.00
2026-02-17 23:26:44 |INFO  |❌ WETH/USDC ignored: Spread too low.
2026-02-17 23:26:46 |INFO  |pair:WETH/USDC
2026-02-17 23:26:46 |INFO  |Generatiing signal for WETH/USDC...
2026-02-17 23:26:47 |INFO  |WETH/USDC Prices | CEX: 1977.68 | DEX: 1982.3395693143766
2026-02-17 23:26:47 |INFO  |📊 WETH/USDC Spreads | BuyCex->SellDex: -37.16 bps | BuyDex->SellCex: -23.56 bps | Min Required: 10.00
2026-02-17 23:26:47 |INFO  |❌ WETH/USDC ignored: Spread too low.
2026-02-17 23:26:48 |INFO  |pair:WETH/USDC
2026-02-17 23:26:48 |INFO  |Generatiing signal for WETH/USDC...
2026-02-17 23:26:49 |INFO  |WETH/USDC Prices | CEX: 1977.68 | DEX: 1982.3395693143766
2026-02-17 23:26:49 |INFO  |📊 WETH/USDC Spreads | BuyCex->SellDex: -37.16 bps | BuyDex->SellCex: -23.56 bps | Min Required: 10.00
2026-02-17 23:26:49 |INFO  |❌ WETH/USDC ignored: Spread too low.
2026-02-17 23:26:51 |INFO  |pair:WETH/USDC
2026-02-17 23:26:51 |INFO  |Generatiing signal for WETH/USDC...
2026-02-17 23:26:52 |INFO  |WETH/USDC Prices | CEX: 1977.68 | DEX: 1982.3395693143766
2026-02-17 23:26:52 |INFO  |📊 WETH/USDC Spreads | BuyCex->SellDex: -37.16 bps | BuyDex->SellCex: -23.56 bps | Min Required: 10.00
2026-02-17 23:26:52 |INFO  |❌ WETH/USDC ignored: Spread too low.
2026-02-17 23:26:53 |INFO  |HEALTH | uptime=678s | last_trade=Nones | cb_open=false | pnl=$0.00 | limit_reached=false
2026-02-17 23:26:54 |INFO  |pair:WETH/USDC
2026-02-17 23:26:54 |INFO  |Generatiing signal for WETH/USDC...
2026-02-17 23:26:54 |INFO  |WETH/USDC Prices | CEX: 1977.68 | DEX: 1982.3395693143766
2026-02-17 23:26:54 |INFO  |📊 WETH/USDC Spreads | BuyCex->SellDex: -37.16 bps | BuyDex->SellCex: -23.56 bps | Min Required: 10.00
2026-02-17 23:26:54 |INFO  |❌ WETH/USDC ignored: Spread too low.
2026-02-17 23:26:56 |INFO  |pair:WETH/USDC
2026-02-17 23:26:56 |INFO  |Generatiing signal for WETH/USDC...
2026-02-17 23:26:57 |INFO  |WETH/USDC Prices | CEX: 1977.68 | DEX: 1982.3395693143766
2026-02-17 23:26:57 |INFO  |📊 WETH/USDC Spreads | BuyCex->SellDex: -37.16 bps | BuyDex->SellCex: -23.56 bps | Min Required: 10.00
2026-02-17 23:26:57 |INFO  |❌ WETH/USDC ignored: Spread too low.
2026-02-17 23:26:59 |INFO  |pair:WETH/USDC
2026-02-17 23:26:59 |INFO  |Generatiing signal for WETH/USDC...
2026-02-17 23:26:59 |INFO  |WETH/USDC Prices | CEX: 1977.68 | DEX: 1982.3395693143766
2026-02-17 23:26:59 |INFO  |📊 WETH/USDC Spreads | BuyCex->SellDex: -37.16 bps | BuyDex->SellCex: -23.56 bps | Min Required: 10.00
2026-02-17 23:26:59 |INFO  |❌ WETH/USDC ignored: Spread too low.
2026-02-17 23:27:21 |INFO  |pair:WETH/USDC
2026-02-17 23:27:21 |INFO  |Generatiing signal for WETH/USDC...
2026-02-17 23:27:02 |INFO  |WETH/USDC Prices | CEX: 1977.45 | DEX: 1982.3395615976829
2026-02-17 23:27:02 |INFO  |📊 WETH/USDC Spreads | BuyCex->SellDex: -36.00 bps | BuyDex->SellCex: -24.72 bps | Min Required: 10.00
2026-02-17 23:27:02 |INFO  |❌ WETH/USDC ignored: Spread too low.
2026-02-17 23:27:04 |INFO  |pair:WETH/USDC
2026-02-17 23:27:04 |INFO  |Generatiing signal for WETH/USDC...
2026-02-17 23:27:05 |INFO  |WETH/USDC Prices | CEX: 1977.37 | DEX: 1982.3395589136155
2026-02-17 23:27:05 |INFO  |📊 WETH/USDC Spreads | BuyCex->SellDex: -35.60 bps | BuyDex->SellCex: -25.12 bps | Min Required: 10.00
2026-02-17 23:27:05 |INFO  |❌ WETH/USDC ignored: Spread too low.
2026-02-17 23:27:07 |INFO  |pair:WETH/USDC
2026-02-17 23:27:07 |INFO  |Generatiing signal for WETH/USDC...
2026-02-17 23:27:08 |INFO  |WETH/USDC Prices | CEX: 1977.05 | DEX: 1982.3395481773457
2026-02-17 23:27:08 |INFO  |📊 WETH/USDC Spreads | BuyCex->SellDex: -33.98 bps | BuyDex->SellCex: -26.73 bps | Min Required: 10.00
2026-02-17 23:27:08 |INFO  |❌ WETH/USDC ignored: Spread too low.
2026-02-17 23:27:11 |INFO  |pair:WETH/USDC
2026-02-17 23:27:11 |INFO  |Generatiing signal for WETH/USDC...
2026-02-17 23:27:11 |INFO  |WETH/USDC Prices | CEX: 1976.97 | DEX: 1982.339545493278
2026-02-17 23:27:11 |INFO  |📊 WETH/USDC Spreads | BuyCex->SellDex: -33.58 bps | BuyDex->SellCex: -27.14 bps | Min Required: 10.00
2026-02-17 23:27:11 |INFO  |❌ WETH/USDC ignored: Spread too low.
2026-02-17 23:27:14 |INFO  |pair:WETH/USDC
2026-02-17 23:27:14 |INFO  |Generatiing signal for WETH/USDC...
2026-02-17 23:27:14 |INFO  |WETH/USDC Prices | CEX: 1976.97 | DEX: 1982.339545493278
2026-02-17 23:27:14 |INFO  |📊 WETH/USDC Spreads | BuyCex->SellDex: -33.58 bps | BuyDex->SellCex: -27.14 bps | Min Required: 10.00
2026-02-17 23:27:14 |INFO  |❌ WETH/USDC ignored: Spread too low.
2026-02-17 23:27:16 |INFO  |pair:WETH/USDC
2026-02-17 23:27:16 |INFO  |Generatiing signal for WETH/USDC...
2026-02-17 23:27:17 |INFO  |WETH/USDC Prices | CEX: 1976.97 | DEX: 1982.339545493278
2026-02-17 23:27:17 |INFO  |📊 WETH/USDC Spreads | BuyCex->SellDex: -33.58 bps | BuyDex->SellCex: -27.14 bps | Min Required: 10.00
2026-02-17 23:27:17 |INFO  |❌ WETH/USDC ignored: Spread too low.
2026-02-17 23:27:20 |INFO  |pair:WETH/USDC
2026-02-17 23:27:20 |INFO  |Generatiing signal for WETH/USDC...
2026-02-17 23:27:20 |INFO  |WETH/USDC Prices | CEX: 1976.97 | DEX: 1982.339545493278
2026-02-17 23:27:20 |INFO  |📊 WETH/USDC Spreads | BuyCex->SellDex: -33.58 bps | BuyDex->SellCex: -27.14 bps | Min Required: 10.00
2026-02-17 23:27:20 |INFO  |❌ WETH/USDC ignored: Spread too low.
2026-02-17 23:27:22 |INFO  |pair:WETH/USDC
2026-02-17 23:27:22 |INFO  |Generatiing signal for WETH/USDC...
2026-02-17 23:27:22 |INFO  |WETH/USDC Prices | CEX: 1976.92 | DEX: 1982.3395438157359
2026-02-17 23:27:22 |INFO  |📊 WETH/USDC Spreads | BuyCex->SellDex: -33.33 bps | BuyDex->SellCex: -27.39 bps | Min Required: 10.00
2026-02-17 23:27:22 |INFO  |❌ WETH/USDC ignored: Spread too low.
2026-02-17 23:27:24 |INFO  |pair:WETH/USDC
2026-02-17 23:27:24 |INFO  |Generatiing signal for WETH/USDC...
2026-02-17 23:27:25 |INFO  |WETH/USDC Prices | CEX: 1976.92 | DEX: 1982.3395438157359
2026-02-17 23:27:25 |INFO  |📊 WETH/USDC Spreads | BuyCex->SellDex: -33.33 bps | BuyDex->SellCex: -27.39 bps | Min Required: 10.00
2026-02-17 23:27:25 |INFO  |❌ WETH/USDC ignored: Spread too low.
2026-02-17 23:27:27 |INFO  |pair:WETH/USDC
2026-02-17 23:27:27 |INFO  |Generatiing signal for WETH/USDC...
2026-02-17 23:27:27 |INFO  |WETH/USDC Prices | CEX: 1976.89 | DEX: 1982.3395428092108
2026-02-17 23:27:27 |INFO  |📊 WETH/USDC Spreads | BuyCex->SellDex: -33.18 bps | BuyDex->SellCex: -27.54 bps | Min Required: 10.00
2026-02-17 23:27:27 |INFO  |❌ WETH/USDC ignored: Spread too low.
2026-02-17 23:27:29 |INFO  |pair:WETH/USDC
2026-02-17 23:27:29 |INFO  |Generatiing signal for WETH/USDC...
2026-02-17 23:27:29 |INFO  |WETH/USDC Prices | CEX: 1976.89 | DEX: 1982.3395428092108
2026-02-17 23:27:29 |INFO  |📊 WETH/USDC Spreads | BuyCex->SellDex: -33.18 bps | BuyDex->SellCex: -27.54 bps | Min Required: 10.00
2026-02-17 23:27:29 |INFO  |❌ WETH/USDC ignored: Spread too low.
2026-02-17 23:27:31 |INFO  |pair:WETH/USDC
2026-02-17 23:27:31 |INFO  |Generatiing signal for WETH/USDC...
2026-02-17 23:27:32 |INFO  |WETH/USDC Prices | CEX: 1976.57 | DEX: 1982.3395320729417
2026-02-17 23:27:32 |INFO  |📊 WETH/USDC Spreads | BuyCex->SellDex: -31.56 bps | BuyDex->SellCex: -29.16 bps | Min Required: 10.00
2026-02-17 23:27:32 |INFO  |❌ WETH/USDC ignored: Spread too low.
2026-02-17 23:27:34 |INFO  |pair:WETH/USDC
2026-02-17 23:27:34 |INFO  |Generatiing signal for WETH/USDC...
2026-02-17 23:27:34 |INFO  |WETH/USDC Prices | CEX: 1976.57 | DEX: 1982.3395320729417
2026-02-17 23:27:34 |INFO  |📊 WETH/USDC Spreads | BuyCex->SellDex: -31.56 bps | BuyDex->SellCex: -29.16 bps | Min Required: 10.00
2026-02-17 23:27:34 |INFO  |❌ WETH/USDC ignored: Spread too low.
2026-02-17 23:27:36 |INFO  |pair:WETH/USDC
2026-02-17 23:27:36 |INFO  |Generatiing signal for WETH/USDC...
2026-02-17 23:27:36 |INFO  |WETH/USDC Prices | CEX: 1976.41 | DEX: 1982.3395267048063
2026-02-17 23:27:36 |INFO  |📊 WETH/USDC Spreads | BuyCex->SellDex: -30.76 bps | BuyDex->SellCex: -29.96 bps | Min Required: 10.00
2026-02-17 23:27:36 |INFO  |❌ WETH/USDC ignored: Spread too low.
2026-02-17 23:27:38 |INFO  |pair:WETH/USDC
2026-02-17 23:27:38 |INFO  |Generatiing signal for WETH/USDC...
2026-02-17 23:27:38 |INFO  |WETH/USDC Prices | CEX: 1976.12 | DEX: 1982.3395169683515
2026-02-17 23:27:38 |INFO  |📊 WETH/USDC Spreads | BuyCex->SellDex: -29.29 bps | BuyDex->SellCex: -31.43 bps | Min Required: 10.00
2026-02-17 23:27:38 |INFO  |❌ WETH/USDC ignored: Spread too low.
2026-02-17 23:27:40 |INFO  |pair:WETH/USDC
2026-02-17 23:27:40 |INFO  |Generatiing signal for WETH/USDC...
2026-02-17 23:27:41 |INFO  |WETH/USDC Prices | CEX: 1975.45 | DEX: 1982.3394944959978
2026-02-17 23:27:41 |INFO  |📊 WETH/USDC Spreads | BuyCex->SellDex: -25.91 bps | BuyDex->SellCex: -34.80 bps | Min Required: 10.00
2026-02-17 23:27:41 |INFO  |❌ WETH/USDC ignored: Spread too low.
2026-02-17 23:27:43 |INFO  |pair:WETH/USDC
2026-02-17 23:27:43 |INFO  |Generatiing signal for WETH/USDC...
2026-02-17 23:27:43 |INFO  |WETH/USDC Prices | CEX: 1974.78 | DEX: 1982.339472016933
2026-02-17 23:27:43 |INFO  |📊 WETH/USDC Spreads | BuyCex->SellDex: -22.53 bps | BuyDex->SellCex: -38.18 bps | Min Required: 10.00
2026-02-17 23:27:43 |INFO  |❌ WETH/USDC ignored: Spread too low.
2026-02-17 23:27:45 |INFO  |pair:WETH/USDC
2026-02-17 23:27:45 |INFO  |Generatiing signal for WETH/USDC...
2026-02-17 23:27:45 |INFO  |WETH/USDC Prices | CEX: 1974.23 | DEX: 1982.3394535639693
2026-02-17 23:27:45 |INFO  |📊 WETH/USDC Spreads | BuyCex->SellDex: -19.75 bps | BuyDex->SellCex: -40.96 bps | Min Required: 10.00
2026-02-17 23:27:45 |INFO  |❌ WETH/USDC ignored: Spread too low.
2026-02-17 23:27:47 |INFO  |pair:WETH/USDC
2026-02-17 23:27:47 |INFO  |Generatiing signal for WETH/USDC...
2026-02-17 23:27:47 |INFO  |WETH/USDC Prices | CEX: 1973.47 | DEX: 1982.3394280653288
2026-02-17 23:27:47 |INFO  |📊 WETH/USDC Spreads | BuyCex->SellDex: -15.90 bps | BuyDex->SellCex: -44.79 bps | Min Required: 10.00
2026-02-17 23:27:47 |INFO  |❌ WETH/USDC ignored: Spread too low.
2026-02-17 23:27:49 |INFO  |pair:WETH/USDC
2026-02-17 23:27:49 |INFO  |Generatiing signal for WETH/USDC...
2026-02-17 23:27:50 |INFO  |WETH/USDC Prices | CEX: 1973.47 | DEX: 1982.3394280653288
2026-02-17 23:27:50 |INFO  |📊 WETH/USDC Spreads | BuyCex->SellDex: -15.90 bps | BuyDex->SellCex: -44.79 bps | Min Required: 10.00
2026-02-17 23:27:50 |INFO  |❌ WETH/USDC ignored: Spread too low.
2026-02-17 23:27:52 |INFO  |pair:WETH/USDC
2026-02-17 23:27:52 |INFO  |Generatiing signal for WETH/USDC...
2026-02-17 23:27:52 |INFO  |WETH/USDC Prices | CEX: 1974.2 | DEX: 1982.339452557444
2026-02-17 23:27:52 |INFO  |📊 WETH/USDC Spreads | BuyCex->SellDex: -19.60 bps | BuyDex->SellCex: -41.11 bps | Min Required: 10.00
2026-02-17 23:27:52 |INFO  |❌ WETH/USDC ignored: Spread too low.
2026-02-17 23:27:53 |INFO  |HEALTH | uptime=739s | last_trade=Nones | cb_open=false | pnl=$0.00 | limit_reached=false
2026-02-17 23:27:54 |INFO  |pair:WETH/USDC
2026-02-17 23:27:54 |INFO  |Generatiing signal for WETH/USDC...
2026-02-17 23:27:55 |INFO  |WETH/USDC Prices | CEX: 1974.23 | DEX: 1982.3394535639693
2026-02-17 23:27:55 |INFO  |📊 WETH/USDC Spreads | BuyCex->SellDex: -19.75 bps | BuyDex->SellCex: -40.96 bps | Min Required: 10.00
2026-02-17 23:27:55 |INFO  |❌ WETH/USDC ignored: Spread too low.
2026-02-17 23:27:57 |INFO  |pair:WETH/USDC
2026-02-17 23:27:57 |INFO  |Generatiing signal for WETH/USDC...
2026-02-17 23:27:58 |INFO  |WETH/USDC Prices | CEX: 1974.23 | DEX: 1982.3394535639693
2026-02-17 23:27:58 |INFO  |📊 WETH/USDC Spreads | BuyCex->SellDex: -19.75 bps | BuyDex->SellCex: -40.96 bps | Min Required: 10.00
2026-02-17 23:27:58 |INFO  |❌ WETH/USDC ignored: Spread too low.
2026-02-17 23:28:00 |INFO  |pair:WETH/USDC
2026-02-17 23:28:00 |INFO  |Generatiing signal for WETH/USDC...
2026-02-17 23:28:21 |INFO  |WETH/USDC Prices | CEX: 1974.29 | DEX: 1982.33945557702
2026-02-17 23:28:21 |INFO  |📊 WETH/USDC Spreads | BuyCex->SellDex: -20.05 bps | BuyDex->SellCex: -40.66 bps | Min Required: 10.00
2026-02-17 23:28:21 |INFO  |❌ WETH/USDC ignored: Spread too low.
2026-02-17 23:28:03 |INFO  |pair:WETH/USDC
2026-02-17 23:28:03 |INFO  |Generatiing signal for WETH/USDC...
2026-02-17 23:28:03 |INFO  |WETH/USDC Prices | CEX: 1974.29 | DEX: 1982.33945557702
2026-02-17 23:28:03 |INFO  |📊 WETH/USDC Spreads | BuyCex->SellDex: -20.05 bps | BuyDex->SellCex: -40.66 bps | Min Required: 10.00
2026-02-17 23:28:03 |INFO  |❌ WETH/USDC ignored: Spread too low.
2026-02-17 23:28:06 |INFO  |pair:WETH/USDC
2026-02-17 23:28:06 |INFO  |Generatiing signal for WETH/USDC...
2026-02-17 23:28:06 |INFO  |WETH/USDC Prices | CEX: 1974.4 | DEX: 1982.3394592676125
2026-02-17 23:28:06 |INFO  |📊 WETH/USDC Spreads | BuyCex->SellDex: -20.61 bps | BuyDex->SellCex: -40.10 bps | Min Required: 10.00
2026-02-17 23:28:06 |INFO  |❌ WETH/USDC ignored: Spread too low.
2026-02-17 23:28:08 |INFO  |pair:WETH/USDC
2026-02-17 23:28:08 |INFO  |Generatiing signal for WETH/USDC...
2026-02-17 23:28:09 |INFO  |WETH/USDC Prices | CEX: 1974.4 | DEX: 1982.3394592676125
2026-02-17 23:28:09 |INFO  |📊 WETH/USDC Spreads | BuyCex->SellDex: -20.61 bps | BuyDex->SellCex: -40.10 bps | Min Required: 10.00
2026-02-17 23:28:09 |INFO  |❌ WETH/USDC ignored: Spread too low.
2026-02-17 23:28:11 |INFO  |pair:WETH/USDC
2026-02-17 23:28:11 |INFO  |Generatiing signal for WETH/USDC...
2026-02-17 23:28:11 |INFO  |WETH/USDC Prices | CEX: 1974.4 | DEX: 1982.3394592676125
2026-02-17 23:28:11 |INFO  |📊 WETH/USDC Spreads | BuyCex->SellDex: -20.61 bps | BuyDex->SellCex: -40.10 bps | Min Required: 10.00
2026-02-17 23:28:11 |INFO  |❌ WETH/USDC ignored: Spread too low.
2026-02-17 23:28:13 |INFO  |pair:WETH/USDC
2026-02-17 23:28:13 |INFO  |Generatiing signal for WETH/USDC...
2026-02-17 23:28:14 |INFO  |WETH/USDC Prices | CEX: 1974.4 | DEX: 1982.3394592676125
2026-02-17 23:28:14 |INFO  |📊 WETH/USDC Spreads | BuyCex->SellDex: -20.61 bps | BuyDex->SellCex: -40.10 bps | Min Required: 10.00
2026-02-17 23:28:14 |INFO  |❌ WETH/USDC ignored: Spread too low.
2026-02-17 23:28:16 |INFO  |pair:WETH/USDC
2026-02-17 23:28:16 |INFO  |Generatiing signal for WETH/USDC...
2026-02-17 23:28:16 |INFO  |WETH/USDC Prices | CEX: 1973.93 | DEX: 1982.3394434987167
2026-02-17 23:28:16 |INFO  |📊 WETH/USDC Spreads | BuyCex->SellDex: -18.23 bps | BuyDex->SellCex: -42.47 bps | Min Required: 10.00
2026-02-17 23:28:16 |INFO  |❌ WETH/USDC ignored: Spread too low.
2026-02-17 23:28:19 |INFO  |pair:WETH/USDC
2026-02-17 23:28:19 |INFO  |Generatiing signal for WETH/USDC...
2026-02-17 23:28:19 |INFO  |WETH/USDC Prices | CEX: 1973.74 | DEX: 1982.3394371240563
2026-02-17 23:28:19 |INFO  |📊 WETH/USDC Spreads | BuyCex->SellDex: -17.27 bps | BuyDex->SellCex: -43.43 bps | Min Required: 10.00
2026-02-17 23:28:19 |INFO  |❌ WETH/USDC ignored: Spread too low.
2026-02-17 23:28:21 |INFO  |pair:WETH/USDC
2026-02-17 23:28:21 |INFO  |Generatiing signal for WETH/USDC...
2026-02-17 23:28:21 |INFO  |WETH/USDC Prices | CEX: 1973.99 | DEX: 1982.3394455117673
2026-02-17 23:28:21 |INFO  |📊 WETH/USDC Spreads | BuyCex->SellDex: -18.53 bps | BuyDex->SellCex: -42.17 bps | Min Required: 10.00
2026-02-17 23:28:21 |INFO  |❌ WETH/USDC ignored: Spread too low.
2026-02-17 23:28:23 |INFO  |pair:WETH/USDC
2026-02-17 23:28:23 |INFO  |Generatiing signal for WETH/USDC...
2026-02-17 23:28:24 |INFO  |WETH/USDC Prices | CEX: 1973.99 | DEX: 1982.3394455117673
2026-02-17 23:28:24 |INFO  |📊 WETH/USDC Spreads | BuyCex->SellDex: -18.53 bps | BuyDex->SellCex: -42.17 bps | Min Required: 10.00
2026-02-17 23:28:24 |INFO  |❌ WETH/USDC ignored: Spread too low.
2026-02-17 23:28:26 |INFO  |pair:WETH/USDC
2026-02-17 23:28:26 |INFO  |Generatiing signal for WETH/USDC...
2026-02-17 23:28:27 |INFO  |WETH/USDC Prices | CEX: 1973.99 | DEX: 1982.3394455117673
2026-02-17 23:28:27 |INFO  |📊 WETH/USDC Spreads | BuyCex->SellDex: -18.53 bps | BuyDex->SellCex: -42.17 bps | Min Required: 10.00
2026-02-17 23:28:27 |INFO  |❌ WETH/USDC ignored: Spread too low.
2026-02-17 23:28:29 |INFO  |pair:WETH/USDC
2026-02-17 23:28:29 |INFO  |Generatiing signal for WETH/USDC...
2026-02-17 23:28:29 |INFO  |WETH/USDC Prices | CEX: 1973.99 | DEX: 1982.3394455117673
2026-02-17 23:28:29 |INFO  |📊 WETH/USDC Spreads | BuyCex->SellDex: -18.53 bps | BuyDex->SellCex: -42.17 bps | Min Required: 10.00
2026-02-17 23:28:29 |INFO  |❌ WETH/USDC ignored: Spread too low.
2026-02-17 23:28:31 |INFO  |pair:WETH/USDC
2026-02-17 23:28:31 |INFO  |Generatiing signal for WETH/USDC...
2026-02-17 23:28:31 |INFO  |WETH/USDC Prices | CEX: 1973.99 | DEX: 1982.3394455117673
2026-02-17 23:28:31 |INFO  |📊 WETH/USDC Spreads | BuyCex->SellDex: -18.53 bps | BuyDex->SellCex: -42.17 bps | Min Required: 10.00
2026-02-17 23:28:31 |INFO  |❌ WETH/USDC ignored: Spread too low.
2026-02-17 23:28:33 |INFO  |pair:WETH/USDC
2026-02-17 23:28:33 |INFO  |Generatiing signal for WETH/USDC...
2026-02-17 23:28:34 |INFO  |WETH/USDC Prices | CEX: 1973.99 | DEX: 1982.3394455117673
2026-02-17 23:28:34 |INFO  |📊 WETH/USDC Spreads | BuyCex->SellDex: -18.53 bps | BuyDex->SellCex: -42.17 bps | Min Required: 10.00
2026-02-17 23:28:34 |INFO  |❌ WETH/USDC ignored: Spread too low.
2026-02-17 23:28:36 |INFO  |pair:WETH/USDC
2026-02-17 23:28:36 |INFO  |Generatiing signal for WETH/USDC...
2026-02-17 23:28:36 |INFO  |WETH/USDC Prices | CEX: 1974.15 | DEX: 1982.3394508799022
2026-02-17 23:28:36 |INFO  |📊 WETH/USDC Spreads | BuyCex->SellDex: -19.34 bps | BuyDex->SellCex: -41.36 bps | Min Required: 10.00
2026-02-17 23:28:36 |INFO  |❌ WETH/USDC ignored: Spread too low.
2026-02-17 23:28:39 |INFO  |pair:WETH/USDC
2026-02-17 23:28:39 |INFO  |Generatiing signal for WETH/USDC...
2026-02-17 23:28:39 |INFO  |WETH/USDC Prices | CEX: 1973.81 | DEX: 1982.3394394659053
2026-02-17 23:28:39 |INFO  |📊 WETH/USDC Spreads | BuyCex->SellDex: -17.62 bps | BuyDex->SellCex: -43.08 bps | Min Required: 10.00
2026-02-17 23:28:39 |INFO  |❌ WETH/USDC ignored: Spread too low.
2026-02-17 23:28:41 |INFO  |pair:WETH/USDC
2026-02-17 23:28:41 |INFO  |Generatiing signal for WETH/USDC...
2026-02-17 23:28:41 |INFO  |WETH/USDC Prices | CEX: 1973.77 | DEX: 1982.3394381305818
2026-02-17 23:28:41 |INFO  |📊 WETH/USDC Spreads | BuyCex->SellDex: -17.42 bps | BuyDex->SellCex: -43.28 bps | Min Required: 10.00
2026-02-17 23:28:41 |INFO  |❌ WETH/USDC ignored: Spread too low.
2026-02-17 23:28:43 |INFO  |pair:WETH/USDC
2026-02-17 23:28:43 |INFO  |Generatiing signal for WETH/USDC...
2026-02-17 23:28:44 |INFO  |WETH/USDC Prices | CEX: 1973.77 | DEX: 1982.3394381305818
2026-02-17 23:28:44 |INFO  |📊 WETH/USDC Spreads | BuyCex->SellDex: -17.42 bps | BuyDex->SellCex: -43.28 bps | Min Required: 10.00
2026-02-17 23:28:44 |INFO  |❌ WETH/USDC ignored: Spread too low.
2026-02-17 23:28:46 |INFO  |pair:WETH/USDC
2026-02-17 23:28:46 |INFO  |Generatiing signal for WETH/USDC...
2026-02-17 23:28:47 |INFO  |WETH/USDC Prices | CEX: 1973.69 | DEX: 1982.3394354465142
2026-02-17 23:28:47 |INFO  |📊 WETH/USDC Spreads | BuyCex->SellDex: -17.02 bps | BuyDex->SellCex: -43.68 bps | Min Required: 10.00
2026-02-17 23:28:47 |INFO  |❌ WETH/USDC ignored: Spread too low.
2026-02-17 23:28:48 |INFO  |pair:WETH/USDC
2026-02-17 23:28:48 |INFO  |Generatiing signal for WETH/USDC...
2026-02-17 23:28:49 |INFO  |WETH/USDC Prices | CEX: 1973.67 | DEX: 1982.3394347754972
2026-02-17 23:28:49 |INFO  |📊 WETH/USDC Spreads | BuyCex->SellDex: -16.92 bps | BuyDex->SellCex: -43.78 bps | Min Required: 10.00
2026-02-17 23:28:49 |INFO  |❌ WETH/USDC ignored: Spread too low.
2026-02-17 23:28:51 |INFO  |pair:WETH/USDC
2026-02-17 23:28:51 |INFO  |Generatiing signal for WETH/USDC...
2026-02-17 23:28:51 |INFO  |WETH/USDC Prices | CEX: 1973.67 | DEX: 1982.3394347754972
2026-02-17 23:28:51 |INFO  |📊 WETH/USDC Spreads | BuyCex->SellDex: -16.92 bps | BuyDex->SellCex: -43.78 bps | Min Required: 10.00
2026-02-17 23:28:51 |INFO  |❌ WETH/USDC ignored: Spread too low.
2026-02-17 23:28:53 |INFO  |pair:WETH/USDC
2026-02-17 23:28:53 |INFO  |Generatiing signal for WETH/USDC...
2026-02-17 23:28:54 |INFO  |WETH/USDC Prices | CEX: 1973.73 | DEX: 1982.3394367885478
2026-02-17 23:28:54 |INFO  |📊 WETH/USDC Spreads | BuyCex->SellDex: -17.22 bps | BuyDex->SellCex: -43.48 bps | Min Required: 10.00
2026-02-17 23:28:54 |INFO  |❌ WETH/USDC ignored: Spread too low.
2026-02-17 23:28:55 |INFO  |HEALTH | uptime=801s | last_trade=Nones | cb_open=false | pnl=$0.00 | limit_reached=false
2026-02-17 23:28:57 |INFO  |pair:WETH/USDC
2026-02-17 23:28:57 |INFO  |Generatiing signal for WETH/USDC...
2026-02-17 23:28:57 |INFO  |WETH/USDC Prices | CEX: 1973.32 | DEX: 1982.3394230327026
2026-02-17 23:28:57 |INFO  |📊 WETH/USDC Spreads | BuyCex->SellDex: -15.15 bps | BuyDex->SellCex: -45.55 bps | Min Required: 10.00
2026-02-17 23:28:57 |INFO  |❌ WETH/USDC ignored: Spread too low.
2026-02-17 23:28:59 |INFO  |pair:WETH/USDC
2026-02-17 23:28:59 |INFO  |Generatiing signal for WETH/USDC...
2026-02-17 23:29:00 |INFO  |WETH/USDC Prices | CEX: 1973.32 | DEX: 1982.3394230327026
2026-02-17 23:29:00 |INFO  |📊 WETH/USDC Spreads | BuyCex->SellDex: -15.15 bps | BuyDex->SellCex: -45.55 bps | Min Required: 10.00
2026-02-17 23:29:00 |INFO  |❌ WETH/USDC ignored: Spread too low.
2026-02-17 23:29:02 |INFO  |pair:WETH/USDC
2026-02-17 23:29:02 |INFO  |Generatiing signal for WETH/USDC...
2026-02-17 23:29:03 |INFO  |WETH/USDC Prices | CEX: 1973.32 | DEX: 1982.3394230327026
2026-02-17 23:29:03 |INFO  |📊 WETH/USDC Spreads | BuyCex->SellDex: -15.15 bps | BuyDex->SellCex: -45.55 bps | Min Required: 10.00
2026-02-17 23:29:03 |INFO  |❌ WETH/USDC ignored: Spread too low.
2026-02-17 23:29:05 |INFO  |pair:WETH/USDC
2026-02-17 23:29:05 |INFO  |Generatiing signal for WETH/USDC...
2026-02-17 23:29:05 |INFO  |WETH/USDC Prices | CEX: 1973.84 | DEX: 1982.3394404791406
2026-02-17 23:29:05 |INFO  |📊 WETH/USDC Spreads | BuyCex->SellDex: -17.78 bps | BuyDex->SellCex: -42.93 bps | Min Required: 10.00
2026-02-17 23:29:05 |INFO  |❌ WETH/USDC ignored: Spread too low.
2026-02-17 23:29:08 |INFO  |pair:WETH/USDC
2026-02-17 23:29:08 |INFO  |Generatiing signal for WETH/USDC...
2026-02-17 23:29:09 |INFO  |WETH/USDC Prices | CEX: 1973.84 | DEX: 1982.3394404791406
2026-02-17 23:29:09 |INFO  |📊 WETH/USDC Spreads | BuyCex->SellDex: -17.78 bps | BuyDex->SellCex: -42.93 bps | Min Required: 10.00
2026-02-17 23:29:09 |INFO  |❌ WETH/USDC ignored: Spread too low.
2026-02-17 23:29:11 |INFO  |pair:WETH/USDC
2026-02-17 23:29:11 |INFO  |Generatiing signal for WETH/USDC...
2026-02-17 23:29:12 |INFO  |WETH/USDC Prices | CEX: 1973.61 | DEX: 1982.339432762447
2026-02-17 23:29:12 |INFO  |📊 WETH/USDC Spreads | BuyCex->SellDex: -16.61 bps | BuyDex->SellCex: -44.09 bps | Min Required: 10.00
2026-02-17 23:29:12 |INFO  |❌ WETH/USDC ignored: Spread too low.
2026-02-17 23:29:14 |INFO  |pair:WETH/USDC
2026-02-17 23:29:14 |INFO  |Generatiing signal for WETH/USDC...
2026-02-17 23:29:14 |INFO  |WETH/USDC Prices | CEX: 1973.45 | DEX: 1982.339427394312
2026-02-17 23:29:14 |INFO  |📊 WETH/USDC Spreads | BuyCex->SellDex: -15.80 bps | BuyDex->SellCex: -44.89 bps | Min Required: 10.00
2026-02-17 23:29:14 |INFO  |❌ WETH/USDC ignored: Spread too low.
2026-02-17 23:29:16 |INFO  |pair:WETH/USDC
2026-02-17 23:29:16 |INFO  |Generatiing signal for WETH/USDC...
2026-02-17 23:29:17 |INFO  |WETH/USDC Prices | CEX: 1973.29 | DEX: 1982.3394220261773
2026-02-17 23:29:17 |INFO  |📊 WETH/USDC Spreads | BuyCex->SellDex: -14.99 bps | BuyDex->SellCex: -45.70 bps | Min Required: 10.00
2026-02-17 23:29:17 |INFO  |❌ WETH/USDC ignored: Spread too low.
2026-02-17 23:29:19 |INFO  |pair:WETH/USDC
2026-02-17 23:29:19 |INFO  |Generatiing signal for WETH/USDC...
2026-02-17 23:29:19 |INFO  |WETH/USDC Prices | CEX: 1973.05 | DEX: 1982.3394139739748
2026-02-17 23:29:19 |INFO  |📊 WETH/USDC Spreads | BuyCex->SellDex: -13.78 bps | BuyDex->SellCex: -46.91 bps | Min Required: 10.00
2026-02-17 23:29:19 |INFO  |❌ WETH/USDC ignored: Spread too low.
2026-02-17 23:29:21 |INFO  |pair:WETH/USDC
2026-02-17 23:29:21 |INFO  |Generatiing signal for WETH/USDC...
2026-02-17 23:29:22 |INFO  |WETH/USDC Prices | CEX: 1972.92 | DEX: 1982.3394096123652
2026-02-17 23:29:22 |INFO  |📊 WETH/USDC Spreads | BuyCex->SellDex: -13.12 bps | BuyDex->SellCex: -47.57 bps | Min Required: 10.00
2026-02-17 23:29:22 |INFO  |❌ WETH/USDC ignored: Spread too low.
2026-02-17 23:29:24 |INFO  |pair:WETH/USDC
2026-02-17 23:29:24 |INFO  |Generatiing signal for WETH/USDC...
2026-02-17 23:29:24 |INFO  |WETH/USDC Prices | CEX: 1972.89 | DEX: 1982.33940860584
2026-02-17 23:29:24 |INFO  |📊 WETH/USDC Spreads | BuyCex->SellDex: -12.97 bps | BuyDex->SellCex: -47.72 bps | Min Required: 10.00
2026-02-17 23:29:24 |INFO  |❌ WETH/USDC ignored: Spread too low.
2026-02-17 23:29:27 |INFO  |pair:WETH/USDC
2026-02-17 23:29:27 |INFO  |Generatiing signal for WETH/USDC...
2026-02-17 23:29:27 |INFO  |WETH/USDC Prices | CEX: 1972.72 | DEX: 1982.3394029021968
2026-02-17 23:29:27 |INFO  |📊 WETH/USDC Spreads | BuyCex->SellDex: -12.11 bps | BuyDex->SellCex: -48.58 bps | Min Required: 10.00
2026-02-17 23:29:27 |INFO  |❌ WETH/USDC ignored: Spread too low.
2026-02-17 23:29:29 |INFO  |pair:WETH/USDC
2026-02-17 23:29:29 |INFO  |Generatiing signal for WETH/USDC...
2026-02-17 23:29:29 |INFO  |WETH/USDC Prices | CEX: 1972.67 | DEX: 1982.3394012246547
2026-02-17 23:29:29 |INFO  |📊 WETH/USDC Spreads | BuyCex->SellDex: -11.85 bps | BuyDex->SellCex: -48.83 bps | Min Required: 10.00
2026-02-17 23:29:29 |INFO  |❌ WETH/USDC ignored: Spread too low.
2026-02-17 23:29:31 |INFO  |pair:WETH/USDC
2026-02-17 23:29:31 |INFO  |Generatiing signal for WETH/USDC...
2026-02-17 23:29:32 |INFO  |WETH/USDC Prices | CEX: 1973.09 | DEX: 1982.339415316009
2026-02-17 23:29:32 |INFO  |📊 WETH/USDC Spreads | BuyCex->SellDex: -13.98 bps | BuyDex->SellCex: -46.71 bps | Min Required: 10.00
2026-02-17 23:29:32 |INFO  |❌ WETH/USDC ignored: Spread too low.
2026-02-17 23:29:34 |INFO  |pair:WETH/USDC
2026-02-17 23:29:34 |INFO  |Generatiing signal for WETH/USDC...
2026-02-17 23:29:34 |INFO  |WETH/USDC Prices | CEX: 1973.44 | DEX: 1982.3394270588035
2026-02-17 23:29:34 |INFO  |📊 WETH/USDC Spreads | BuyCex->SellDex: -15.75 bps | BuyDex->SellCex: -44.94 bps | Min Required: 10.00
2026-02-17 23:29:34 |INFO  |❌ WETH/USDC ignored: Spread too low.
2026-02-17 23:29:36 |INFO  |pair:WETH/USDC
2026-02-17 23:29:36 |INFO  |Generatiing signal for WETH/USDC...
2026-02-17 23:29:36 |INFO  |WETH/USDC Prices | CEX: 1973.44 | DEX: 1982.3394270588035
2026-02-17 23:29:36 |INFO  |📊 WETH/USDC Spreads | BuyCex->SellDex: -15.75 bps | BuyDex->SellCex: -44.94 bps | Min Required: 10.00
2026-02-17 23:29:36 |INFO  |❌ WETH/USDC ignored: Spread too low.
2026-02-17 23:29:38 |INFO  |pair:WETH/USDC
2026-02-17 23:29:38 |INFO  |Generatiing signal for WETH/USDC...
2026-02-17 23:29:39 |INFO  |WETH/USDC Prices | CEX: 1973.76 | DEX: 1982.339437795073
2026-02-17 23:29:39 |INFO  |📊 WETH/USDC Spreads | BuyCex->SellDex: -17.37 bps | BuyDex->SellCex: -43.33 bps | Min Required: 10.00
2026-02-17 23:29:39 |INFO  |❌ WETH/USDC ignored: Spread too low.
2026-02-17 23:29:41 |INFO  |pair:WETH/USDC
2026-02-17 23:29:41 |INFO  |Generatiing signal for WETH/USDC...
2026-02-17 23:29:41 |INFO  |WETH/USDC Prices | CEX: 1973.92 | DEX: 1982.3394431632084
2026-02-17 23:29:41 |INFO  |📊 WETH/USDC Spreads | BuyCex->SellDex: -18.18 bps | BuyDex->SellCex: -42.52 bps | Min Required: 10.00
2026-02-17 23:29:41 |INFO  |❌ WETH/USDC ignored: Spread too low.
2026-02-17 23:29:43 |INFO  |pair:WETH/USDC
2026-02-17 23:29:43 |INFO  |Generatiing signal for WETH/USDC...
2026-02-17 23:29:44 |INFO  |WETH/USDC Prices | CEX: 1973.92 | DEX: 1982.3394431632084
2026-02-17 23:29:44 |INFO  |📊 WETH/USDC Spreads | BuyCex->SellDex: -18.18 bps | BuyDex->SellCex: -42.52 bps | Min Required: 10.00
2026-02-17 23:29:44 |INFO  |❌ WETH/USDC ignored: Spread too low.
2026-02-17 23:29:46 |INFO  |pair:WETH/USDC
2026-02-17 23:29:46 |INFO  |Generatiing signal for WETH/USDC...
2026-02-17 23:29:46 |INFO  |WETH/USDC Prices | CEX: 1973.88 | DEX: 1982.3394418211744
2026-02-17 23:29:46 |INFO  |📊 WETH/USDC Spreads | BuyCex->SellDex: -17.98 bps | BuyDex->SellCex: -42.72 bps | Min Required: 10.00
2026-02-17 23:29:46 |INFO  |❌ WETH/USDC ignored: Spread too low.
2026-02-17 23:29:48 |INFO  |pair:WETH/USDC
2026-02-17 23:29:48 |INFO  |Generatiing signal for WETH/USDC...
2026-02-17 23:29:48 |INFO  |WETH/USDC Prices | CEX: 1973.83 | DEX: 1982.3394401369221
2026-02-17 23:29:48 |INFO  |📊 WETH/USDC Spreads | BuyCex->SellDex: -17.72 bps | BuyDex->SellCex: -42.98 bps | Min Required: 10.00
2026-02-17 23:29:48 |INFO  |❌ WETH/USDC ignored: Spread too low.
2026-02-17 23:29:50 |INFO  |pair:WETH/USDC
2026-02-17 23:29:50 |INFO  |Generatiing signal for WETH/USDC...
2026-02-17 23:29:51 |INFO  |WETH/USDC Prices | CEX: 1973.8 | DEX: 1982.339439137107
2026-02-17 23:29:51 |INFO  |📊 WETH/USDC Spreads | BuyCex->SellDex: -17.57 bps | BuyDex->SellCex: -43.13 bps | Min Required: 10.00
2026-02-17 23:29:51 |INFO  |❌ WETH/USDC ignored: Spread too low.
2026-02-17 23:29:53 |INFO  |pair:WETH/USDC
2026-02-17 23:29:53 |INFO  |Generatiing signal for WETH/USDC...
2026-02-17 23:29:54 |INFO  |WETH/USDC Prices | CEX: 1973.8 | DEX: 1982.339439137107
2026-02-17 23:29:54 |INFO  |📊 WETH/USDC Spreads | BuyCex->SellDex: -17.57 bps | BuyDex->SellCex: -43.13 bps | Min Required: 10.00
2026-02-17 23:29:54 |INFO  |❌ WETH/USDC ignored: Spread too low.
2026-02-17 23:29:57 |INFO  |pair:WETH/USDC
2026-02-17 23:29:57 |INFO  |Generatiing signal for WETH/USDC...
2026-02-17 23:29:58 |INFO  |WETH/USDC Prices | CEX: 1973.84 | DEX: 1982.3394404791406
2026-02-17 23:29:58 |INFO  |📊 WETH/USDC Spreads | BuyCex->SellDex: -17.78 bps | BuyDex->SellCex: -42.93 bps | Min Required: 10.00
2026-02-17 23:29:58 |INFO  |❌ WETH/USDC ignored: Spread too low.
2026-02-17 23:29:59 |INFO  |HEALTH | uptime=865s | last_trade=Nones | cb_open=false | pnl=$0.00 | limit_reached=false
2026-02-17 23:30:00 |INFO  |pair:WETH/USDC
2026-02-17 23:30:00 |INFO  |Generatiing signal for WETH/USDC...
2026-02-17 23:30:00 |INFO  |WETH/USDC Prices | CEX: 1973.45 | DEX: 1982.339427394312
2026-02-17 23:30:00 |INFO  |📊 WETH/USDC Spreads | BuyCex->SellDex: -15.80 bps | BuyDex->SellCex: -44.89 bps | Min Required: 10.00
2026-02-17 23:30:00 |INFO  |❌ WETH/USDC ignored: Spread too low.
2026-02-17 23:30:03 |INFO  |pair:WETH/USDC
2026-02-17 23:30:03 |INFO  |Generatiing signal for WETH/USDC...
2026-02-17 23:30:04 |INFO  |WETH/USDC Prices | CEX: 1973.29 | DEX: 1982.3394220261773
2026-02-17 23:30:04 |INFO  |📊 WETH/USDC Spreads | BuyCex->SellDex: -14.99 bps | BuyDex->SellCex: -45.70 bps | Min Required: 10.00
2026-02-17 23:30:04 |INFO  |❌ WETH/USDC ignored: Spread too low.
2026-02-17 23:30:06 |INFO  |pair:WETH/USDC
2026-02-17 23:30:06 |INFO  |Generatiing signal for WETH/USDC...
2026-02-17 23:30:06 |INFO  |WETH/USDC Prices | CEX: 1972.8 | DEX: 1982.3394055862645
2026-02-17 23:30:06 |INFO  |📊 WETH/USDC Spreads | BuyCex->SellDex: -12.51 bps | BuyDex->SellCex: -48.17 bps | Min Required: 10.00
2026-02-17 23:30:06 |INFO  |❌ WETH/USDC ignored: Spread too low.
2026-02-17 23:30:09 |INFO  |pair:WETH/USDC
2026-02-17 23:30:09 |INFO  |Generatiing signal for WETH/USDC...
2026-02-17 23:30:09 |INFO  |WETH/USDC Prices | CEX: 1971.87 | DEX: 1982.3393743772706
2026-02-17 23:30:09 |INFO  |📊 WETH/USDC Spreads | BuyCex->SellDex: -7.80 bps | BuyDex->SellCex: -52.86 bps | Min Required: 10.00
2026-02-17 23:30:09 |INFO  |❌ WETH/USDC ignored: Spread too low.
2026-02-17 23:30:11 |INFO  |pair:WETH/USDC
2026-02-17 23:30:11 |INFO  |Generatiing signal for WETH/USDC...
2026-02-17 23:30:12 |INFO  |WETH/USDC Prices | CEX: 1972.29 | DEX: 1982.3393881398263
2026-02-17 23:30:12 |INFO  |📊 WETH/USDC Spreads | BuyCex->SellDex: -9.93 bps | BuyDex->SellCex: -50.85 bps | Min Required: 10.00
2026-02-17 23:30:12 |INFO  |❌ WETH/USDC ignored: Spread too low.
2026-02-17 23:30:14 |INFO  |pair:WETH/USDC
2026-02-17 23:30:14 |INFO  |Generatiing signal for WETH/USDC...
2026-02-17 23:30:15 |INFO  |WETH/USDC Prices | CEX: 1971.92 | DEX: 1982.339376061523
2026-02-17 23:30:15 |INFO  |📊 WETH/USDC Spreads | BuyCex->SellDex: -8.06 bps | BuyDex->SellCex: -52.61 bps | Min Required: 10.00
2026-02-17 23:30:15 |INFO  |❌ WETH/USDC ignored: Spread too low.
2026-02-17 23:30:17 |INFO  |pair:WETH/USDC
2026-02-17 23:30:17 |INFO  |Generatiing signal for WETH/USDC...
2026-02-17 23:30:18 |INFO  |WETH/USDC Prices | CEX: 1972.21 | DEX: 1982.3393790810987
2026-02-17 23:30:18 |INFO  |📊 WETH/USDC Spreads | BuyCex->SellDex: -8.51 bps | BuyDex->SellCex: -52.16 bps | Min Required: 10.00
2026-02-17 23:30:18 |INFO  |❌ WETH/USDC ignored: Spread too low.
2026-02-17 23:30:20 |INFO  |pair:WETH/USDC
2026-02-17 23:30:20 |INFO  |Generatiing signal for WETH/USDC...
2026-02-17 23:30:21 |INFO  |WETH/USDC Prices | CEX: 1972.14 | DEX: 1982.339383442708
2026-02-17 23:30:21 |INFO  |📊 WETH/USDC Spreads | BuyCex->SellDex: -9.17 bps | BuyDex->SellCex: -51.50 bps | Min Required: 10.00
2026-02-17 23:30:21 |INFO  |❌ WETH/USDC ignored: Spread too low.
2026-02-17 23:30:23 |INFO  |pair:WETH/USDC
2026-02-17 23:30:23 |INFO  |Generatiing signal for WETH/USDC...
2026-02-17 23:30:23 |INFO  |WETH/USDC Prices | CEX: 1972.12 | DEX: 1982.3393827649813
2026-02-17 23:30:23 |INFO  |📊 WETH/USDC Spreads | BuyCex->SellDex: -9.07 bps | BuyDex->SellCex: -51.60 bps | Min Required: 10.00
2026-02-17 23:30:23 |INFO  |❌ WETH/USDC ignored: Spread too low.
2026-02-17 23:30:25 |INFO  |pair:WETH/USDC
2026-02-17 23:30:25 |INFO  |Generatiing signal for WETH/USDC...
2026-02-17 23:30:26 |INFO  |WETH/USDC Prices | CEX: 1972.21 | DEX: 1982.3393857912672
2026-02-17 23:30:26 |INFO  |📊 WETH/USDC Spreads | BuyCex->SellDex: -9.53 bps | BuyDex->SellCex: -51.15 bps | Min Required: 10.00
2026-02-17 23:30:26 |INFO  |❌ WETH/USDC ignored: Spread too low.
2026-02-17 23:30:28 |INFO  |pair:WETH/USDC
2026-02-17 23:30:28 |INFO  |Generatiing signal for WETH/USDC...
2026-02-17 23:30:28 |INFO  |WETH/USDC Prices | CEX: 1972.29 | DEX: 1982.339388468624
2026-02-17 23:30:28 |INFO  |📊 WETH/USDC Spreads | BuyCex->SellDex: -9.93 bps | BuyDex->SellCex: -50.75 bps | Min Required: 10.00
2026-02-17 23:30:28 |INFO  |❌ WETH/USDC ignored: Spread too low.
2026-02-17 23:30:30 |INFO  |pair:WETH/USDC
2026-02-17 23:30:30 |INFO  |Generatiing signal for WETH/USDC...
2026-02-17 23:30:31 |INFO  |WETH/USDC Prices | CEX: 1971.94 | DEX: 1982.3393767325397
2026-02-17 23:30:31 |INFO  |📊 WETH/USDC Spreads | BuyCex->SellDex: -8.16 bps | BuyDex->SellCex: -52.51 bps | Min Required: 10.00
2026-02-17 23:30:31 |INFO  |❌ WETH/USDC ignored: Spread too low.
2026-02-17 23:30:35 |INFO  |pair:WETH/USDC
2026-02-17 23:30:35 |INFO  |Generatiing signal for WETH/USDC...
2026-02-17 23:30:35 |INFO  |WETH/USDC Prices | CEX: 1971.02 | DEX: 1982.3393458657642
2026-02-17 23:30:35 |INFO  |📊 WETH/USDC Spreads | BuyCex->SellDex: -3.49 bps | BuyDex->SellCex: -57.15 bps | Min Required: 10.00
2026-02-17 23:30:35 |INFO  |❌ WETH/USDC ignored: Spread too low.
2026-02-17 23:30:37 |INFO  |pair:WETH/USDC
2026-02-17 23:30:37 |INFO  |Generatiing signal for WETH/USDC...
2026-02-17 23:30:37 |INFO  |WETH/USDC Prices | CEX: 1971.17 | DEX: 1982.3393508983904
2026-02-17 23:30:37 |INFO  |📊 WETH/USDC Spreads | BuyCex->SellDex: -4.25 bps | BuyDex->SellCex: -56.39 bps | Min Required: 10.00
2026-02-17 23:30:37 |INFO  |❌ WETH/USDC ignored: Spread too low.
2026-02-17 23:30:40 |INFO  |pair:WETH/USDC
2026-02-17 23:30:40 |INFO  |Generatiing signal for WETH/USDC...
2026-02-17 23:30:40 |INFO  |WETH/USDC Prices | CEX: 1971.36 | DEX: 1982.3393572730508
2026-02-17 23:30:40 |INFO  |📊 WETH/USDC Spreads | BuyCex->SellDex: -5.22 bps | BuyDex->SellCex: -55.44 bps | Min Required: 10.00
2026-02-17 23:30:40 |INFO  |❌ WETH/USDC ignored: Spread too low.
2026-02-17 23:30:43 |INFO  |pair:WETH/USDC
2026-02-17 23:30:43 |INFO  |Generatiing signal for WETH/USDC...
2026-02-17 23:30:43 |INFO  |WETH/USDC Prices | CEX: 1971.21 | DEX: 1982.3393522404242
2026-02-17 23:30:43 |INFO  |📊 WETH/USDC Spreads | BuyCex->SellDex: -4.46 bps | BuyDex->SellCex: -56.19 bps | Min Required: 10.00
2026-02-17 23:30:43 |INFO  |❌ WETH/USDC ignored: Spread too low.
2026-02-17 23:30:45 |INFO  |pair:WETH/USDC
2026-02-17 23:30:45 |INFO  |Generatiing signal for WETH/USDC...
2026-02-17 23:30:46 |INFO  |WETH/USDC Prices | CEX: 1971.21 | DEX: 1982.3393522404242
2026-02-17 23:30:46 |INFO  |📊 WETH/USDC Spreads | BuyCex->SellDex: -4.46 bps | BuyDex->SellCex: -56.19 bps | Min Required: 10.00
2026-02-17 23:30:46 |INFO  |❌ WETH/USDC ignored: Spread too low.
2026-02-17 23:30:48 |INFO  |pair:WETH/USDC
2026-02-17 23:30:48 |INFO  |Generatiing signal for WETH/USDC...
2026-02-17 23:30:48 |INFO  |WETH/USDC Prices | CEX: 1971.14 | DEX: 1982.3393498918651
2026-02-17 23:30:48 |INFO  |📊 WETH/USDC Spreads | BuyCex->SellDex: -4.10 bps | BuyDex->SellCex: -56.55 bps | Min Required: 10.00
2026-02-17 23:30:48 |INFO  |❌ WETH/USDC ignored: Spread too low.
2026-02-17 23:30:50 |INFO  |pair:WETH/USDC
2026-02-17 23:30:50 |INFO  |Generatiing signal for WETH/USDC...
2026-02-17 23:30:51 |INFO  |WETH/USDC Prices | CEX: 1971.49 | DEX: 1982.33936163466
2026-02-17 23:30:51 |INFO  |📊 WETH/USDC Spreads | BuyCex->SellDex: -5.88 bps | BuyDex->SellCex: -54.78 bps | Min Required: 10.00
2026-02-17 23:30:51 |INFO  |❌ WETH/USDC ignored: Spread too low.
2026-02-17 23:30:53 |INFO  |pair:WETH/USDC
2026-02-17 23:30:53 |INFO  |Generatiing signal for WETH/USDC...
2026-02-17 23:30:53 |INFO  |WETH/USDC Prices | CEX: 1970.89 | DEX: 1982.3393415041546
2026-02-17 23:30:53 |INFO  |📊 WETH/USDC Spreads | BuyCex->SellDex: -2.83 bps | BuyDex->SellCex: -57.81 bps | Min Required: 10.00
2026-02-17 23:30:53 |INFO  |❌ WETH/USDC ignored: Spread too low.
2026-02-17 23:30:57 |INFO  |pair:WETH/USDC
2026-02-17 23:30:57 |INFO  |Generatiing signal for WETH/USDC...
2026-02-17 23:30:57 |INFO  |WETH/USDC Prices | CEX: 1970.89 | DEX: 1982.3393415041546
2026-02-17 23:30:57 |INFO  |📊 WETH/USDC Spreads | BuyCex->SellDex: -2.83 bps | BuyDex->SellCex: -57.81 bps | Min Required: 10.00
2026-02-17 23:30:57 |INFO  |❌ WETH/USDC ignored: Spread too low.
2026-02-17 23:30:59 |INFO  |pair:WETH/USDC
2026-02-17 23:30:59 |INFO  |Generatiing signal for WETH/USDC...
2026-02-17 23:30:59 |INFO  |WETH/USDC Prices | CEX: 1970.89 | DEX: 1982.3393415041546
2026-02-17 23:30:59 |INFO  |📊 WETH/USDC Spreads | BuyCex->SellDex: -2.83 bps | BuyDex->SellCex: -57.81 bps | Min Required: 10.00
2026-02-17 23:30:59 |INFO  |❌ WETH/USDC ignored: Spread too low.
2026-02-17 23:31:00 |INFO  |HEALTH | uptime=926s | last_trade=Nones | cb_open=false | pnl=$0.00 | limit_reached=false
2026-02-17 23:31:02 |INFO  |pair:WETH/USDC
2026-02-17 23:31:02 |INFO  |Generatiing signal for WETH/USDC...
2026-02-17 23:31:02 |INFO  |WETH/USDC Prices | CEX: 1971.08 | DEX: 1982.3393478721048
2026-02-17 23:31:02 |INFO  |📊 WETH/USDC Spreads | BuyCex->SellDex: -3.80 bps | BuyDex->SellCex: -56.85 bps | Min Required: 10.00
2026-02-17 23:31:02 |INFO  |❌ WETH/USDC ignored: Spread too low.
2026-02-17 23:31:05 |INFO  |pair:WETH/USDC
2026-02-17 23:31:05 |INFO  |Generatiing signal for WETH/USDC...
2026-02-17 23:31:06 |INFO  |WETH/USDC Prices | CEX: 1971.12 | DEX: 1982.3393492208486
2026-02-17 23:31:06 |INFO  |📊 WETH/USDC Spreads | BuyCex->SellDex: -4.00 bps | BuyDex->SellCex: -56.65 bps | Min Required: 10.00
2026-02-17 23:31:06 |INFO  |❌ WETH/USDC ignored: Spread too low.
2026-02-17 23:31:08 |INFO  |pair:WETH/USDC
2026-02-17 23:31:08 |INFO  |Generatiing signal for WETH/USDC...
2026-02-17 23:31:08 |INFO  |WETH/USDC Prices | CEX: 1971.28 | DEX: 1982.3393545889833
2026-02-17 23:31:08 |INFO  |📊 WETH/USDC Spreads | BuyCex->SellDex: -4.81 bps | BuyDex->SellCex: -55.84 bps | Min Required: 10.00
2026-02-17 23:31:08 |INFO  |❌ WETH/USDC ignored: Spread too low.
2026-02-17 23:31:11 |INFO  |pair:WETH/USDC
2026-02-17 23:31:11 |INFO  |Generatiing signal for WETH/USDC...
2026-02-17 23:31:11 |INFO  |WETH/USDC Prices | CEX: 1971.47 | DEX: 1982.3393609636435
2026-02-17 23:31:11 |INFO  |📊 WETH/USDC Spreads | BuyCex->SellDex: -5.78 bps | BuyDex->SellCex: -54.88 bps | Min Required: 10.00
2026-02-17 23:31:11 |INFO  |❌ WETH/USDC ignored: Spread too low.
2026-02-17 23:31:13 |INFO  |pair:WETH/USDC
2026-02-17 23:31:13 |INFO  |Generatiing signal for WETH/USDC...
2026-02-17 23:31:14 |INFO  |WETH/USDC Prices | CEX: 1971.54 | DEX: 1982.3393633054925
2026-02-17 23:31:14 |INFO  |📊 WETH/USDC Spreads | BuyCex->SellDex: -6.13 bps | BuyDex->SellCex: -54.53 bps | Min Required: 10.00
2026-02-17 23:31:14 |INFO  |❌ WETH/USDC ignored: Spread too low.
2026-02-17 23:31:16 |INFO  |pair:WETH/USDC
2026-02-17 23:31:16 |INFO  |Generatiing signal for WETH/USDC...
2026-02-17 23:31:16 |INFO  |WETH/USDC Prices | CEX: 1971.59 | DEX: 1982.3393649897448
2026-02-17 23:31:16 |INFO  |📊 WETH/USDC Spreads | BuyCex->SellDex: -6.38 bps | BuyDex->SellCex: -54.28 bps | Min Required: 10.00
2026-02-17 23:31:16 |INFO  |❌ WETH/USDC ignored: Spread too low.
2026-02-17 23:31:19 |INFO  |pair:WETH/USDC
2026-02-17 23:31:19 |INFO  |Generatiing signal for WETH/USDC...
2026-02-17 23:31:19 |INFO  |WETH/USDC Prices | CEX: 1971.84 | DEX: 1982.339373377455
2026-02-17 23:31:19 |INFO  |📊 WETH/USDC Spreads | BuyCex->SellDex: -7.65 bps | BuyDex->SellCex: -53.02 bps | Min Required: 10.00
2026-02-17 23:31:19 |INFO  |❌ WETH/USDC ignored: Spread too low.
2026-02-17 23:31:21 |INFO  |pair:WETH/USDC
2026-02-17 23:31:21 |INFO  |Generatiing signal for WETH/USDC...
2026-02-17 23:31:21 |INFO  |WETH/USDC Prices | CEX: 1972 | DEX: 1982.3393787455902
2026-02-17 23:31:21 |INFO  |📊 WETH/USDC Spreads | BuyCex->SellDex: -8.46 bps | BuyDex->SellCex: -52.21 bps | Min Required: 10.00
2026-02-17 23:31:21 |INFO  |❌ WETH/USDC ignored: Spread too low.
2026-02-17 23:31:23 |INFO  |pair:WETH/USDC
2026-02-17 23:31:23 |INFO  |Generatiing signal for WETH/USDC...
2026-02-17 23:31:24 |INFO  |WETH/USDC Prices | CEX: 1972.32 | DEX: 1982.3393894818598
2026-02-17 23:31:24 |INFO  |📊 WETH/USDC Spreads | BuyCex->SellDex: -10.08 bps | BuyDex->SellCex: -50.59 bps | Min Required: 10.00
2026-02-17 23:31:24 |INFO  |❌ WETH/USDC ignored: Spread too low.
2026-02-17 23:31:26 |INFO  |pair:WETH/USDC
2026-02-17 23:31:26 |INFO  |Generatiing signal for WETH/USDC...
2026-02-17 23:31:26 |INFO  |WETH/USDC Prices | CEX: 1972.48 | DEX: 1982.3393948499943
2026-02-17 23:31:26 |INFO  |📊 WETH/USDC Spreads | BuyCex->SellDex: -10.89 bps | BuyDex->SellCex: -49.79 bps | Min Required: 10.00
2026-02-17 23:31:26 |INFO  |❌ WETH/USDC ignored: Spread too low.
2026-02-17 23:31:28 |INFO  |pair:WETH/USDC
2026-02-17 23:31:28 |INFO  |Generatiing signal for WETH/USDC...
2026-02-17 23:31:29 |INFO  |WETH/USDC Prices | CEX: 1973.12 | DEX: 1982.339416322534
2026-02-17 23:31:29 |INFO  |📊 WETH/USDC Spreads | BuyCex->SellDex: -14.13 bps | BuyDex->SellCex: -46.56 bps | Min Required: 10.00
2026-02-17 23:31:29 |INFO  |❌ WETH/USDC ignored: Spread too low.
2026-02-17 23:31:31 |INFO  |pair:WETH/USDC
2026-02-17 23:31:31 |INFO  |Generatiing signal for WETH/USDC...
2026-02-17 23:31:31 |INFO  |WETH/USDC Prices | CEX: 1972.89 | DEX: 1982.33940860584
2026-02-17 23:31:31 |INFO  |📊 WETH/USDC Spreads | BuyCex->SellDex: -12.97 bps | BuyDex->SellCex: -47.72 bps | Min Required: 10.00
2026-02-17 23:31:31 |INFO  |❌ WETH/USDC ignored: Spread too low.
2026-02-17 23:31:33 |INFO  |pair:WETH/USDC
2026-02-17 23:31:33 |INFO  |Generatiing signal for WETH/USDC...
2026-02-17 23:31:34 |INFO  |WETH/USDC Prices | CEX: 1972.89 | DEX: 1982.33940860584
2026-02-17 23:31:34 |INFO  |📊 WETH/USDC Spreads | BuyCex->SellDex: -12.97 bps | BuyDex->SellCex: -47.72 bps | Min Required: 10.00
2026-02-17 23:31:34 |INFO  |❌ WETH/USDC ignored: Spread too low.
2026-02-17 23:31:36 |INFO  |pair:WETH/USDC
2026-02-17 23:31:36 |INFO  |Generatiing signal for WETH/USDC...
2026-02-17 23:31:36 |INFO  |WETH/USDC Prices | CEX: 1972.76 | DEX: 1982.3394042442305
2026-02-17 23:31:36 |INFO  |📊 WETH/USDC Spreads | BuyCex->SellDex: -12.31 bps | BuyDex->SellCex: -48.37 bps | Min Required: 10.00
2026-02-17 23:31:36 |INFO  |❌ WETH/USDC ignored: Spread too low.
2026-02-17 23:31:38 |INFO  |pair:WETH/USDC
2026-02-17 23:31:38 |INFO  |Generatiing signal for WETH/USDC...
2026-02-17 23:31:39 |INFO  |WETH/USDC Prices | CEX: 1972.52 | DEX: 1982.3393961920283
2026-02-17 23:31:39 |INFO  |📊 WETH/USDC Spreads | BuyCex->SellDex: -11.10 bps | BuyDex->SellCex: -49.58 bps | Min Required: 10.00
2026-02-17 23:31:39 |INFO  |❌ WETH/USDC ignored: Spread too low.
2026-02-17 23:31:40 |INFO  |pair:WETH/USDC
2026-02-17 23:31:40 |INFO  |Generatiing signal for WETH/USDC...
2026-02-17 23:31:41 |INFO  |WETH/USDC Prices | CEX: 1972.36 | DEX: 1982.3393908238936
2026-02-17 23:31:41 |INFO  |📊 WETH/USDC Spreads | BuyCex->SellDex: -10.29 bps | BuyDex->SellCex: -50.39 bps | Min Required: 10.00
2026-02-17 23:31:41 |INFO  |❌ WETH/USDC ignored: Spread too low.
2026-02-17 23:31:43 |INFO  |pair:WETH/USDC
2026-02-17 23:31:43 |INFO  |Generatiing signal for WETH/USDC...
2026-02-17 23:31:43 |INFO  |WETH/USDC Prices | CEX: 1972.42 | DEX: 1982.3393928369442
2026-02-17 23:31:43 |INFO  |📊 WETH/USDC Spreads | BuyCex->SellDex: -10.59 bps | BuyDex->SellCex: -50.09 bps | Min Required: 10.00
2026-02-17 23:31:43 |INFO  |❌ WETH/USDC ignored: Spread too low.
2026-02-17 23:31:45 |INFO  |pair:WETH/USDC
2026-02-17 23:31:45 |INFO  |Generatiing signal for WETH/USDC...
2026-02-17 23:31:45 |INFO  |WETH/USDC Prices | CEX: 1972.35 | DEX: 1982.339390488385
2026-02-17 23:31:45 |INFO  |📊 WETH/USDC Spreads | BuyCex->SellDex: -10.23 bps | BuyDex->SellCex: -50.44 bps | Min Required: 10.00
2026-02-17 23:31:45 |INFO  |❌ WETH/USDC ignored: Spread too low.
2026-02-17 23:31:47 |INFO  |pair:WETH/USDC
2026-02-17 23:31:47 |INFO  |Generatiing signal for WETH/USDC...
2026-02-17 23:31:48 |INFO  |WETH/USDC Prices | CEX: 1972.35 | DEX: 1982.339390488385
2026-02-17 23:31:48 |INFO  |📊 WETH/USDC Spreads | BuyCex->SellDex: -10.23 bps | BuyDex->SellCex: -50.44 bps | Min Required: 10.00
2026-02-17 23:31:48 |INFO  |❌ WETH/USDC ignored: Spread too low.
2026-02-17 23:31:50 |INFO  |pair:WETH/USDC
2026-02-17 23:31:50 |INFO  |Generatiing signal for WETH/USDC...
2026-02-17 23:31:50 |INFO  |WETH/USDC Prices | CEX: 1972.35 | DEX: 1982.339390488385
2026-02-17 23:31:50 |INFO  |📊 WETH/USDC Spreads | BuyCex->SellDex: -10.23 bps | BuyDex->SellCex: -50.44 bps | Min Required: 10.00
2026-02-17 23:31:50 |INFO  |❌ WETH/USDC ignored: Spread too low.
2026-02-17 23:31:52 |INFO  |pair:WETH/USDC
2026-02-17 23:31:52 |INFO  |Generatiing signal for WETH/USDC...
2026-02-17 23:31:52 |INFO  |WETH/USDC Prices | CEX: 1972.35 | DEX: 1982.339390488385
2026-02-17 23:31:52 |INFO  |📊 WETH/USDC Spreads | BuyCex->SellDex: -10.23 bps | BuyDex->SellCex: -50.44 bps | Min Required: 10.00
2026-02-17 23:31:52 |INFO  |❌ WETH/USDC ignored: Spread too low.
2026-02-17 23:31:54 |INFO  |pair:WETH/USDC
2026-02-17 23:31:54 |INFO  |Generatiing signal for WETH/USDC...
2026-02-17 23:31:55 |INFO  |WETH/USDC Prices | CEX: 1972.35 | DEX: 1982.339390488385
2026-02-17 23:31:55 |INFO  |📊 WETH/USDC Spreads | BuyCex->SellDex: -10.23 bps | BuyDex->SellCex: -50.44 bps | Min Required: 10.00
2026-02-17 23:31:55 |INFO  |❌ WETH/USDC ignored: Spread too low.
2026-02-17 23:31:57 |INFO  |pair:WETH/USDC
2026-02-17 23:31:57 |INFO  |Generatiing signal for WETH/USDC...
2026-02-17 23:31:57 |INFO  |WETH/USDC Prices | CEX: 1972.6 | DEX: 1982.3393988693851
2026-02-17 23:31:57 |INFO  |📊 WETH/USDC Spreads | BuyCex->SellDex: -11.50 bps | BuyDex->SellCex: -49.18 bps | Min Required: 10.00
2026-02-17 23:31:57 |INFO  |❌ WETH/USDC ignored: Spread too low.
2026-02-17 23:31:59 |INFO  |pair:WETH/USDC
2026-02-17 23:31:59 |INFO  |Generatiing signal for WETH/USDC...
2026-02-17 23:31:59 |INFO  |WETH/USDC Prices | CEX: 1972.49 | DEX: 1982.3393951855032
2026-02-17 23:31:59 |INFO  |📊 WETH/USDC Spreads | BuyCex->SellDex: -10.94 bps | BuyDex->SellCex: -49.74 bps | Min Required: 10.00
2026-02-17 23:31:59 |INFO  |❌ WETH/USDC ignored: Spread too low.
2026-02-17 23:32:00 |INFO  |HEALTH | uptime=986s | last_trade=Nones | cb_open=false | pnl=$0.00 | limit_reached=false
2026-02-17 23:32:21 |INFO  |pair:WETH/USDC
2026-02-17 23:32:21 |INFO  |Generatiing signal for WETH/USDC...
2026-02-17 23:32:02 |INFO  |WETH/USDC Prices | CEX: 1972.68 | DEX: 1982.3394015601637
2026-02-17 23:32:02 |INFO  |📊 WETH/USDC Spreads | BuyCex->SellDex: -11.91 bps | BuyDex->SellCex: -48.78 bps | Min Required: 10.00
2026-02-17 23:32:02 |INFO  |❌ WETH/USDC ignored: Spread too low.
2026-02-17 23:32:04 |INFO  |pair:WETH/USDC
2026-02-17 23:32:04 |INFO  |Generatiing signal for WETH/USDC...
2026-02-17 23:32:05 |INFO  |WETH/USDC Prices | CEX: 1972.68 | DEX: 1982.3394015601637
2026-02-17 23:32:05 |INFO  |📊 WETH/USDC Spreads | BuyCex->SellDex: -11.91 bps | BuyDex->SellCex: -48.78 bps | Min Required: 10.00
2026-02-17 23:32:05 |INFO  |❌ WETH/USDC ignored: Spread too low.
2026-02-17 23:32:07 |INFO  |pair:WETH/USDC
2026-02-17 23:32:07 |INFO  |Generatiing signal for WETH/USDC...
2026-02-17 23:32:07 |INFO  |WETH/USDC Prices | CEX: 1972.68 | DEX: 1982.3394015601637
2026-02-17 23:32:07 |INFO  |📊 WETH/USDC Spreads | BuyCex->SellDex: -11.91 bps | BuyDex->SellCex: -48.78 bps | Min Required: 10.00
2026-02-17 23:32:07 |INFO  |❌ WETH/USDC ignored: Spread too low.
2026-02-17 23:32:09 |INFO  |pair:WETH/USDC
2026-02-17 23:32:09 |INFO  |Generatiing signal for WETH/USDC...
2026-02-17 23:32:10 |INFO  |WETH/USDC Prices | CEX: 1972.68 | DEX: 1982.3394015601637
2026-02-17 23:32:10 |INFO  |📊 WETH/USDC Spreads | BuyCex->SellDex: -11.91 bps | BuyDex->SellCex: -48.78 bps | Min Required: 10.00
2026-02-17 23:32:10 |INFO  |❌ WETH/USDC ignored: Spread too low.
2026-02-17 23:32:12 |INFO  |pair:WETH/USDC
2026-02-17 23:32:12 |INFO  |Generatiing signal for WETH/USDC...
2026-02-17 23:32:12 |INFO  |WETH/USDC Prices | CEX: 1972.33 | DEX: 1982.3393898173683
2026-02-17 23:32:12 |INFO  |📊 WETH/USDC Spreads | BuyCex->SellDex: -10.13 bps | BuyDex->SellCex: -50.54 bps | Min Required: 10.00
2026-02-17 23:32:12 |INFO  |❌ WETH/USDC ignored: Spread too low.
2026-02-17 23:32:14 |INFO  |pair:WETH/USDC
2026-02-17 23:32:14 |INFO  |Generatiing signal for WETH/USDC...
2026-02-17 23:32:14 |INFO  |WETH/USDC Prices | CEX: 1972.17 | DEX: 1982.3393844492336
2026-02-17 23:32:14 |INFO  |📊 WETH/USDC Spreads | BuyCex->SellDex: -9.32 bps | BuyDex->SellCex: -51.35 bps | Min Required: 10.00
2026-02-17 23:32:14 |INFO  |❌ WETH/USDC ignored: Spread too low.
